#This is a CSV file containing the average TPL, TPU, and Cost values for the QU algorithm with FC path compression.
#The data was generated for n = 1000 and delta = 2.
N,Average TPL,Average TPU
2,2.000000,0.000000
4,4.050000,0.050000
6,6.100000,0.100000
8,8.150000,0.150000
10,10.150000,0.150000
12,12.150000,0.150000
14,14.200000,0.200000
16,16.250000,0.250000
18,18.350000,0.350000
20,20.600000,0.600000
22,22.750000,0.750000
24,24.750000,0.750000
26,27.000000,1.000000
28,29.150000,1.150000
30,31.300000,1.300000
32,33.350000,1.350000
34,35.350000,1.350000
36,37.500000,1.500000
38,39.600000,1.600000
40,41.700000,1.700000
42,43.750000,1.750000
44,46.050000,2.050000
46,48.150000,2.150000
48,50.200000,2.200000
50,52.450000,2.450000
52,54.700000,2.700000
54,56.850000,2.850000
56,59.100000,3.100000
58,61.300000,3.300000
60,63.450000,3.450000
62,65.500000,3.500000
64,67.850000,3.850000
66,70.200000,4.200000
68,72.450000,4.450000
70,74.800000,4.800000
72,77.050000,5.050000
74,79.250000,5.250000
76,81.450000,5.450000
78,83.950000,5.950000
80,86.150000,6.150000
82,88.450000,6.450000
84,91.000000,7.000000
86,92.900000,6.900000
88,95.400000,7.400000
90,98.100000,8.100000
92,100.500000,8.500000
94,102.850000,8.850000
96,105.450000,9.450000
98,107.850000,9.850000
100,110.150000,10.150000
102,112.700000,10.700000
104,115.500000,11.500000
106,118.200000,12.200000
108,120.500000,12.500000
110,122.800000,12.800000
112,125.250000,13.250000
114,127.850000,13.850000
116,130.350000,14.350000
118,133.050000,15.050000
120,135.700000,15.700000
122,138.450000,16.450000
124,141.100000,17.100000
126,143.700000,17.700000
128,146.450000,18.450000
130,148.750000,18.750000
132,151.100000,19.100000
134,153.850000,19.850000
136,156.450000,20.450000
138,158.950000,20.950000
140,161.700000,21.700000
142,164.400000,22.400000
144,166.950000,22.950000
146,169.950000,23.950000
148,172.250000,24.250000
150,175.650000,25.650000
152,178.550000,26.550000
154,181.250000,27.250000
156,183.900000,27.900000
158,186.950000,28.950000
160,189.650000,29.650000
162,192.600000,30.600000
164,195.400000,31.400000
166,198.100000,32.100000
168,201.050000,33.050000
170,203.700000,33.700000
172,206.750000,34.750000
174,209.800000,35.800000
176,212.900000,36.900000
178,215.800000,37.800000
180,218.850000,38.850000
182,221.800000,39.800000
184,224.500000,40.500000
186,226.850000,40.850000
188,229.400000,41.400000
190,232.400000,42.400000
192,235.350000,43.350000
194,238.550000,44.550000
196,240.950000,44.950000
198,244.000000,46.000000
200,247.300000,47.300000
202,250.300000,48.300000
204,253.050000,49.050000
206,255.850000,49.850000
208,259.400000,51.400000
210,262.400000,52.400000
212,265.450000,53.450000
214,268.650000,54.650000
216,271.350000,55.350000
218,274.300000,56.300000
220,277.550000,57.550000
222,281.150000,59.150000
224,284.250000,60.250000
226,287.000000,61.000000
228,291.350000,63.350000
230,294.950000,64.950000
232,298.100000,66.100000
234,301.600000,67.600000
236,304.850000,68.850000
238,308.350000,70.350000
240,311.550000,71.550000
242,315.850000,73.850000
244,319.900000,75.900000
246,323.500000,77.500000
248,326.950000,78.950000
250,331.000000,81.000000
252,335.550000,83.550000
254,338.100000,84.100000
256,342.100000,86.100000
258,346.450000,88.450000
260,350.900000,90.900000
262,354.100000,92.100000
264,357.950000,93.950000
266,361.300000,95.300000
268,365.250000,97.250000
270,368.700000,98.700000
272,371.800000,99.800000
274,374.850000,100.850000
276,377.850000,101.850000
278,380.300000,102.300000
280,382.600000,102.600000
282,386.550000,104.550000
284,389.800000,105.800000
286,393.650000,107.650000
288,397.550000,109.550000
290,402.200000,112.200000
292,406.350000,114.350000
294,409.350000,115.350000
296,414.100000,118.100000
298,418.550000,120.550000
300,422.700000,122.700000
302,426.500000,124.500000
304,430.000000,126.000000
306,433.400000,127.400000
308,437.150000,129.150000
310,442.550000,132.550000
312,447.500000,135.500000
314,451.450000,137.450000
316,455.550000,139.550000
318,460.500000,142.500000
320,463.100000,143.100000
322,468.200000,146.200000
324,474.050000,150.050000
326,477.450000,151.450000
328,481.450000,153.450000
330,485.550000,155.550000
332,488.550000,156.550000
334,492.050000,158.050000
336,496.550000,160.550000
338,499.750000,161.750000
340,504.850000,164.850000
342,508.700000,166.700000
344,514.700000,170.700000
346,519.900000,173.900000
348,524.350000,176.350000
350,527.450000,177.450000
352,532.050000,180.050000
354,535.950000,181.950000
356,541.750000,185.750000
358,548.300000,190.400000
360,554.700000,194.800000
362,557.650000,195.750000
364,562.900000,199.000000
366,565.200000,199.300000
368,570.900000,203.000000
370,574.900000,205.000000
372,580.150000,208.250000
374,585.050000,211.150000
376,591.150000,215.250000
378,597.500000,219.600000
380,603.300000,223.400000
382,607.700000,225.800000
384,612.300000,228.400000
386,615.050000,229.150000
388,617.900000,230.000000
390,622.500000,232.600000
392,627.100000,235.200000
394,632.650000,238.750000
396,639.650000,243.750000
398,645.450000,247.550000
400,646.500000,246.600000
402,654.000000,252.100000
404,660.550000,256.650000
406,665.350000,259.450000
408,669.950000,262.050000
410,671.600000,261.700000
412,673.000000,261.100000
414,677.100000,263.200000
416,689.000000,273.100000
418,697.150000,279.250000
420,703.350000,283.450000
422,709.700000,287.800000
424,716.700000,292.800000
426,730.250000,304.350000
428,735.350000,307.450000
430,743.750000,313.850000
432,749.550000,317.650000
434,757.750000,323.850000
436,766.650000,330.750000
438,770.650000,332.800000
440,776.500000,336.650000
442,780.900000,339.050000
444,787.300000,343.450000
446,797.450000,351.600000
448,806.750000,358.900000
450,811.850000,362.000000
452,818.650000,366.800000
454,828.350000,374.500000
456,827.050000,371.200000
458,836.050000,378.200000
460,841.900000,382.050000
462,852.500000,390.650000
464,864.950000,401.100000
466,866.850000,401.050000
468,878.700000,410.900000
470,881.600000,411.800000
472,883.600000,411.850000
474,882.000000,408.250000
476,883.700000,407.950000
478,891.650000,413.950000
480,901.550000,421.950000
482,903.850000,422.250000
484,915.000000,431.450000
486,919.650000,434.200000
488,926.250000,438.900000
490,941.050000,451.700000
492,955.800000,464.450000
494,957.750000,464.450000
496,964.650000,469.350000
498,970.600000,473.300000
500,994.650000,495.350000
502,1002.800000,501.500000
504,1027.700000,524.450000
506,1028.250000,523.000000
508,1043.500000,536.250000
510,1048.450000,539.250000
512,1072.250000,561.050000
514,1057.450000,544.350000
516,1083.950000,568.850000
518,1096.950000,579.850000
520,1111.900000,592.800000
522,1102.900000,581.850000
524,1101.850000,578.800000
526,1140.950000,616.000000
528,1166.050000,639.100000
530,1170.600000,641.650000
532,1182.450000,651.500000
534,1196.150000,663.300000
536,1208.150000,673.400000
538,1221.200000,684.500000
540,1250.050000,711.450000
542,1262.850000,722.300000
544,1263.250000,720.750000
546,1278.950000,734.500000
548,1302.450000,756.000000
550,1321.100000,772.800000
552,1305.050000,754.850000
554,1306.200000,754.150000
556,1301.400000,747.400000
558,1289.200000,733.400000
560,1322.950000,765.150000
562,1357.400000,797.700000
564,1366.200000,804.650000
566,1411.000000,847.500000
568,1417.050000,851.550000
570,1450.800000,883.350000
572,1475.200000,905.750000
574,1489.000000,917.650000
576,1520.000000,946.650000
578,1546.850000,971.550000
580,1603.000000,1025.800000
582,1601.900000,1022.800000
584,1602.900000,1021.800000
586,1616.200000,1033.250000
588,1584.100000,999.550000
590,1651.500000,1065.000000
592,1643.850000,1055.450000
594,1657.700000,1067.400000
596,1696.300000,1104.250000
598,1662.850000,1069.000000
600,1727.350000,1131.700000
602,1722.950000,1125.450000
604,1781.600000,1182.250000
606,1759.300000,1158.100000
608,1803.000000,1200.000000
610,1791.550000,1186.700000
612,1735.850000,1129.300000
614,1737.050000,1128.700000
616,1730.950000,1121.100000
618,1766.500000,1155.050000
620,1795.600000,1182.300000
622,1829.400000,1214.250000
624,1844.950000,1228.000000
626,1811.600000,1193.000000
628,1840.550000,1220.300000
630,1860.350000,1238.300000
632,1940.750000,1316.850000
634,1910.200000,1284.450000
636,1887.950000,1260.500000
638,1869.150000,1240.150000
640,1959.500000,1328.600000
642,1948.800000,1316.300000
644,2023.150000,1388.900000
646,1959.100000,1323.200000
648,2024.350000,1386.750000
650,2053.700000,1414.500000
652,2156.600000,1515.650000
654,2030.550000,1388.150000
656,2125.300000,1481.150000
658,2129.400000,1483.500000
660,2058.900000,1411.450000
662,2110.450000,1461.500000
664,2158.000000,1507.350000
666,2101.450000,1449.150000
668,2246.600000,1592.550000
670,2283.800000,1628.000000
672,2280.450000,1622.950000
674,2157.600000,1498.450000
676,2171.250000,1510.500000
678,2322.250000,1659.900000
680,2207.300000,1543.500000
682,2357.750000,1692.100000
684,2230.650000,1563.450000
686,2318.050000,1649.150000
688,2201.700000,1531.250000
690,2234.450000,1562.450000
692,2221.950000,1548.350000
694,2206.900000,1531.950000
696,2264.350000,1587.950000
698,2162.100000,1484.000000
700,2158.100000,1478.800000
702,2130.700000,1449.900000
704,2315.150000,1632.900000
706,2367.000000,1683.150000
708,2324.250000,1639.050000
710,2480.300000,1793.350000
712,2472.650000,1784.200000
714,2560.450000,1870.350000
716,2555.950000,1864.350000
718,2503.250000,1810.200000
720,2450.600000,1756.150000
722,2446.050000,1750.150000
724,2432.100000,1734.750000
726,2417.700000,1719.000000
728,2492.350000,1792.150000
730,2504.500000,1803.150000
732,2449.850000,1747.100000
734,2449.400000,1745.150000
736,2469.550000,1763.600000
738,2462.150000,1754.600000
740,2391.700000,1682.750000
742,2678.750000,1968.450000
744,2564.250000,1852.750000
746,2389.150000,1676.350000
748,2438.900000,1724.800000
750,2370.250000,1654.950000
752,2479.100000,1762.500000
754,2427.950000,1710.000000
756,2461.650000,1742.600000
758,2424.650000,1704.500000
760,2449.800000,1728.300000
762,2445.550000,1723.100000
764,2491.900000,1768.100000
766,2559.850000,1834.700000
768,2575.850000,1849.400000
770,2527.550000,1799.900000
772,2509.400000,1780.700000
774,2493.600000,1763.700000
776,2601.900000,1870.700000
778,2585.600000,1853.000000
780,2655.700000,1922.000000
782,2657.450000,1922.850000
784,2536.150000,1800.350000
786,2571.450000,1834.500000
788,2545.850000,1807.550000
790,2482.450000,1743.100000
792,2537.550000,1796.950000
794,2696.300000,1954.450000
796,2861.350000,2118.050000
798,2670.500000,1926.100000
800,2680.150000,1934.600000
802,2740.600000,1993.500000
804,2668.100000,1919.700000
806,2598.650000,1849.300000
808,2560.350000,1810.050000
810,2613.000000,1861.700000
812,2696.000000,1943.450000
814,2868.600000,2114.500000
816,2782.250000,2026.650000
818,2705.600000,1948.850000
820,2723.850000,1966.150000
822,2673.050000,1914.350000
824,2493.150000,1733.350000
826,2576.200000,1815.450000
828,2601.400000,1839.450000
830,2611.600000,1848.700000
832,2572.600000,1808.550000
834,2555.500000,1790.350000
836,2693.700000,1927.400000
838,2654.350000,1887.000000
840,2684.500000,1916.250000
842,2663.200000,1893.700000
844,2633.700000,1863.100000
846,2667.450000,1895.700000
848,2707.900000,1935.200000
850,2646.500000,1872.900000
852,2585.200000,1810.700000
854,2483.500000,1708.250000
856,2616.800000,1840.550000
858,2782.800000,2005.400000
860,2723.900000,1945.450000
862,2774.500000,1994.950000
864,2903.400000,2122.750000
866,2862.050000,2080.300000
868,2818.600000,2035.800000
870,2738.950000,1955.050000
872,2654.700000,1869.900000
874,2866.100000,2080.000000
876,2992.750000,2205.600000
878,2903.050000,2114.750000
880,2921.300000,2131.850000
882,2777.600000,1987.300000
884,2764.250000,1972.950000
886,2603.100000,1810.900000
888,2664.250000,1871.150000
890,2666.950000,1873.100000
892,2937.450000,2142.350000
894,2777.150000,1981.050000
896,2780.850000,1983.750000
898,2665.950000,1868.100000
900,2739.750000,1941.050000
902,2762.700000,1963.250000
904,2771.650000,1971.300000
906,2824.700000,2023.300000
908,2587.350000,1785.250000
910,2797.600000,1994.550000
912,2834.300000,2030.100000
914,2684.150000,1879.050000
916,2853.650000,2047.500000
918,2823.450000,2016.550000
920,2780.950000,1973.150000
922,2716.300000,1907.750000
924,2778.900000,1969.500000
926,2691.050000,1880.850000
928,2717.450000,1906.350000
930,2610.250000,1798.350000
932,2747.750000,1935.100000
934,2833.650000,2020.100000
936,2539.450000,1725.350000
938,2674.350000,1859.350000
940,2659.650000,1843.950000
942,2628.450000,1811.850000
944,2666.050000,1848.600000
946,2717.500000,1899.300000
948,2659.350000,1840.300000
950,2653.100000,1833.550000
952,2709.600000,1889.400000
954,2624.350000,1803.450000
956,2661.900000,1839.950000
958,2751.650000,1928.950000
960,2664.700000,1841.500000
962,2609.650000,1785.750000
964,2611.800000,1787.050000
966,2588.550000,1763.150000
968,2828.300000,2002.000000
970,2817.200000,1990.250000
972,2876.550000,2048.400000
974,2635.300000,1806.550000
976,2823.200000,1993.500000
978,2663.100000,1832.550000
980,2923.100000,2091.550000
982,2755.500000,1923.100000
984,2799.150000,1966.000000
986,2711.850000,1877.950000
988,2692.900000,1858.250000
990,2684.100000,1848.700000
992,2804.850000,1968.700000
994,2741.500000,1904.600000
996,2678.600000,1841.100000
998,2682.050000,1844.000000
1000,2746.600000,1907.800000
1002,2663.950000,1824.200000
1004,2794.900000,1954.350000
1006,2814.350000,1973.050000
1008,2757.200000,1915.250000
1010,2793.050000,1950.350000
1012,2929.450000,2086.000000
1014,2860.200000,2015.700000
1016,2803.300000,1958.150000
1018,2796.300000,1950.350000
1020,2885.700000,2038.900000
1022,2906.400000,2058.950000
1024,2821.750000,1973.800000
1026,2749.850000,1901.500000
1028,2787.600000,1938.400000
1030,2804.900000,1955.050000
1032,2915.300000,2064.800000
1034,2831.650000,1980.550000
1036,2841.000000,1989.200000
1038,2938.300000,2085.750000
1040,3017.200000,2163.650000
1042,2820.550000,1966.600000
1044,2680.200000,1826.000000
1046,2860.350000,2005.200000
1048,2864.800000,2009.100000
1050,2869.050000,2012.800000
1052,2851.800000,1995.250000
1054,2777.450000,1920.300000
1056,2713.600000,1855.900000
1058,2749.850000,1891.500000
1060,2746.300000,1887.350000
1062,2675.200000,1815.650000
1064,2762.800000,1902.650000
1066,2823.200000,1962.350000
1068,2886.850000,2025.300000
1070,2717.050000,1854.850000
1072,2723.150000,1860.400000
1074,2729.350000,1866.000000
1076,2619.600000,1755.750000
1078,2776.600000,1912.150000
1080,2867.050000,2001.950000
1082,2738.650000,1873.050000
1084,2826.250000,1960.000000
1086,2738.800000,1871.950000
1088,2675.000000,1807.600000
1090,2636.650000,1768.800000
1092,2598.200000,1729.900000
1094,2822.800000,1953.700000
1096,2810.900000,1941.150000
1098,2792.650000,1922.450000
1100,2780.950000,1910.200000
1102,2801.050000,1929.600000
1104,2817.250000,1945.200000
1106,2741.100000,1868.400000
1108,2607.500000,1734.350000
1110,2701.300000,1827.700000
1112,2604.100000,1730.000000
1114,2652.300000,1777.550000
1116,2667.750000,1792.350000
1118,2669.750000,1793.700000
1120,2690.950000,1814.500000
1122,2730.450000,1853.350000
1124,2826.100000,1948.450000
1126,2814.600000,1936.300000
1128,2720.700000,1841.800000
1130,2721.950000,1842.550000
1132,2703.300000,1823.200000
1134,2878.600000,1997.800000
1136,2702.750000,1821.350000
1138,2796.350000,1914.400000
1140,2686.900000,1804.600000
1142,2620.550000,1737.750000
1144,2741.800000,1858.500000
1146,2773.400000,1889.600000
1148,2851.750000,1967.400000
1150,2833.000000,1948.150000
1152,2780.450000,1895.050000
1154,2657.800000,1772.050000
1156,2786.050000,1899.800000
1158,2756.550000,1869.850000
1160,2801.800000,1914.650000
1162,2730.700000,1843.100000
1164,2774.150000,1885.950000
1166,2816.300000,1927.500000
1168,2796.600000,1907.150000
1170,2729.950000,1840.100000
1172,2778.100000,1887.700000
1174,2725.950000,1835.100000
1176,2623.700000,1732.650000
1178,2719.550000,1828.050000
1180,2698.350000,1806.500000
1182,2695.850000,1803.500000
1184,2657.150000,1764.400000
1186,2609.100000,1715.900000
1188,2598.100000,1704.550000
1190,2692.000000,1798.000000
1192,2705.000000,1810.550000
1194,2690.350000,1795.450000
1196,2609.700000,1714.550000
1198,2553.000000,1657.600000
1200,2545.900000,1650.000000
1202,2605.950000,1709.500000
1204,2827.750000,1930.700000
1206,2648.300000,1750.650000
1208,2667.450000,1769.350000
1210,2740.250000,1841.600000
1212,2605.500000,1706.650000
1214,2564.200000,1665.050000
1216,2658.900000,1759.150000
1218,2597.450000,1697.350000
1220,2672.700000,1772.150000
1222,2791.900000,1890.850000
1224,2650.950000,1749.550000
1226,2633.150000,1731.450000
1228,2536.100000,1634.050000
1230,2655.900000,1753.300000
1232,2643.450000,1740.500000
1234,2695.350000,1791.900000
1236,2676.800000,1773.000000
1238,2736.450000,1832.100000
1240,2585.700000,1681.150000
1242,2608.350000,1703.200000
1244,2535.900000,1630.500000
1246,2583.850000,1678.000000
1248,2500.900000,1594.700000
1250,2477.850000,1571.350000
1252,2479.100000,1572.400000
1254,2546.800000,1639.750000
1256,2504.100000,1596.650000
1258,2588.000000,1680.000000
1260,2611.450000,1702.950000
1262,2625.950000,1717.150000
1264,2540.150000,1631.050000
1266,2581.250000,1671.900000
1268,2530.750000,1621.150000
1270,2572.150000,1662.100000
1272,2530.500000,1620.300000
1274,2590.950000,1680.400000
1276,2648.800000,1737.750000
1278,2600.150000,1688.800000
1280,2561.300000,1649.500000
1282,2539.550000,1627.400000
1284,2492.900000,1580.550000
1286,2568.050000,1655.100000
1288,2721.350000,1807.850000
1290,2761.450000,1847.550000
1292,2610.350000,1696.200000
1294,2608.500000,1694.000000
1296,2629.750000,1714.850000
1298,2609.950000,1694.500000
1300,2809.500000,1893.300000
1302,2709.050000,1792.550000
1304,2782.000000,1865.050000
1306,2742.900000,1825.550000
1308,2655.450000,1737.800000
1310,2694.900000,1776.850000
1312,2633.950000,1715.600000
1314,2724.900000,1806.250000
1316,2565.900000,1646.800000
1318,2451.550000,1532.300000
1320,2476.650000,1557.050000
1322,2676.450000,1756.400000
1324,2578.800000,1658.450000
1326,2669.400000,1748.550000
1328,2597.300000,1676.150000
1330,2554.500000,1633.100000
1332,2497.100000,1575.550000
1334,2602.450000,1680.300000
1336,2674.950000,1752.500000
1338,2585.300000,1662.700000
1340,2662.950000,1740.150000
1342,2643.500000,1720.350000
1344,2576.900000,1653.350000
1346,2456.850000,1533.200000
1348,2516.100000,1592.200000
1350,2470.000000,1546.000000
1352,2454.200000,1529.950000
1354,2536.350000,1611.650000
1356,2562.750000,1637.600000
1358,2508.000000,1582.600000
1360,2513.400000,1587.700000
1362,2526.300000,1600.150000
1364,2614.650000,1688.100000
1366,2540.200000,1613.300000
1368,2503.600000,1576.550000
1370,2543.350000,1616.000000
1372,2483.800000,1556.250000
1374,2437.800000,1510.000000
1376,2446.200000,1518.300000
1378,2478.300000,1550.050000
1380,2502.250000,1573.800000
1382,2480.950000,1552.350000
1384,2634.150000,1705.050000
1386,2480.700000,1551.500000
1388,2483.500000,1554.100000
1390,2443.350000,1513.600000
1392,2450.500000,1520.500000
1394,2637.400000,1707.050000
1396,2512.900000,1582.350000
1398,2522.250000,1591.500000
1400,2471.300000,1540.400000
1402,2469.600000,1538.350000
1404,2612.400000,1680.600000
1406,2500.700000,1568.800000
1408,2497.450000,1565.150000
1410,2512.650000,1579.950000
1412,2525.100000,1592.150000
1414,2695.350000,1762.000000
1416,2595.100000,1661.500000
1418,2478.550000,1544.800000
1420,2568.450000,1634.400000
1422,2477.950000,1543.750000
1424,2484.800000,1550.400000
1426,2472.750000,1538.100000
1428,2411.850000,1476.900000
1430,2445.600000,1510.300000
1432,2466.650000,1531.050000
1434,2438.400000,1502.500000
1436,2428.500000,1492.350000
1438,2449.600000,1513.150000
1440,2406.400000,1469.750000
1442,2510.850000,1573.850000
1444,2548.300000,1610.850000
1446,2649.550000,1711.700000
1448,2578.800000,1640.800000
1450,2393.400000,1455.350000
1452,2484.400000,1546.000000
1454,2492.800000,1554.200000
1456,2581.100000,1642.250000
1458,2571.650000,1632.600000
1460,2554.700000,1615.200000
1462,2536.500000,1596.750000
1464,2432.100000,1492.100000
1466,2373.450000,1433.350000
1468,2351.100000,1410.900000
1470,2399.650000,1459.300000
1472,2443.150000,1502.550000
1474,2418.500000,1477.800000
1476,2377.550000,1436.700000
1478,2493.850000,1552.550000
1480,2668.600000,1726.900000
1482,2687.800000,1745.800000
1484,2681.950000,1739.600000
1486,2565.950000,1623.400000
1488,2542.950000,1600.050000
1490,2417.600000,1474.500000
1492,2395.750000,1452.400000
1494,2425.600000,1481.950000
1496,2419.450000,1475.450000
1498,2498.300000,1554.050000
1500,2440.000000,1495.700000
1502,2436.600000,1491.900000
1504,2479.850000,1534.850000
1506,2413.800000,1468.700000
1508,2432.100000,1486.800000
1510,2393.000000,1447.500000
1512,2432.500000,1486.800000
1514,2575.200000,1629.150000
1516,2604.400000,1658.100000
1518,2520.600000,1574.000000
1520,2501.350000,1554.500000
1522,2468.800000,1521.600000
1524,2414.550000,1467.050000
1526,2418.350000,1470.750000
1528,2441.400000,1493.450000
1530,2515.250000,1567.050000
1532,2430.400000,1482.050000
1534,2451.000000,1502.500000
1536,2538.300000,1589.550000
1538,2454.650000,1505.650000
1540,2494.850000,1545.650000
1542,2464.500000,1515.050000
1544,2467.450000,1517.850000
1546,2479.150000,1529.350000
1548,2426.850000,1476.900000
1550,2527.550000,1577.250000
1552,2410.450000,1460.000000
1554,2440.450000,1489.800000
1556,2364.350000,1413.600000
1558,2360.050000,1409.050000
1560,2302.500000,1351.450000
1562,2401.150000,1449.900000
1564,2461.800000,1510.300000
1566,2436.200000,1484.600000
1568,2339.050000,1387.250000
1570,2311.900000,1359.900000
1572,2277.400000,1325.350000
1574,2290.800000,1338.600000
1576,2343.200000,1390.800000
1578,2309.700000,1357.100000
1580,2342.650000,1389.850000
1582,2348.600000,1395.700000
1584,2328.700000,1375.750000
1586,2284.550000,1331.600000
1588,2282.600000,1329.400000
1590,2425.600000,1472.150000
1592,2429.100000,1475.400000
1594,2384.700000,1430.850000
1596,2370.800000,1416.900000
1598,2319.850000,1365.700000
1600,2279.600000,1325.350000
1602,2330.700000,1376.150000
1604,2287.250000,1332.550000
1606,2306.000000,1350.950000
1608,2294.650000,1339.550000
1610,2329.650000,1374.250000
1612,2368.650000,1413.100000
1614,2402.300000,1446.600000
1616,2376.900000,1421.150000
1618,2354.150000,1398.200000
1620,2359.650000,1403.550000
1622,2354.450000,1398.050000
1624,2333.100000,1376.600000
1626,2327.600000,1371.050000
1628,2339.150000,1382.450000
1630,2357.000000,1400.050000
1632,2303.400000,1346.400000
1634,2357.950000,1400.800000
1636,2401.150000,1443.750000
1638,2383.150000,1425.700000
1640,2460.550000,1502.900000
1642,2430.900000,1473.050000
1644,2331.850000,1373.850000
1646,2355.400000,1397.150000
1648,2379.850000,1421.500000
1650,2305.900000,1347.350000
1652,2324.200000,1365.450000
1654,2383.950000,1424.900000
1656,2367.700000,1408.350000
1658,2339.400000,1379.950000
1660,2512.950000,1553.150000
1662,2369.550000,1409.650000
1664,2449.250000,1488.950000
1666,2346.700000,1386.300000
1668,2370.550000,1410.050000
1670,2437.350000,1476.700000
1672,2409.550000,1448.750000
1674,2393.200000,1432.300000
1676,2373.400000,1412.250000
1678,2310.600000,1349.350000
1680,2269.300000,1308.050000
1682,2329.200000,1367.800000
1684,2292.950000,1331.450000
1686,2299.900000,1338.200000
1688,2373.850000,1411.950000
1690,2507.350000,1545.200000
1692,2449.450000,1487.150000
1694,2360.400000,1398.000000
1696,2398.450000,1435.900000
1698,2390.650000,1427.900000
1700,2393.650000,1430.750000
1702,2286.200000,1323.200000
1704,2426.950000,1463.600000
1706,2368.300000,1404.900000
1708,2398.850000,1435.250000
1710,2342.550000,1378.900000
1712,2376.650000,1412.800000
1714,2458.900000,1494.800000
1716,2470.900000,1506.650000
1718,2397.100000,1432.800000
1720,2379.600000,1415.200000
1722,2435.700000,1471.050000
1724,2410.950000,1446.100000
1726,2334.100000,1369.100000
1728,2288.850000,1323.700000
1730,2385.600000,1420.300000
1732,2457.800000,1492.250000
1734,2371.350000,1405.750000
1736,2335.900000,1370.250000
1738,2368.100000,1402.250000
1740,2309.400000,1343.500000
1742,2251.900000,1285.850000
1744,2224.150000,1258.000000
1746,2288.500000,1322.250000
1748,2333.000000,1366.550000
1750,2362.850000,1396.250000
1752,2272.050000,1305.250000
1754,2226.500000,1259.700000
1756,2192.400000,1225.550000
1758,2220.650000,1253.700000
1760,2317.600000,1350.500000
1762,2345.050000,1377.750000
1764,2307.950000,1340.550000
1766,2228.450000,1261.050000
1768,2385.450000,1417.850000
1770,2364.900000,1397.200000
1772,2377.600000,1409.800000
1774,2481.100000,1513.050000
1776,2441.850000,1473.700000
1778,2338.900000,1370.600000
1780,2346.100000,1377.700000
1782,2345.450000,1376.900000
1784,2359.700000,1390.850000
1786,2376.500000,1407.500000
1788,2318.250000,1349.100000
1790,2374.650000,1405.200000
1792,2323.450000,1353.900000
1794,2304.200000,1334.400000
1796,2350.300000,1380.400000
1798,2280.350000,1310.250000
1800,2283.300000,1313.150000
1802,2281.550000,1311.300000
1804,2278.700000,1308.300000
1806,2285.900000,1315.300000
1808,2243.500000,1272.800000
1810,2276.100000,1305.250000
1812,2234.900000,1263.900000
1814,2330.450000,1359.250000
1816,2239.550000,1268.300000
1818,2226.100000,1254.800000
1820,2185.600000,1214.150000
1822,2203.900000,1232.350000
1824,2342.950000,1371.150000
1826,2346.750000,1374.800000
1828,2272.550000,1300.600000
1830,2339.550000,1367.400000
1832,2280.550000,1308.400000
1834,2224.500000,1252.350000
1836,2332.100000,1359.700000
1838,2233.250000,1260.800000
1840,2161.800000,1189.250000
1842,2184.950000,1212.250000
1844,2198.900000,1226.150000
1846,2202.850000,1229.950000
1848,2164.750000,1191.800000
1850,2142.950000,1170.000000
1852,2127.750000,1154.750000
1854,2148.250000,1175.050000
1856,2246.850000,1273.500000
1858,2242.200000,1268.750000
1860,2216.250000,1242.750000
1862,2329.150000,1355.450000
1864,2280.400000,1306.700000
1866,2231.350000,1257.550000
1868,2237.150000,1263.250000
1870,2208.650000,1234.750000
1872,2237.100000,1263.050000
1874,2241.950000,1267.800000
1876,2266.150000,1291.850000
1878,2249.700000,1275.350000
1880,2286.950000,1312.450000
1882,2269.900000,1295.250000
1884,2227.500000,1252.750000
1886,2322.200000,1347.300000
1888,2235.450000,1260.550000
1890,2169.050000,1194.150000
1892,2143.300000,1168.400000
1894,2113.500000,1138.550000
1896,2164.200000,1189.100000
1898,2121.850000,1146.750000
1900,2281.500000,1306.150000
1902,2220.550000,1245.150000
1904,2218.200000,1242.750000
1906,2172.800000,1197.350000
1908,2131.750000,1156.300000
1910,2233.350000,1257.750000
1912,2269.950000,1294.250000
1914,2194.850000,1219.100000
1916,2245.950000,1270.000000
1918,2163.900000,1187.950000
1920,2265.250000,1289.100000
1922,2225.950000,1249.650000
1924,2177.400000,1201.000000
1926,2140.750000,1164.350000
1928,2113.650000,1137.250000
1930,2096.450000,1120.000000
1932,2118.750000,1142.250000
1934,2078.550000,1102.000000
1936,2055.800000,1079.250000
1938,2041.000000,1064.450000
1940,2025.550000,1048.850000
1942,2012.900000,1036.200000
1944,2005.000000,1028.300000
1946,1994.950000,1018.200000
1948,1984.050000,1007.300000
1950,1977.100000,1000.300000
1952,1967.700000,990.900000
1954,1992.050000,1015.100000
1956,1974.400000,997.450000
1958,2009.450000,1032.450000
1960,2028.950000,1051.900000
1962,2006.400000,1029.300000
1964,1977.550000,1000.350000
1966,2012.600000,1035.300000
1968,2045.750000,1068.350000
1970,2004.400000,1026.850000
1972,2035.600000,1057.900000
1974,2065.000000,1087.050000
1976,2098.900000,1120.850000
1978,2064.250000,1086.150000
1980,2048.550000,1070.450000
1982,2023.300000,1045.050000
1984,2048.150000,1069.800000
1986,2022.700000,1044.300000
1988,2060.000000,1081.500000
1990,2006.100000,1027.600000
1992,1994.550000,1016.050000
1994,1981.350000,1002.800000
1996,2014.450000,1035.850000
1998,1990.250000,1011.650000
2000,2075.200000,1096.500000
2002,2104.200000,1125.350000
2004,2084.850000,1106.000000
2006,2064.750000,1085.850000
2008,2060.500000,1081.550000
2010,2089.300000,1110.100000
2012,2065.300000,1086.050000
2014,2037.550000,1058.300000
2016,2026.200000,1046.950000
2018,2002.150000,1022.850000
2020,1987.350000,1007.950000
2022,2068.050000,1088.500000
2024,2028.450000,1048.800000
2026,2000.900000,1021.200000
2028,1990.300000,1010.600000
2030,1979.150000,999.400000
2032,2016.850000,1037.050000
2034,2018.550000,1038.550000
2036,2030.200000,1050.150000
2038,2085.700000,1105.500000
2040,2055.750000,1075.400000
2042,2019.750000,1039.400000
2044,2038.700000,1058.250000
2046,2012.100000,1031.650000
2048,1999.500000,1018.950000
2050,2031.100000,1050.500000
2052,2035.650000,1055.000000
2054,2119.300000,1138.450000
2056,2109.200000,1128.300000
2058,2067.500000,1086.550000
2060,2142.500000,1161.400000
2062,2087.250000,1106.100000
2064,2166.000000,1184.750000
2066,2082.900000,1101.650000
2068,2150.850000,1169.400000
2070,2221.450000,1239.900000
2072,2196.250000,1214.650000
2074,2121.350000,1139.650000
2076,2085.950000,1104.150000
2078,2112.600000,1130.650000
2080,2133.900000,1151.900000
2082,2101.100000,1119.100000
2084,2137.000000,1154.900000
2086,2199.100000,1216.900000
2088,2143.750000,1161.550000
2090,2145.750000,1163.500000
2092,2198.500000,1216.050000
2094,2228.800000,1246.200000
2096,2158.100000,1175.450000
2098,2183.250000,1200.500000
2100,2161.850000,1179.050000
2102,2149.300000,1166.300000
2104,2114.900000,1131.850000
2106,2126.850000,1143.700000
2108,2102.350000,1119.050000
2110,2095.400000,1112.000000
2112,2076.350000,1092.950000
2114,2062.800000,1079.400000
2116,2043.850000,1060.400000
2118,2027.000000,1043.550000
2120,2096.350000,1112.800000
2122,2035.650000,1052.100000
2124,2018.250000,1034.700000
2126,2044.950000,1061.350000
2128,2023.600000,1040.000000
2130,2012.950000,1029.300000
2132,1995.150000,1011.400000
2134,1982.050000,998.200000
2136,2062.800000,1078.800000
2138,2030.200000,1046.150000
2140,2056.250000,1072.100000
2142,2070.050000,1085.800000
2144,2077.950000,1093.600000
2146,2025.350000,1041.000000
2148,2091.700000,1107.200000
2150,2104.700000,1120.150000
2152,2056.700000,1072.150000
2154,2134.500000,1149.850000
2156,2128.350000,1143.650000
2158,2042.200000,1057.450000
2160,2077.800000,1092.950000
2162,2061.300000,1076.450000
2164,2131.700000,1146.700000
2166,2180.000000,1194.900000
2168,2118.000000,1132.850000
2170,2106.750000,1121.550000
2172,2137.350000,1152.100000
2174,2161.550000,1176.250000
2176,2147.900000,1162.450000
2178,2167.250000,1181.650000
2180,2125.700000,1140.100000
2182,2187.350000,1201.550000
2184,2109.050000,1123.200000
2186,2087.500000,1101.600000
2188,2170.350000,1184.350000
2190,2143.050000,1157.000000
2192,2130.250000,1144.150000
2194,2115.200000,1128.950000
2196,2085.100000,1098.800000
2198,2048.250000,1061.950000
2200,2037.150000,1050.850000
2202,2068.350000,1082.000000
2204,2090.750000,1104.350000
2206,2043.700000,1057.200000
2208,2031.800000,1045.300000
2210,2015.650000,1029.150000
2212,1999.150000,1012.650000
2214,1984.350000,997.850000
2216,1976.750000,990.250000
2218,1964.700000,978.200000
2220,2052.050000,1065.450000
2222,2032.600000,1045.900000
2224,2052.150000,1065.400000
2226,2025.350000,1038.550000
2228,2053.900000,1066.900000
2230,2081.450000,1094.350000
2232,2103.750000,1116.550000
2234,2094.900000,1107.600000
2236,2080.550000,1093.250000
2238,2058.600000,1071.250000
2240,2047.500000,1060.150000
2242,2026.250000,1038.900000
2244,2014.050000,1026.650000
2246,1998.100000,1010.700000
2248,1983.150000,995.700000
2250,1970.600000,983.150000
2252,1963.850000,976.400000
2254,2044.950000,1057.400000
2256,2008.550000,1021.000000
2258,2033.500000,1045.900000
2260,2058.750000,1071.100000
2262,2052.950000,1065.200000
2264,2011.450000,1023.700000
2266,1997.650000,1009.900000
2268,1981.300000,993.550000
2270,1972.650000,984.900000
2272,1965.000000,977.250000
2274,2007.750000,1019.900000
2276,2030.150000,1042.250000
2278,1991.700000,1003.700000
2280,2002.650000,1014.550000
2282,1967.900000,979.750000
2284,1957.700000,969.550000
2286,2044.600000,1056.350000
2288,2081.750000,1093.400000
2290,2097.450000,1109.050000
2292,2062.300000,1073.900000
2294,2034.700000,1046.300000
2296,2018.250000,1029.850000
2298,2004.100000,1015.700000
2300,1991.400000,1002.900000
2302,2027.750000,1039.200000
2304,2057.950000,1069.300000
2306,2003.000000,1014.300000
2308,1980.700000,991.950000
2310,1968.700000,979.900000
2312,2038.700000,1049.800000
2314,2006.150000,1017.200000
2316,1972.700000,983.750000
2318,1966.050000,977.050000
2320,2004.350000,1015.250000
2322,1975.500000,986.400000
2324,2014.000000,1024.850000
2326,1997.200000,1008.050000
2328,1986.150000,996.950000
2330,1975.900000,986.700000
2332,1961.100000,971.900000
2334,1937.300000,948.100000
2336,1976.500000,987.250000
2338,1951.550000,962.300000
2340,1931.650000,942.400000
2342,1922.800000,933.500000
2344,1912.650000,923.300000
2346,1906.000000,916.650000
2348,1893.900000,904.550000
2350,1884.250000,894.900000
2352,1877.800000,888.450000
2354,1871.550000,882.200000
2356,1867.350000,878.000000
2358,1861.500000,872.150000
2360,1856.050000,866.650000
2362,1847.600000,858.200000
2364,1891.850000,902.400000
2366,1861.950000,872.500000
2368,1894.250000,904.750000
2370,1927.700000,938.150000
2372,1888.250000,898.700000
2374,1878.800000,889.200000
2376,1885.200000,895.550000
2378,1914.050000,924.300000
2380,1904.150000,914.400000
2382,1924.100000,934.300000
2384,1916.600000,926.800000
2386,1924.400000,934.550000
2388,1910.650000,920.800000
2390,1875.750000,885.900000
2392,1868.900000,879.050000
2394,1906.450000,916.550000
2396,1887.750000,897.850000
2398,1924.950000,935.000000
2400,1941.300000,951.250000
2402,1996.450000,1006.300000
2404,1978.600000,988.400000
2406,1948.200000,958.000000
2408,1930.550000,940.350000
2410,1970.600000,980.300000
2412,1923.400000,933.050000
2414,1915.150000,924.750000
2416,1888.900000,898.450000
2418,1880.950000,890.500000
2420,1872.050000,881.600000
2422,1915.200000,924.700000
2424,1949.700000,959.150000
2426,1934.650000,944.100000
2428,1924.500000,933.950000
2430,1949.650000,959.050000
2432,1983.700000,993.000000
2434,1991.150000,1000.400000
2436,1957.200000,966.450000
2438,1943.800000,953.000000
2440,1924.950000,934.150000
2442,1966.850000,976.000000
2444,1930.050000,939.200000
2446,1913.750000,922.900000
2448,1956.650000,965.700000
2450,1945.750000,954.700000
2452,1919.850000,928.800000
2454,1890.600000,899.500000
2456,1933.600000,942.450000
2458,1921.950000,930.800000
2460,1908.050000,916.900000
2462,1900.050000,908.850000
2464,1892.800000,901.600000
2466,1884.650000,893.450000
2468,1873.750000,882.550000
2470,1867.800000,876.600000
2472,1862.150000,870.950000
2474,1856.600000,865.350000
2476,1947.150000,955.750000
2478,1913.550000,922.150000
2480,1987.100000,995.600000
2482,1941.100000,949.600000
2484,1931.600000,940.100000
2486,1920.100000,928.600000
2488,1912.000000,920.450000
2490,1899.700000,908.100000
2492,1890.300000,898.700000
2494,1883.050000,891.350000
2496,1871.100000,879.400000
2498,1861.650000,869.850000
2500,1853.750000,861.950000
2502,1849.150000,857.300000
2504,1844.300000,852.450000
2506,1840.200000,848.350000
2508,1835.100000,843.250000
2510,1829.600000,837.750000
2512,1824.800000,832.950000
2514,1820.100000,828.250000
2516,1815.300000,823.450000
2518,1810.350000,818.450000
2520,1856.100000,864.150000
2522,1850.150000,858.200000
2524,1846.100000,854.150000
2526,1837.900000,845.900000
2528,1834.150000,842.150000
2530,1820.000000,828.000000
2532,1814.000000,822.000000
2534,1807.900000,815.850000
2536,1803.100000,811.050000
2538,1797.050000,805.000000
2540,1793.900000,801.850000
2542,1839.950000,847.800000
2544,1875.000000,882.800000
2546,1844.600000,852.350000
2548,1830.700000,838.450000
2550,1817.500000,825.250000
2552,1813.900000,821.650000
2554,1808.950000,816.700000
2556,1844.550000,852.250000
2558,1848.550000,856.100000
2560,1836.300000,843.850000
2562,1829.050000,836.550000
2564,1820.350000,827.850000
2566,1852.800000,860.250000
2568,1836.450000,843.900000
2570,1831.150000,838.550000
2572,1874.550000,881.900000
2574,1872.300000,879.600000
2576,1863.650000,870.950000
2578,1839.400000,846.600000
2580,1828.500000,835.700000
2582,1862.150000,869.300000
2584,1837.650000,844.800000
2586,1826.050000,833.200000
2588,1817.500000,824.650000
2590,1806.300000,813.450000
2592,1797.550000,804.700000
2594,1790.950000,798.100000
2596,1785.600000,792.750000
2598,1781.250000,788.400000
2600,1825.200000,832.300000
2602,1813.400000,820.500000
2604,1808.800000,815.900000
2606,1797.500000,804.550000
2608,1786.950000,794.000000
2610,1781.800000,788.850000
2612,1817.650000,824.600000
2614,1814.150000,821.100000
2616,1805.800000,812.750000
2618,1800.650000,807.600000
2620,1784.600000,791.500000
2622,1780.200000,787.100000
2624,1775.100000,781.950000
2626,1772.050000,778.900000
2628,1764.350000,771.150000
2630,1760.100000,766.850000
2632,1753.800000,760.550000
2634,1750.850000,757.600000
2636,1746.300000,753.050000
2638,1741.800000,748.550000
2640,1786.650000,793.300000
2642,1762.750000,769.400000
2644,1800.150000,806.750000
2646,1809.650000,816.200000
2648,1850.850000,857.350000
2650,1802.200000,808.700000
2652,1791.000000,797.500000
2654,1779.900000,786.400000
2656,1774.100000,780.550000
2658,1766.600000,773.050000
2660,1761.050000,767.500000
2662,1757.600000,764.050000
2664,1753.650000,760.100000
2666,1748.850000,755.300000
2668,1745.550000,752.000000
2670,1741.200000,747.600000
2672,1736.700000,743.000000
2674,1732.800000,739.100000
2676,1728.550000,734.750000
2678,1723.800000,730.000000
2680,1719.100000,725.300000
2682,1716.300000,722.500000
2684,1710.950000,717.150000
2686,1706.750000,712.950000
2688,1702.250000,708.450000
2690,1697.250000,703.400000
2692,1742.100000,748.200000
2694,1771.800000,777.850000
2696,1759.900000,765.950000
2698,1791.500000,797.500000
2700,1767.750000,773.750000
2702,1763.600000,769.600000
2704,1791.000000,796.950000
2706,1831.400000,837.300000
2708,1805.650000,811.500000
2710,1795.700000,801.500000
2712,1788.150000,793.950000
2714,1783.350000,789.150000
2716,1870.150000,875.850000
2718,1852.450000,858.150000
2720,1824.600000,830.300000
2722,1818.250000,823.950000
2724,1808.750000,814.400000
2726,1836.000000,841.600000
2728,1831.150000,836.750000
2730,1818.650000,824.250000
2732,1807.850000,813.450000
2734,1801.150000,806.750000
2736,1844.750000,850.300000
2738,1835.000000,840.550000
2740,1829.200000,834.750000
2742,1912.850000,918.300000
2744,1874.350000,879.750000
2746,1866.900000,872.300000
2748,1892.100000,897.450000
2750,1881.550000,886.900000
2752,1871.000000,876.350000
2754,1860.800000,866.150000
2756,1857.050000,862.350000
2758,1895.950000,901.200000
2760,1877.800000,883.050000
2762,1871.500000,876.750000
2764,1863.450000,868.700000
2766,1856.350000,861.550000
2768,1850.200000,855.400000
2770,1839.500000,844.700000
2772,1835.000000,840.200000
2774,1828.850000,834.050000
2776,1824.750000,829.950000
2778,1820.950000,826.150000
2780,1812.250000,817.450000
2782,1808.100000,813.300000
2784,1812.000000,817.368421
2786,1805.263158,810.631579
2788,1799.421053,804.789474
2790,1795.263158,800.631579
2792,1791.105263,796.473684
2794,1787.157895,792.526316
2796,1782.947368,788.263158
2798,1778.842105,784.157895
2800,1774.736842,780.052632
2802,1771.315789,776.631579
2804,1767.263158,772.578947
2806,1763.105263,768.368421
2808,1759.368421,764.631579
2810,1808.052632,813.263158
2812,1786.157895,791.368421
2814,1769.842105,775.052632
2816,1764.894737,770.105263
2818,1755.736842,760.947368
2820,1752.631579,757.842105
2822,1778.210526,783.368421
2824,1819.736842,824.842105
2826,1786.578947,791.684211
2828,1782.157895,787.263158
2830,1759.421053,764.526316
2832,1752.842105,757.947368
2834,1747.421053,752.473684
2836,1743.894737,748.947368
2838,1740.473684,745.526316
2840,1764.105263,769.105263
2842,1753.052632,758.000000
2844,1747.947368,752.894737
2846,1745.105263,750.052632
2848,1739.789474,744.736842
2850,1735.947368,740.894737
2852,1731.315789,736.263158
2854,1727.526316,732.473684
2856,1723.631579,728.578947
2858,1719.684211,724.631579
2860,1714.578947,719.421053
2862,1763.736842,768.526316
2864,1811.736842,816.473684
2866,1783.789474,788.526316
2868,1772.421053,777.157895
2870,1768.210526,772.947368
2872,1752.105263,756.842105
2874,1779.842105,784.526316
2876,1751.315789,755.947368
2878,1746.894737,751.526316
2880,1741.947368,746.578947
2882,1738.368421,743.000000
2884,1735.000000,739.631579
2886,1728.736842,733.368421
2888,1725.684211,730.315789
2890,1718.210526,722.842105
2892,1710.157895,714.789474
2894,1705.105263,709.736842
2896,1701.368421,706.000000
2898,1698.000000,702.631579
2900,1695.157895,699.789474
2902,1691.315789,695.894737
2904,1688.315789,692.894737
2906,1684.368421,688.947368
2908,1681.947368,686.526316
2910,1678.368421,682.947368
2912,1675.578947,680.105263
2914,1718.421053,722.894737
2916,1712.947368,717.421053
2918,1708.578947,713.052632
2920,1704.368421,708.842105
2922,1745.473684,749.894737
2924,1741.421053,745.842105
2926,1733.578947,738.000000
2928,1725.789474,730.157895
2930,1771.210526,775.526316
2932,1731.947368,736.210526
2934,1726.578947,730.842105
2936,1722.210526,726.421053
2938,1771.684211,775.842105
2940,1738.473684,742.631579
2942,1726.052632,730.210526
2944,1772.421053,776.526316
2946,1764.736842,768.842105
2948,1813.894737,817.947368
2950,1810.157895,814.210526
2952,1796.473684,800.526316
2954,1788.894737,792.947368
2956,1785.263158,789.315789
2958,1781.052632,785.105263
2960,1774.789474,778.842105
2962,1770.157895,774.210526
2964,1767.052632,771.105263
2966,1762.842105,766.894737
2968,1758.052632,762.052632
2970,1753.157895,757.157895
2972,1748.578947,752.578947
2974,1744.368421,748.368421
2976,1740.894737,744.894737
2978,1737.421053,741.368421
2980,1734.157895,738.105263
2982,1730.578947,734.526316
2984,1726.157895,730.105263
2986,1723.052632,726.947368
2988,1718.631579,722.526316
2990,1715.210526,719.052632
2992,1764.157895,767.947368
2994,1759.263158,763.052632
2996,1752.526316,756.263158
2998,1738.631579,742.368421
3000,1734.789474,738.473684
3002,1730.421053,734.105263
3004,1725.578947,729.263158
3006,1722.210526,725.894737
3008,1718.157895,721.842105
3010,1767.210526,770.842105
3012,1754.947368,758.578947
3014,1732.684211,736.315789
3016,1729.421053,733.052632
3018,1724.315789,727.947368
3020,1720.894737,724.526316
3022,1717.578947,721.210526
3024,1706.111111,709.833333
3026,1700.222222,703.944444
3028,1696.166667,699.888889
3030,1692.611111,696.333333
3032,1688.944444,692.666667
3034,1686.055556,689.722222
3036,1679.777778,683.444444
3038,1676.944444,680.611111
3040,1673.277778,676.944444
3042,1670.333333,674.000000
3044,1667.555556,671.222222
3046,1665.000000,668.666667
3048,1662.555556,666.222222
3050,1659.500000,663.166667
3052,1656.444444,660.111111
3054,1653.388889,657.000000
3056,1650.333333,653.944444
3058,1647.444444,651.055556
3060,1644.833333,648.444444
3062,1641.722222,645.333333
3064,1638.888889,642.500000
3066,1636.222222,639.833333
3068,1633.500000,637.111111
3070,1630.777778,634.388889
3072,1628.055556,631.666667
3074,1624.833333,628.444444
3076,1622.166667,625.777778
3078,1619.000000,622.611111
3080,1616.666667,620.277778
3082,1614.388889,618.000000
3084,1611.888889,615.500000
3086,1609.444444,613.055556
3088,1607.000000,610.611111
3090,1604.388889,608.000000
3092,1601.611111,605.222222
3094,1599.055556,602.666667
3096,1698.500000,702.000000
3098,1674.000000,677.500000
3100,1669.722222,673.222222
3102,1666.611111,670.111111
3104,1663.333333,666.833333
3106,1660.388889,663.888889
3108,1705.000000,708.444444
3110,1677.722222,681.166667
3112,1671.722222,675.166667
3114,1665.277778,668.722222
3116,1660.222222,663.666667
3118,1657.277778,660.722222
3120,1652.777778,656.222222
3122,1649.777778,653.222222
3124,1647.388889,650.777778
3126,1645.277778,648.666667
3128,1642.111111,645.500000
3130,1638.277778,641.666667
3132,1691.388889,694.722222
3134,1688.111111,691.444444
3136,1674.777778,678.111111
3138,1753.277778,756.500000
3140,1734.666667,737.888889
3142,1772.722222,775.888889
3144,1751.000000,754.166667
3146,1737.000000,740.166667
3148,1734.388889,737.555556
3150,1725.888889,729.000000
3152,1704.647059,707.882353
3154,1699.705882,702.941176
3156,1696.058824,699.294118
3158,1690.294118,693.470588
3160,1685.764706,688.941176
3162,1682.941176,686.117647
3164,1679.823529,683.000000
3166,1677.294118,680.470588
3168,1672.882353,676.058824
3170,1667.764706,670.941176
3172,1665.176471,668.352941
3174,1660.294118,663.470588
3176,1657.235294,660.411765
3178,1654.352941,657.529412
3180,1651.823529,655.000000
3182,1648.705882,651.882353
3184,1645.235294,648.411765
3186,1643.000000,646.176471
3188,1639.941176,643.058824
3190,1636.000000,639.117647
3192,1661.882353,664.941176
3194,1645.058824,648.117647
3196,1640.882353,643.941176
3198,1636.235294,639.294118
3200,1633.470588,636.529412
3202,1629.647059,632.705882
3204,1626.941176,630.000000
3206,1624.411765,627.470588
3208,1620.352941,623.411765
3210,1616.529412,619.588235
3212,1613.411765,616.470588
3214,1594.062500,597.125000
3216,1591.625000,594.687500
3218,1589.062500,592.125000
3220,1586.000000,589.062500
3222,1583.375000,586.437500
3224,1581.062500,584.125000
3226,1578.250000,581.312500
3228,1575.562500,578.625000
3230,1572.375000,575.437500
3232,1569.625000,572.687500
3234,1567.750000,570.750000
3236,1584.000000,587.133333
3238,1580.200000,583.333333
3240,1578.333333,581.466667
3242,1575.733333,578.866667
3244,1573.800000,576.866667
3246,1571.800000,574.866667
3248,1568.933333,572.000000
3250,1566.800000,569.866667
3252,1564.333333,567.400000
3254,1561.066667,564.133333
3256,1558.200000,561.266667
3258,1555.800000,558.866667
3260,1553.800000,556.800000
3262,1551.200000,554.200000
3264,1548.666667,551.666667
3266,1545.733333,548.733333
3268,1541.230769,544.384615
3270,1538.538462,541.692308
3272,1536.153846,539.307692
3274,1533.692308,536.846154
3276,1531.692308,534.846154
3278,1529.230769,532.384615
3280,1526.538462,529.692308
3282,1523.923077,527.000000
3284,1521.769231,524.846154
3286,1519.615385,522.692308
3288,1517.769231,520.846154
3290,1515.692308,518.769231
3292,1513.538462,516.615385
3294,1511.384615,514.461538
3296,1509.076923,512.153846
3298,1506.923077,510.000000
3300,1582.076923,585.076923
3302,1543.384615,546.384615
3304,1539.076923,542.076923
3306,1528.923077,531.923077
3308,1526.461538,529.461538
3310,1523.615385,526.615385
3312,1519.153846,522.153846
3314,1516.923077,519.923077
3316,1513.692308,516.692308
3318,1510.923077,513.923077
3320,1508.538462,511.538462
3322,1506.461538,509.461538
3324,1504.384615,507.384615
3326,1502.153846,505.153846
3328,1500.000000,503.000000
3330,1497.538462,500.538462
3332,1495.000000,498.000000
3334,1493.000000,496.000000
3336,1491.000000,494.000000
3338,1488.615385,491.615385
3340,1487.000000,490.000000
3342,1485.076923,488.076923
3344,1483.307692,486.307692
3346,1481.307692,484.307692
3348,1479.307692,482.307692
3350,1533.923077,536.846154
3352,1531.538462,534.461538
3354,1529.461538,532.307692
3356,1527.230769,530.076923
3358,1518.384615,521.230769
3360,1516.076923,518.923077
3362,1512.538462,515.384615
3364,1510.384615,513.230769
3366,1508.153846,511.000000
3368,1506.000000,508.769231
3370,1503.846154,506.615385
3372,1502.230769,505.000000
3374,1500.230769,503.000000
3376,1497.384615,500.153846
3378,1493.769231,496.538462
3380,1543.076923,545.769231
3382,1530.461538,533.153846
3384,1515.769231,518.461538
3386,1513.615385,516.307692
3388,1511.230769,513.923077
3390,1508.692308,511.384615
3392,1506.153846,508.846154
3394,1503.923077,506.615385
3396,1500.153846,502.846154
3398,1498.538462,501.230769
3400,1573.384615,576.000000
3402,1571.461538,574.076923
3404,1558.615385,561.230769
3406,1550.461538,553.076923
3408,1548.000000,550.615385
3410,1542.692308,545.307692
3412,1535.769231,538.384615
3414,1533.153846,535.769231
3416,1529.692308,532.307692
3418,1527.000000,529.615385
3420,1525.000000,527.615385
3422,1521.923077,524.538462
3424,1519.384615,522.000000
3426,1514.307692,516.923077
3428,1512.384615,515.000000
3430,1509.923077,512.538462
3432,1534.083333,536.750000
3434,1531.750000,534.416667
3436,1529.666667,532.333333
3438,1527.333333,530.000000
3440,1525.083333,527.750000
3442,1522.666667,525.333333
3444,1520.750000,523.416667
3446,1518.583333,521.250000
3448,1516.250000,518.916667
3450,1514.083333,516.750000
3452,1512.250000,514.916667
3454,1510.333333,513.000000
3456,1508.583333,511.250000
3458,1506.666667,509.333333
3460,1504.750000,507.416667
3462,1502.166667,504.833333
3464,1499.750000,502.416667
3466,1497.666667,500.333333
3468,1495.916667,498.583333
3470,1494.083333,496.750000
3472,1492.333333,495.000000
3474,1490.416667,493.083333
3476,1488.416667,491.083333
3478,1568.416667,570.916667
3480,1566.166667,568.666667
3482,1559.750000,562.250000
3484,1554.916667,557.416667
3486,1552.250000,554.750000
3488,1549.750000,552.250000
3490,1545.916667,548.416667
3492,1543.000000,545.500000
3494,1540.166667,542.666667
3496,1534.666667,537.166667
3498,1531.250000,533.750000
3500,1529.333333,531.833333
3502,1526.750000,529.250000
3504,1525.166667,527.666667
3506,1522.833333,525.333333
3508,1516.333333,518.833333
3510,1514.000000,516.500000
3512,1512.250000,514.750000
3514,1510.500000,513.000000
3516,1508.166667,510.666667
3518,1506.166667,508.666667
3520,1504.083333,506.583333
3522,1502.166667,504.666667
3524,1499.666667,502.166667
3526,1497.333333,499.833333
3528,1494.583333,497.083333
3530,1491.916667,494.416667
3532,1490.166667,492.666667
3534,1488.250000,490.750000
3536,1485.916667,488.416667
3538,1484.166667,486.666667
3540,1482.416667,484.916667
3542,1479.833333,482.333333
3544,1477.333333,479.833333
3546,1475.583333,478.083333
3548,1473.500000,476.000000
3550,1471.416667,473.916667
3552,1469.083333,471.583333
3554,1466.750000,469.250000
3556,1464.000000,466.500000
3558,1462.666667,465.166667
3560,1460.666667,463.166667
3562,1458.583333,461.083333
3564,1455.583333,458.083333
3566,1454.166667,456.666667
3568,1452.166667,454.666667
3570,1449.916667,452.416667
3572,1521.666667,524.083333
3574,1519.833333,522.250000
3576,1509.916667,512.333333
3578,1507.833333,510.250000
3580,1505.833333,508.250000
3582,1503.500000,505.916667
3584,1501.583333,504.000000
3586,1499.250000,501.666667
3588,1497.000000,499.416667
3590,1494.833333,497.250000
3592,1492.750000,495.166667
3594,1490.583333,493.000000
3596,1488.583333,491.000000
3598,1486.166667,488.583333
3600,1649.166667,651.416667
3602,1630.416667,632.666667
3604,1711.416667,713.583333
3606,1591.818182,594.090909
3608,1585.090909,587.363636
3610,1565.090909,567.363636
3612,1562.818182,565.090909
3614,1558.636364,560.909091
3616,1554.181818,556.454545
3618,1551.818182,554.090909
3620,1548.363636,550.636364
3622,1545.636364,547.909091
3624,1543.454545,545.727273
3626,1541.545455,543.818182
3628,1539.545455,541.818182
3630,1537.545455,539.818182
3632,1534.363636,536.636364
3634,1532.545455,534.818182
3636,1531.000000,533.272727
3638,1528.727273,531.000000
3640,1526.545455,528.818182
3642,1524.000000,526.272727
3644,1521.545455,523.818182
3646,1519.727273,522.000000
3648,1517.545455,519.818182
3650,1515.454545,517.727273
3652,1513.181818,515.454545
3654,1511.363636,513.636364
3656,1509.454545,511.727273
3658,1505.636364,507.909091
3660,1502.818182,505.090909
3662,1500.818182,503.090909
3664,1589.636364,591.818182
3666,1456.600000,458.900000
3668,1454.000000,456.300000
3670,1451.700000,454.000000
3672,1449.600000,451.900000
3674,1447.900000,450.200000
3676,1445.600000,447.800000
3678,1469.888889,472.222222
3680,1467.444444,469.777778
3682,1465.888889,468.222222
3684,1463.777778,466.111111
3686,1462.111111,464.444444
3688,1459.888889,462.222222
3690,1458.222222,460.555556
3692,1456.444444,458.777778
3694,1454.777778,457.111111
3696,1453.333333,455.666667
3698,1451.222222,453.555556
3700,1448.777778,451.111111
3702,1446.555556,448.888889
3704,1444.333333,446.666667
3706,1442.555556,444.888889
3708,1440.222222,442.555556
3710,1438.000000,440.333333
3712,1436.555556,438.888889
3714,1434.444444,436.777778
3716,1432.888889,435.222222
3718,1430.888889,433.222222
3720,1428.888889,431.222222
3722,1427.222222,429.555556
3724,1425.333333,427.666667
3726,1423.777778,426.111111
3728,1422.222222,424.555556
3730,1420.666667,423.000000
3732,1418.222222,420.555556
3734,1416.444444,418.777778
3736,1415.000000,417.333333
3738,1413.333333,415.666667
3740,1411.777778,414.111111
3742,1409.777778,412.111111
3744,1408.333333,410.666667
3746,1406.444444,408.777778
3748,1404.777778,407.111111
3750,1403.333333,405.666667
3752,1400.888889,403.222222
3754,1399.444444,401.777778
3756,1398.000000,400.333333
3758,1396.555556,398.888889
3760,1394.888889,397.222222
3762,1393.000000,395.333333
3764,1391.888889,394.222222
3766,1500.111111,502.333333
3768,1472.000000,474.222222
3770,1457.111111,459.333333
3772,1451.000000,453.222222
3774,1449.666667,451.888889
3776,1448.000000,450.222222
3778,1446.777778,449.000000
3780,1445.333333,447.555556
3782,1443.888889,446.111111
3784,1441.888889,444.111111
3786,1440.333333,442.555556
3788,1438.666667,440.888889
3790,1436.666667,438.888889
3792,1433.111111,435.333333
3794,1542.333333,544.444444
3796,1465.666667,467.777778
3798,1463.555556,465.666667
3800,1437.111111,439.222222
3802,1431.000000,433.111111
3804,1429.777778,431.888889
3806,1428.111111,430.222222
3808,1426.555556,428.666667
3810,1424.888889,427.000000
3812,1423.444444,425.555556
3814,1422.000000,424.111111
3816,1420.333333,422.444444
3818,1418.888889,421.000000
3820,1416.666667,418.777778
3822,1415.444444,417.555556
3824,1413.333333,415.444444
3826,1522.555556,524.555556
3828,1419.375000,421.500000
3830,1417.875000,420.000000
3832,1416.375000,418.500000
3834,1414.750000,416.875000
3836,1413.125000,415.250000
3838,1411.375000,413.500000
3840,1409.625000,411.750000
3842,1408.000000,410.125000
3844,1406.625000,408.750000
3846,1404.875000,407.000000
3848,1403.500000,405.625000
3850,1401.500000,403.625000
3852,1400.500000,402.625000
3854,1398.375000,400.500000
3856,1395.625000,397.625000
3858,1393.500000,395.500000
3860,1391.500000,393.500000
3862,1390.250000,392.250000
3864,1388.375000,390.375000
3866,1387.125000,389.125000
3868,1385.500000,387.500000
3870,1384.000000,386.000000
3872,1382.500000,384.500000
3874,1380.625000,382.625000
3876,1378.875000,380.875000
3878,1377.125000,379.125000
3880,1375.625000,377.625000
3882,1373.625000,375.625000
3884,1371.000000,373.000000
3886,1369.375000,371.375000
3888,1367.875000,369.875000
3890,1366.375000,368.375000
3892,1364.750000,366.750000
3894,1363.500000,365.500000
3896,1361.750000,363.750000
3898,1360.500000,362.500000
3900,1358.625000,360.625000
3902,1357.875000,359.875000
3904,1356.125000,358.125000
3906,1354.500000,356.500000
3908,1353.000000,355.000000
3910,1351.625000,353.625000
3912,1350.125000,352.125000
3914,1348.375000,350.375000
3916,1346.375000,348.375000
3918,1345.250000,347.250000
3920,1343.750000,345.750000
3922,1342.875000,344.875000
3924,1341.375000,343.250000
3926,1334.166667,336.166667
3928,1332.833333,334.833333
3930,1331.666667,333.666667
3932,1330.833333,332.833333
3934,1328.333333,330.333333
3936,1325.000000,327.000000
3938,1323.000000,325.000000
3940,1322.000000,324.000000
3942,1320.333333,322.333333
3944,1319.000000,321.000000
3946,1317.833333,319.833333
3948,1316.833333,318.833333
3950,1315.166667,317.166667
3952,1314.333333,316.333333
3954,1313.500000,315.500000
3956,1312.500000,314.500000
3958,1311.500000,313.500000
3960,1310.500000,312.500000
3962,1309.500000,311.500000
3964,1308.500000,310.500000
3966,1307.000000,309.000000
3968,1305.166667,307.166667
3970,1303.666667,305.666667
3972,1301.666667,303.666667
3974,1300.833333,302.833333
3976,1299.500000,301.500000
3978,1297.833333,299.833333
3980,1296.333333,298.333333
3982,1295.000000,297.000000
3984,1293.500000,295.500000
3986,1291.833333,293.833333
3988,1290.000000,292.000000
3990,1288.833333,290.833333
3992,1331.800000,333.800000
3994,1330.800000,332.800000
3996,1330.000000,332.000000
3998,1328.200000,330.200000
4000,1326.200000,328.200000
4002,1325.200000,327.200000
4004,1324.200000,326.200000
4006,1323.200000,325.200000
4008,1321.000000,323.000000
4010,1318.600000,320.600000
4012,1317.200000,319.200000
4014,1316.200000,318.200000
4016,1314.800000,316.800000
4018,1313.400000,315.400000
4020,1312.400000,314.400000
4022,1311.200000,313.200000
4024,1309.800000,311.800000
4026,1307.800000,309.800000
4028,1306.800000,308.800000
4030,1305.400000,307.400000
4032,1304.400000,306.400000
4034,1303.400000,305.400000
4036,1302.200000,304.200000
4038,1301.400000,303.400000
4040,1300.600000,302.600000
4042,1299.000000,301.000000
4044,1298.400000,300.400000
4046,1297.800000,299.800000
4048,1296.600000,298.600000
4050,1295.800000,297.800000
4052,1294.600000,296.600000
4054,1293.800000,295.800000
4056,1292.800000,294.800000
4058,1292.000000,294.000000
4060,1291.400000,293.400000
4062,1289.800000,291.800000
4064,1288.200000,290.200000
4066,1286.600000,288.600000
4068,1285.600000,287.600000
4070,1284.200000,286.200000
4072,1283.200000,285.200000
4074,1281.800000,283.800000
4076,1280.400000,282.400000
4078,1279.200000,281.200000
4080,1278.200000,280.200000
4082,1277.600000,279.600000
4084,1277.000000,279.000000
4086,1275.800000,277.800000
4088,1275.000000,277.000000
4090,1272.800000,274.800000
4092,1272.000000,274.000000
4094,1271.000000,273.000000
4096,1269.400000,271.400000
4098,1268.200000,270.200000
4100,1267.200000,269.200000
4102,1266.000000,268.000000
4104,1264.600000,266.600000
4106,1264.000000,266.000000
4108,1263.400000,265.400000
4110,1262.400000,264.400000
4112,1261.800000,263.800000
4114,1260.400000,262.400000
4116,1258.800000,260.800000
4118,1257.800000,259.800000
4120,1256.800000,258.800000
4122,1255.600000,257.600000
4124,1254.400000,256.400000
4126,1253.400000,255.400000
4128,1253.000000,255.000000
4130,1251.400000,253.400000
4132,1250.600000,252.600000
4134,1250.000000,252.000000
4136,1249.600000,251.600000
4138,1248.400000,250.400000
4140,1247.800000,249.800000
4142,1247.000000,249.000000
4144,1245.600000,247.600000
4146,1244.400000,246.400000
4148,1243.600000,245.600000
4150,1242.400000,244.400000
4152,1241.000000,243.000000
4154,1239.600000,241.600000
4156,1238.800000,240.800000
4158,1237.600000,239.600000
4160,1237.000000,239.000000
4162,1235.800000,237.800000
4164,1234.800000,236.800000
4166,1234.000000,236.000000
4168,1233.000000,235.000000
4170,1232.200000,234.200000
4172,1231.600000,233.600000
4174,1231.000000,233.000000
4176,1229.800000,231.800000
4178,1228.800000,230.800000
4180,1227.600000,229.600000
4182,1226.400000,228.400000
4184,1225.400000,227.400000
4186,1224.600000,226.600000
4188,1224.000000,226.000000
4190,1222.800000,224.800000
4192,1222.200000,224.200000
4194,1221.000000,223.000000
4196,1219.600000,221.600000
4198,1418.200000,420.000000
