#This is a CSV file containing the average TPL, TPU, and Cost values for the QU algorithm with NC path compression.
#The data was generated for n = 1000 and delta = 2.
N,Average TPL,Average TPU
2,2.000000,0.000000
4,4.050000,0.000000
6,6.100000,0.000000
8,8.150000,0.000000
10,10.150000,0.000000
12,12.150000,0.000000
14,14.200000,0.000000
16,16.250000,0.000000
18,18.350000,0.000000
20,20.600000,0.000000
22,22.750000,0.000000
24,24.750000,0.000000
26,27.000000,0.000000
28,29.150000,0.000000
30,31.300000,0.000000
32,33.350000,0.000000
34,35.350000,0.000000
36,37.500000,0.000000
38,39.600000,0.000000
40,41.700000,0.000000
42,43.750000,0.000000
44,46.050000,0.000000
46,48.150000,0.000000
48,50.200000,0.000000
50,52.450000,0.000000
52,54.700000,0.000000
54,56.850000,0.000000
56,59.100000,0.000000
58,61.300000,0.000000
60,63.450000,0.000000
62,65.600000,0.000000
64,68.000000,0.000000
66,70.400000,0.000000
68,72.700000,0.000000
70,75.050000,0.000000
72,77.300000,0.000000
74,79.500000,0.000000
76,81.700000,0.000000
78,84.250000,0.000000
80,86.450000,0.000000
82,88.800000,0.000000
84,91.400000,0.000000
86,93.500000,0.000000
88,96.000000,0.000000
90,98.800000,0.000000
92,101.250000,0.000000
94,103.700000,0.000000
96,106.300000,0.000000
98,108.700000,0.000000
100,111.050000,0.000000
102,113.800000,0.000000
104,116.750000,0.000000
106,119.500000,0.000000
108,121.900000,0.000000
110,124.250000,0.000000
112,126.750000,0.000000
114,129.450000,0.000000
116,132.000000,0.000000
118,134.700000,0.000000
120,137.400000,0.000000
122,140.250000,0.000000
124,142.950000,0.000000
126,145.600000,0.000000
128,148.450000,0.000000
130,150.750000,0.000000
132,153.150000,0.000000
134,156.050000,0.000000
136,158.750000,0.000000
138,161.350000,0.000000
140,164.250000,0.000000
142,167.150000,0.000000
144,169.750000,0.000000
146,172.750000,0.000000
148,175.100000,0.000000
150,178.550000,0.000000
152,181.450000,0.000000
154,184.400000,0.000000
156,187.150000,0.000000
158,190.250000,0.000000
160,193.200000,0.000000
162,196.300000,0.000000
164,199.150000,0.000000
166,202.250000,0.000000
168,205.250000,0.000000
170,208.100000,0.000000
172,211.300000,0.000000
174,214.500000,0.000000
176,217.750000,0.000000
178,220.850000,0.000000
180,224.050000,0.000000
182,227.400000,0.000000
184,230.350000,0.000000
186,232.850000,0.000000
188,235.950000,0.000000
190,238.950000,0.000000
192,242.400000,0.000000
194,245.650000,0.000000
196,248.150000,0.000000
198,251.550000,0.000000
200,255.050000,0.000000
202,258.150000,0.000000
204,261.250000,0.000000
206,264.250000,0.000000
208,268.350000,0.000000
210,271.400000,0.000000
212,275.000000,0.000000
214,278.600000,0.000000
216,281.450000,0.000000
218,284.750000,0.000000
220,288.350000,0.000000
222,292.450000,0.000000
224,295.800000,0.000000
226,298.850000,0.000000
228,303.500000,0.000000
230,307.350000,0.000000
232,310.550000,0.000000
234,314.600000,0.000000
236,318.300000,0.000000
238,322.250000,0.000000
240,326.000000,0.000000
242,330.600000,0.000000
244,334.800000,0.000000
246,338.850000,0.000000
248,342.650000,0.000000
250,346.850000,0.000000
252,351.550000,0.000000
254,354.900000,0.000000
256,359.550000,0.000000
258,365.000000,0.000000
260,370.050000,0.000000
262,373.400000,0.000000
264,377.600000,0.000000
266,381.600000,0.000000
268,385.900000,0.000000
270,390.500000,0.000000
272,394.250000,0.000000
274,397.850000,0.000000
276,401.650000,0.000000
278,405.300000,0.000000
280,408.650000,0.000000
282,413.550000,0.000000
284,417.450000,0.000000
286,421.500000,0.000000
288,425.750000,0.000000
290,430.750000,0.000000
292,435.500000,0.000000
294,439.500000,0.000000
296,445.200000,0.000000
298,450.100000,0.000000
300,454.700000,0.000000
302,460.250000,0.000000
304,464.800000,0.000000
306,469.700000,0.000000
308,473.850000,0.000000
310,479.450000,0.000000
312,485.100000,0.000000
314,489.950000,0.000000
316,494.950000,0.000000
318,501.150000,0.000000
320,505.700000,0.000000
322,512.600000,0.000000
324,518.700000,0.000000
326,523.050000,0.000000
328,528.150000,0.000000
330,532.350000,0.000000
332,536.950000,0.000000
334,542.250000,0.000000
336,547.300000,0.000000
338,551.400000,0.000000
340,557.650000,0.000000
342,562.100000,0.000000
344,569.850000,0.000000
346,575.650000,0.000000
348,581.150000,0.000000
350,585.750000,0.000000
352,592.050000,0.000000
354,598.050000,0.000000
356,605.000000,0.000000
358,612.600000,0.000000
360,620.600000,0.000000
362,625.450000,0.000000
364,632.450000,0.000000
366,638.550000,0.000000
368,645.200000,0.000000
370,650.750000,0.000000
372,657.000000,0.000000
374,664.450000,0.000000
376,672.550000,0.000000
378,680.400000,0.000000
380,687.450000,0.000000
382,694.400000,0.000000
384,701.400000,0.000000
386,706.600000,0.000000
388,713.800000,0.000000
390,719.750000,0.000000
392,725.850000,0.000000
394,732.900000,0.000000
396,742.750000,0.000000
398,750.600000,0.000000
400,757.200000,0.000000
402,767.500000,0.000000
404,775.500000,0.000000
406,783.150000,0.000000
408,789.550000,0.000000
410,795.050000,0.000000
412,801.900000,0.000000
414,808.700000,0.000000
416,822.200000,0.000000
418,832.550000,0.000000
420,840.850000,0.000000
422,849.100000,0.000000
424,860.650000,0.000000
426,876.100000,0.000000
428,883.400000,0.000000
430,896.550000,0.000000
432,905.650000,0.000000
434,915.500000,0.000000
436,927.100000,0.000000
438,936.000000,0.000000
440,946.900000,0.000000
442,957.200000,0.000000
444,967.800000,0.000000
446,983.150000,0.000000
448,999.700000,0.000000
450,1007.500000,0.000000
452,1019.350000,0.000000
454,1031.500000,0.000000
456,1041.550000,0.000000
458,1052.900000,0.000000
460,1069.750000,0.000000
462,1084.400000,0.000000
464,1104.450000,0.000000
466,1113.850000,0.000000
468,1135.450000,0.000000
470,1148.400000,0.000000
472,1156.900000,0.000000
474,1163.700000,0.000000
476,1173.600000,0.000000
478,1187.200000,0.000000
480,1207.100000,0.000000
482,1215.300000,0.000000
484,1232.050000,0.000000
486,1249.500000,0.000000
488,1264.850000,0.000000
490,1288.550000,0.000000
492,1311.450000,0.000000
494,1330.450000,0.000000
496,1341.150000,0.000000
498,1354.100000,0.000000
500,1396.200000,0.000000
502,1408.900000,0.000000
504,1447.750000,0.000000
506,1470.600000,0.000000
508,1494.500000,0.000000
510,1511.450000,0.000000
512,1549.900000,0.000000
514,1568.550000,0.000000
516,1614.550000,0.000000
518,1646.400000,0.000000
520,1685.150000,0.000000
522,1705.150000,0.000000
524,1726.900000,0.000000
526,1782.750000,0.000000
528,1827.350000,0.000000
530,1845.600000,0.000000
532,1878.400000,0.000000
534,1914.050000,0.000000
536,1958.600000,0.000000
538,1996.300000,0.000000
540,2060.800000,0.000000
542,2108.950000,0.000000
544,2154.250000,0.000000
546,2208.450000,0.000000
548,2266.300000,0.000000
550,2326.000000,0.000000
552,2341.250000,0.000000
554,2399.700000,0.000000
556,2452.350000,0.000000
558,2486.150000,0.000000
560,2568.850000,0.000000
562,2631.100000,0.000000
564,2699.100000,0.000000
566,2801.750000,0.000000
568,2872.400000,0.000000
570,2959.850000,0.000000
572,3054.750000,0.000000
574,3103.650000,0.000000
576,3210.150000,0.000000
578,3316.750000,0.000000
580,3496.700000,0.000000
582,3617.250000,0.000000
584,3691.900000,0.000000
586,3783.550000,0.000000
588,3830.450000,0.000000
590,4014.350000,0.000000
592,4102.800000,0.000000
594,4193.350000,0.000000
596,4335.950000,0.000000
598,4432.050000,0.000000
600,4601.500000,0.000000
602,4707.150000,0.000000
604,4927.500000,0.000000
606,5009.850000,0.000000
608,5177.600000,0.000000
610,5303.800000,0.000000
612,5417.350000,0.000000
614,5542.200000,0.000000
616,5655.500000,0.000000
618,5848.750000,0.000000
620,5960.950000,0.000000
622,6116.700000,0.000000
624,6260.800000,0.000000
626,6377.600000,0.000000
628,6535.250000,0.000000
630,6692.450000,0.000000
632,6937.200000,0.000000
634,7094.900000,0.000000
636,7235.050000,0.000000
638,7339.950000,0.000000
640,7591.200000,0.000000
642,7739.700000,0.000000
644,7958.100000,0.000000
646,8105.150000,0.000000
648,8363.050000,0.000000
650,8590.350000,0.000000
652,8905.950000,0.000000
654,9042.350000,0.000000
656,9335.300000,0.000000
658,9592.950000,0.000000
660,9726.500000,0.000000
662,9904.000000,0.000000
664,10148.800000,0.000000
666,10372.950000,0.000000
668,10668.600000,0.000000
670,11012.750000,0.000000
672,11263.400000,0.000000
674,11494.400000,0.000000
676,11702.750000,0.000000
678,12009.650000,0.000000
680,12203.600000,0.000000
682,12543.250000,0.000000
684,12715.600000,0.000000
686,13010.150000,0.000000
688,13186.100000,0.000000
690,13386.650000,0.000000
692,13603.900000,0.000000
694,13823.800000,0.000000
696,14073.500000,0.000000
698,14199.900000,0.000000
700,14425.000000,0.000000
702,14506.000000,0.000000
704,14908.850000,0.000000
706,15242.150000,0.000000
708,15508.150000,0.000000
710,15875.650000,0.000000
712,16244.350000,0.000000
714,16621.850000,0.000000
716,16945.400000,0.000000
718,17269.450000,0.000000
720,17568.250000,0.000000
722,17843.750000,0.000000
724,18145.550000,0.000000
726,18445.400000,0.000000
728,18725.100000,0.000000
730,19112.800000,0.000000
732,19364.000000,0.000000
734,19703.600000,0.000000
736,19903.750000,0.000000
738,20165.350000,0.000000
740,20365.150000,0.000000
742,20907.350000,0.000000
744,21223.900000,0.000000
746,21373.300000,0.000000
748,21581.500000,0.000000
750,21790.600000,0.000000
752,22144.500000,0.000000
754,22414.150000,0.000000
756,22680.300000,0.000000
758,22865.300000,0.000000
760,23194.100000,0.000000
762,23498.100000,0.000000
764,23798.600000,0.000000
766,24133.850000,0.000000
768,24524.350000,0.000000
770,24801.050000,0.000000
772,25079.300000,0.000000
774,25419.650000,0.000000
776,25758.500000,0.000000
778,26195.300000,0.000000
780,26599.200000,0.000000
782,26884.350000,0.000000
784,27137.950000,0.000000
786,27452.050000,0.000000
788,27735.650000,0.000000
790,27990.100000,0.000000
792,28277.150000,0.000000
794,28692.900000,0.000000
796,29172.550000,0.000000
798,29431.300000,0.000000
800,29724.200000,0.000000
802,30048.250000,0.000000
804,30409.850000,0.000000
806,30605.400000,0.000000
808,30870.500000,0.000000
810,31168.750000,0.000000
812,31563.400000,0.000000
814,32059.750000,0.000000
816,32361.900000,0.000000
818,32732.050000,0.000000
820,33096.700000,0.000000
822,33299.100000,0.000000
824,33468.950000,0.000000
826,33772.350000,0.000000
828,34043.850000,0.000000
830,34384.500000,0.000000
832,34658.450000,0.000000
834,34862.450000,0.000000
836,35239.300000,0.000000
838,35547.500000,0.000000
840,35789.800000,0.000000
842,36033.900000,0.000000
844,36414.600000,0.000000
846,36659.400000,0.000000
848,37010.000000,0.000000
850,37324.200000,0.000000
852,37497.600000,0.000000
854,37638.200000,0.000000
856,37953.700000,0.000000
858,38378.450000,0.000000
860,38697.500000,0.000000
862,39054.000000,0.000000
864,39480.450000,0.000000
866,39944.100000,0.000000
868,40268.650000,0.000000
870,40554.550000,0.000000
872,40772.500000,0.000000
874,41278.350000,0.000000
876,41783.950000,0.000000
878,42255.000000,0.000000
880,42723.100000,0.000000
882,42938.650000,0.000000
884,43192.850000,0.000000
886,43304.900000,0.000000
888,43597.550000,0.000000
890,43815.600000,0.000000
892,44289.050000,0.000000
894,44545.650000,0.000000
896,44952.850000,0.000000
898,45174.300000,0.000000
900,45432.850000,0.000000
902,45726.950000,0.000000
904,46135.950000,0.000000
906,46545.150000,0.000000
908,46655.950000,0.000000
910,47102.900000,0.000000
912,47476.900000,0.000000
914,47735.700000,0.000000
916,48108.950000,0.000000
918,48407.100000,0.000000
920,48705.000000,0.000000
922,48931.000000,0.000000
924,49194.600000,0.000000
926,49382.650000,0.000000
928,49685.750000,0.000000
930,49877.850000,0.000000
932,50218.600000,0.000000
934,50637.700000,0.000000
936,50677.200000,0.000000
938,50981.950000,0.000000
940,51285.100000,0.000000
942,51514.800000,0.000000
944,51784.850000,0.000000
946,52092.950000,0.000000
948,52286.000000,0.000000
950,52519.300000,0.000000
952,52788.750000,0.000000
954,52981.700000,0.000000
956,53174.550000,0.000000
958,53484.250000,0.000000
960,53678.600000,0.000000
962,53834.700000,0.000000
964,54028.200000,0.000000
966,54223.700000,0.000000
968,54691.900000,0.000000
970,55006.000000,0.000000
972,55398.900000,0.000000
974,55516.900000,0.000000
976,55914.900000,0.000000
978,56111.950000,0.000000
980,56586.100000,0.000000
982,56825.050000,0.000000
984,57063.400000,0.000000
986,57261.150000,0.000000
988,57580.500000,0.000000
990,57820.100000,0.000000
992,58218.600000,0.000000
994,58416.550000,0.000000
996,58655.500000,0.000000
998,58855.500000,0.000000
1000,59175.550000,0.000000
1002,59377.650000,0.000000
1004,59697.700000,0.000000
1006,60019.000000,0.000000
1008,60261.350000,0.000000
1010,60583.750000,0.000000
1012,60986.700000,0.000000
1014,61269.900000,0.000000
1016,61513.800000,0.000000
1018,61795.950000,0.000000
1020,62120.350000,0.000000
1022,62485.950000,0.000000
1024,62729.300000,0.000000
1026,62932.900000,0.000000
1028,63217.700000,0.000000
1030,63503.900000,0.000000
1032,63909.900000,0.000000
1034,64115.600000,0.000000
1036,64403.550000,0.000000
1038,64770.800000,0.000000
1040,65099.150000,0.000000
1042,65305.000000,0.000000
1044,65427.600000,0.000000
1046,65799.150000,0.000000
1048,66046.350000,0.000000
1050,66253.100000,0.000000
1052,66501.150000,0.000000
1054,66707.750000,0.000000
1056,66872.650000,0.000000
1058,67121.450000,0.000000
1060,67329.300000,0.000000
1062,67495.700000,0.000000
1064,67744.950000,0.000000
1066,67954.300000,0.000000
1068,68287.850000,0.000000
1070,68414.400000,0.000000
1072,68664.400000,0.000000
1074,68874.150000,0.000000
1076,69000.350000,0.000000
1078,69333.850000,0.000000
1080,69626.650000,0.000000
1082,69794.650000,0.000000
1084,70047.050000,0.000000
1086,70257.450000,0.000000
1088,70425.750000,0.000000
1090,70552.350000,0.000000
1092,70763.050000,0.000000
1094,71184.350000,0.000000
1096,71437.750000,0.000000
1098,71690.850000,0.000000
1100,71987.750000,0.000000
1102,72200.100000,0.000000
1104,72496.500000,0.000000
1106,72667.200000,0.000000
1108,72794.650000,0.000000
1110,73049.600000,0.000000
1112,73178.400000,0.000000
1114,73389.600000,0.000000
1116,73645.150000,0.000000
1118,73815.250000,0.000000
1120,73985.750000,0.000000
1122,74284.300000,0.000000
1124,74540.600000,0.000000
1126,74926.750000,0.000000
1128,75053.950000,0.000000
1130,75311.400000,0.000000
1132,75483.150000,0.000000
1134,75870.800000,0.000000
1136,76043.800000,0.000000
1138,76300.200000,0.000000
1140,76429.650000,0.000000
1142,76559.200000,0.000000
1144,76817.350000,0.000000
1146,77078.050000,0.000000
1148,77379.800000,0.000000
1150,77639.100000,0.000000
1152,77854.400000,0.000000
1154,77941.850000,0.000000
1156,78203.000000,0.000000
1158,78376.900000,0.000000
1160,78593.650000,0.000000
1162,78767.650000,0.000000
1164,79026.000000,0.000000
1166,79286.700000,0.000000
1168,79505.950000,0.000000
1170,79637.800000,0.000000
1172,79942.800000,0.000000
1174,80118.150000,0.000000
1176,80205.900000,0.000000
1178,80380.900000,0.000000
1180,80598.650000,0.000000
1182,80774.750000,0.000000
1184,80949.500000,0.000000
1186,81082.200000,0.000000
1188,81214.000000,0.000000
1190,81434.000000,0.000000
1192,81653.400000,0.000000
1194,81828.150000,0.000000
1196,81916.900000,0.000000
1198,81961.200000,0.000000
1200,82094.150000,0.000000
1202,82270.000000,0.000000
1204,82667.300000,0.000000
1206,82756.200000,0.000000
1208,82888.150000,0.000000
1210,83153.000000,0.000000
1212,83241.850000,0.000000
1214,83330.200000,0.000000
1216,83552.000000,0.000000
1218,83685.150000,0.000000
1220,83906.600000,0.000000
1222,84216.000000,0.000000
1224,84305.000000,0.000000
1226,84438.250000,0.000000
1228,84527.500000,0.000000
1230,84838.150000,0.000000
1232,85015.650000,0.000000
1234,85283.300000,0.000000
1236,85506.700000,0.000000
1238,85729.750000,0.000000
1240,85819.100000,0.000000
1242,85998.150000,0.000000
1244,86042.700000,0.000000
1246,86222.300000,0.000000
1248,86267.950000,0.000000
1250,86357.900000,0.000000
1252,86446.850000,0.000000
1254,86624.600000,0.000000
1256,86670.500000,0.000000
1258,86894.150000,0.000000
1260,87118.600000,0.000000
1262,87342.900000,0.000000
1264,87432.600000,0.000000
1266,87611.800000,0.000000
1268,87746.550000,0.000000
1270,87970.750000,0.000000
1272,88015.600000,0.000000
1274,88196.100000,0.000000
1276,88420.950000,0.000000
1278,88555.700000,0.000000
1280,88691.050000,0.000000
1282,88781.350000,0.000000
1284,88916.750000,0.000000
1286,89187.600000,0.000000
1288,89503.700000,0.000000
1290,89818.550000,0.000000
1292,89863.650000,0.000000
1294,89998.050000,0.000000
1296,90180.050000,0.000000
1298,90360.550000,0.000000
1300,90723.550000,0.000000
1302,90949.000000,0.000000
1304,91177.250000,0.000000
1306,91358.250000,0.000000
1308,91493.850000,0.000000
1310,91675.300000,0.000000
1312,91812.450000,0.000000
1314,92039.300000,0.000000
1316,92130.650000,0.000000
1318,92130.850000,0.000000
1320,92222.900000,0.000000
1322,92495.700000,0.000000
1324,92586.950000,0.000000
1326,92859.450000,0.000000
1328,92996.600000,0.000000
1330,93133.000000,0.000000
1332,93178.850000,0.000000
1334,93407.300000,0.000000
1336,93636.800000,0.000000
1338,93728.000000,0.000000
1340,93910.450000,0.000000
1342,94047.500000,0.000000
1344,94139.800000,0.000000
1346,94139.900000,0.000000
1348,94276.900000,0.000000
1350,94323.250000,0.000000
1352,94415.050000,0.000000
1354,94599.050000,0.000000
1356,94783.500000,0.000000
1358,94875.100000,0.000000
1360,95012.650000,0.000000
1362,95105.000000,0.000000
1364,95334.400000,0.000000
1366,95518.750000,0.000000
1368,95565.000000,0.000000
1370,95657.600000,0.000000
1372,95703.500000,0.000000
1374,95749.600000,0.000000
1376,95840.950000,0.000000
1378,95979.150000,0.000000
1380,96117.500000,0.000000
1382,96209.650000,0.000000
1384,96487.600000,0.000000
1386,96533.500000,0.000000
1388,96625.800000,0.000000
1390,96672.250000,0.000000
1392,96764.700000,0.000000
1394,97041.650000,0.000000
1396,97087.850000,0.000000
1398,97180.100000,0.000000
1400,97226.150000,0.000000
1402,97364.550000,0.000000
1404,97596.350000,0.000000
1406,97642.800000,0.000000
1408,97735.350000,0.000000
1410,97874.800000,0.000000
1412,97967.700000,0.000000
1414,98245.750000,0.000000
1416,98338.650000,0.000000
1418,98385.150000,0.000000
1420,98571.400000,0.000000
1422,98571.550000,0.000000
1424,98664.400000,0.000000
1426,98757.450000,0.000000
1428,98803.950000,0.000000
1430,98943.750000,0.000000
1432,99083.050000,0.000000
1434,99176.350000,0.000000
1436,99269.800000,0.000000
1438,99363.000000,0.000000
1440,99409.450000,0.000000
1442,99595.400000,0.000000
1444,99827.900000,0.000000
1446,100061.000000,0.000000
1448,100154.200000,0.000000
1450,100154.250000,0.000000
1452,100294.150000,0.000000
1454,100434.150000,0.000000
1456,100621.050000,0.000000
1458,100714.500000,0.000000
1460,100808.600000,0.000000
1462,100902.550000,0.000000
1464,100949.500000,0.000000
1466,100949.600000,0.000000
1468,100997.250000,0.000000
1470,101091.250000,0.000000
1472,101231.550000,0.000000
1474,101324.400000,0.000000
1476,101370.950000,0.000000
1478,101558.600000,0.000000
1480,101838.100000,0.000000
1482,102026.000000,0.000000
1484,102213.050000,0.000000
1486,102259.600000,0.000000
1488,102353.100000,0.000000
1490,102353.350000,0.000000
1492,102400.450000,0.000000
1494,102541.100000,0.000000
1496,102635.050000,0.000000
1498,102824.150000,0.000000
1500,102871.250000,0.000000
1502,102918.750000,0.000000
1504,103058.850000,0.000000
1506,103105.600000,0.000000
1508,103246.150000,0.000000
1510,103293.250000,0.000000
1512,103433.900000,0.000000
1514,103669.050000,0.000000
1516,103858.100000,0.000000
1518,103952.600000,0.000000
1520,104047.000000,0.000000
1522,104141.550000,0.000000
1524,104236.600000,0.000000
1526,104331.450000,0.000000
1528,104472.650000,0.000000
1530,104613.950000,0.000000
1532,104661.100000,0.000000
1534,104755.750000,0.000000
1536,104943.900000,0.000000
1538,104991.250000,0.000000
1540,105085.550000,0.000000
1542,105181.050000,0.000000
1544,105275.750000,0.000000
1546,105418.550000,0.000000
1548,105465.650000,0.000000
1550,105654.850000,0.000000
1552,105655.000000,0.000000
1554,105797.700000,0.000000
1556,105797.800000,0.000000
1558,105893.100000,0.000000
1560,105893.150000,0.000000
1562,106034.500000,0.000000
1564,106176.550000,0.000000
1566,106271.550000,0.000000
1568,106271.800000,0.000000
1570,106319.300000,0.000000
1572,106319.350000,0.000000
1574,106366.600000,0.000000
1576,106461.000000,0.000000
1578,106508.550000,0.000000
1580,106603.400000,0.000000
1582,106698.600000,0.000000
1584,106745.850000,0.000000
1586,106745.850000,0.000000
1588,106793.400000,0.000000
1590,106983.800000,0.000000
1592,107079.200000,0.000000
1594,107127.200000,0.000000
1596,107174.550000,0.000000
1598,107174.850000,0.000000
1600,107174.950000,0.000000
1602,107270.300000,0.000000
1604,107317.950000,0.000000
1606,107413.300000,0.000000
1608,107461.150000,0.000000
1610,107556.750000,0.000000
1612,107652.300000,0.000000
1614,107747.850000,0.000000
1616,107795.200000,0.000000
1618,107843.300000,0.000000
1620,107939.650000,0.000000
1622,107987.400000,0.000000
1624,108035.400000,0.000000
1626,108083.450000,0.000000
1628,108178.250000,0.000000
1630,108273.800000,0.000000
1632,108273.850000,0.000000
1634,108369.250000,0.000000
1636,108512.400000,0.000000
1638,108559.950000,0.000000
1640,108703.050000,0.000000
1642,108798.900000,0.000000
1644,108799.050000,0.000000
1646,108895.250000,0.000000
1648,108990.750000,0.000000
1650,109039.250000,0.000000
1652,109134.600000,0.000000
1654,109277.700000,0.000000
1656,109373.400000,0.000000
1658,109421.350000,0.000000
1660,109660.550000,0.000000
1662,109708.250000,0.000000
1664,109900.300000,0.000000
1666,109900.400000,0.000000
1668,109996.250000,0.000000
1670,110139.900000,0.000000
1672,110188.200000,0.000000
1674,110236.000000,0.000000
1676,110332.450000,0.000000
1678,110332.550000,0.000000
1680,110332.550000,0.000000
1682,110428.250000,0.000000
1684,110476.350000,0.000000
1686,110524.050000,0.000000
1688,110668.200000,0.000000
1690,110859.800000,0.000000
1692,110956.250000,0.000000
1694,111004.450000,0.000000
1696,111100.600000,0.000000
1698,111149.200000,0.000000
1700,111245.850000,0.000000
1702,111245.950000,0.000000
1704,111438.400000,0.000000
1706,111486.500000,0.000000
1708,111582.850000,0.000000
1710,111582.900000,0.000000
1712,111679.600000,0.000000
1714,111824.500000,0.000000
1716,111968.650000,0.000000
1718,112016.600000,0.000000
1720,112064.350000,0.000000
1722,112209.300000,0.000000
1724,112305.700000,0.000000
1726,112305.850000,0.000000
1728,112306.050000,0.000000
1730,112451.000000,0.000000
1732,112643.900000,0.000000
1734,112643.950000,0.000000
1736,112691.850000,0.000000
1738,112787.650000,0.000000
1740,112835.450000,0.000000
1742,112835.600000,0.000000
1744,112835.700000,0.000000
1746,112932.050000,0.000000
1748,113028.400000,0.000000
1750,113125.150000,0.000000
1752,113173.600000,0.000000
1754,113173.600000,0.000000
1756,113173.650000,0.000000
1758,113270.250000,0.000000
1760,113414.700000,0.000000
1762,113511.400000,0.000000
1764,113559.850000,0.000000
1766,113559.850000,0.000000
1768,113752.150000,0.000000
1770,113848.950000,0.000000
1772,113946.100000,0.000000
1774,114139.400000,0.000000
1776,114187.600000,0.000000
1778,114187.750000,0.000000
1780,114283.800000,0.000000
1782,114380.250000,0.000000
1784,114526.200000,0.000000
1786,114623.250000,0.000000
1788,114671.550000,0.000000
1790,114816.800000,0.000000
1792,114865.150000,0.000000
1794,114962.050000,0.000000
1796,115058.950000,0.000000
1798,115059.150000,0.000000
1800,115107.400000,0.000000
1802,115155.550000,0.000000
1804,115204.300000,0.000000
1806,115301.350000,0.000000
1808,115349.500000,0.000000
1810,115446.700000,0.000000
1812,115495.000000,0.000000
1814,115639.800000,0.000000
1816,115639.850000,0.000000
1818,115688.150000,0.000000
1820,115688.300000,0.000000
1822,115736.850000,0.000000
1824,115931.100000,0.000000
1826,116027.950000,0.000000
1828,116027.950000,0.000000
1830,116125.150000,0.000000
1832,116125.150000,0.000000
1834,116125.150000,0.000000
1836,116271.000000,0.000000
1838,116319.850000,0.000000
1840,116319.950000,0.000000
1842,116368.400000,0.000000
1844,116416.950000,0.000000
1846,116465.950000,0.000000
1848,116466.000000,0.000000
1850,116466.000000,0.000000
1852,116466.050000,0.000000
1854,116514.550000,0.000000
1856,116659.850000,0.000000
1858,116708.900000,0.000000
1860,116757.350000,0.000000
1862,116903.450000,0.000000
1864,116903.450000,0.000000
1866,116903.550000,0.000000
1868,116951.900000,0.000000
1870,116951.900000,0.000000
1872,117000.400000,0.000000
1874,117049.400000,0.000000
1876,117146.950000,0.000000
1878,117196.000000,0.000000
1880,117293.450000,0.000000
1882,117342.000000,0.000000
1884,117342.100000,0.000000
1886,117487.950000,0.000000
1888,117487.950000,0.000000
1890,117487.950000,0.000000
1892,117487.950000,0.000000
1894,117488.000000,0.000000
1896,117585.550000,0.000000
1898,117585.550000,0.000000
1900,117780.350000,0.000000
1902,117829.550000,0.000000
1904,117878.100000,0.000000
1906,117878.100000,0.000000
1908,117878.100000,0.000000
1910,118024.400000,0.000000
1912,118122.450000,0.000000
1914,118122.500000,0.000000
1916,118220.650000,0.000000
1918,118220.650000,0.000000
1920,118366.700000,0.000000
1922,118464.450000,0.000000
1924,118464.550000,0.000000
1926,118464.550000,0.000000
1928,118464.550000,0.000000
1930,118464.600000,0.000000
1932,118513.500000,0.000000
1934,118513.550000,0.000000
1936,118513.550000,0.000000
1938,118513.550000,0.000000
1940,118513.700000,0.000000
1942,118513.700000,0.000000
1944,118513.700000,0.000000
1946,118513.750000,0.000000
1948,118513.750000,0.000000
1950,118513.800000,0.000000
1952,118513.800000,0.000000
1954,118562.300000,0.000000
1956,118562.300000,0.000000
1958,118611.250000,0.000000
1960,118660.500000,0.000000
1962,118660.550000,0.000000
1964,118660.650000,0.000000
1966,118709.550000,0.000000
1968,118758.750000,0.000000
1970,118759.000000,0.000000
1972,118808.150000,0.000000
1974,118857.000000,0.000000
1976,118954.800000,0.000000
1978,118954.850000,0.000000
1980,118954.850000,0.000000
1982,118955.050000,0.000000
1984,119004.350000,0.000000
1986,119004.400000,0.000000
1988,119053.200000,0.000000
1990,119053.200000,0.000000
1992,119053.200000,0.000000
1994,119053.250000,0.000000
1996,119102.100000,0.000000
1998,119102.100000,0.000000
2000,119199.850000,0.000000
2002,119297.500000,0.000000
2004,119297.500000,0.000000
2006,119297.550000,0.000000
2008,119346.350000,0.000000
2010,119395.700000,0.000000
2012,119395.750000,0.000000
2014,119395.750000,0.000000
2016,119395.750000,0.000000
2018,119395.800000,0.000000
2020,119395.950000,0.000000
2022,119494.250000,0.000000
2024,119494.350000,0.000000
2026,119494.400000,0.000000
2028,119494.400000,0.000000
2030,119494.450000,0.000000
2032,119543.750000,0.000000
2034,119593.000000,0.000000
2036,119641.750000,0.000000
2038,119739.550000,0.000000
2040,119788.650000,0.000000
2042,119788.650000,0.000000
2044,119837.850000,0.000000
2046,119837.850000,0.000000
2048,119837.950000,0.000000
2050,119886.900000,0.000000
2052,119935.900000,0.000000
2054,120083.400000,0.000000
2056,120132.350000,0.000000
2058,120132.400000,0.000000
2060,120230.350000,0.000000
2062,120230.400000,0.000000
2064,120328.200000,0.000000
2066,120328.200000,0.000000
2068,120426.200000,0.000000
2070,120524.300000,0.000000
2072,120573.450000,0.000000
2074,120622.350000,0.000000
2076,120622.450000,0.000000
2078,120720.750000,0.000000
2080,120770.100000,0.000000
2082,120770.100000,0.000000
2084,120868.250000,0.000000
2086,120966.200000,0.000000
2088,120966.200000,0.000000
2090,121015.350000,0.000000
2092,121113.900000,0.000000
2094,121212.200000,0.000000
2096,121212.250000,0.000000
2098,121261.600000,0.000000
2100,121310.800000,0.000000
2102,121409.150000,0.000000
2104,121409.200000,0.000000
2106,121458.500000,0.000000
2108,121458.650000,0.000000
2110,121507.800000,0.000000
2112,121507.800000,0.000000
2114,121507.800000,0.000000
2116,121507.850000,0.000000
2118,121507.850000,0.000000
2120,121606.500000,0.000000
2122,121606.500000,0.000000
2124,121606.500000,0.000000
2126,121655.700000,0.000000
2128,121655.700000,0.000000
2130,121655.750000,0.000000
2132,121655.850000,0.000000
2134,121655.950000,0.000000
2136,121754.400000,0.000000
2138,121754.450000,0.000000
2140,121803.750000,0.000000
2142,121853.050000,0.000000
2144,121902.200000,0.000000
2146,121902.200000,0.000000
2148,122000.600000,0.000000
2150,122049.900000,0.000000
2152,122049.900000,0.000000
2154,122148.200000,0.000000
2156,122197.250000,0.000000
2158,122197.300000,0.000000
2160,122246.700000,0.000000
2162,122246.700000,0.000000
2164,122345.000000,0.000000
2166,122443.650000,0.000000
2168,122443.700000,0.000000
2170,122493.100000,0.000000
2172,122542.100000,0.000000
2174,122591.150000,0.000000
2176,122689.600000,0.000000
2178,122739.000000,0.000000
2180,122739.000000,0.000000
2182,122837.750000,0.000000
2184,122837.800000,0.000000
2186,122837.850000,0.000000
2188,122936.600000,0.000000
2190,122985.950000,0.000000
2192,123035.250000,0.000000
2194,123035.400000,0.000000
2196,123035.450000,0.000000
2198,123035.450000,0.000000
2200,123035.450000,0.000000
2202,123084.900000,0.000000
2204,123134.000000,0.000000
2206,123134.150000,0.000000
2208,123134.150000,0.000000
2210,123134.150000,0.000000
2212,123134.150000,0.000000
2214,123134.150000,0.000000
2216,123134.150000,0.000000
2218,123134.150000,0.000000
2220,123232.600000,0.000000
2222,123282.100000,0.000000
2224,123331.550000,0.000000
2226,123331.600000,0.000000
2228,123381.300000,0.000000
2230,123430.750000,0.000000
2232,123480.050000,0.000000
2234,123529.200000,0.000000
2236,123529.200000,0.000000
2238,123578.500000,0.000000
2240,123578.500000,0.000000
2242,123578.500000,0.000000
2244,123578.550000,0.000000
2246,123578.550000,0.000000
2248,123578.600000,0.000000
2250,123578.600000,0.000000
2252,123578.600000,0.000000
2254,123677.050000,0.000000
2256,123677.050000,0.000000
2258,123726.550000,0.000000
2260,123775.850000,0.000000
2262,123825.450000,0.000000
2264,123825.450000,0.000000
2266,123825.450000,0.000000
2268,123825.450000,0.000000
2270,123825.450000,0.000000
2272,123825.450000,0.000000
2274,123875.050000,0.000000
2276,123924.250000,0.000000
2278,123924.350000,0.000000
2280,123973.650000,0.000000
2282,123973.700000,0.000000
2284,123973.700000,0.000000
2286,124072.400000,0.000000
2288,124171.300000,0.000000
2290,124220.750000,0.000000
2292,124220.750000,0.000000
2294,124220.750000,0.000000
2296,124220.750000,0.000000
2298,124220.750000,0.000000
2300,124220.850000,0.000000
2302,124270.450000,0.000000
2304,124369.100000,0.000000
2306,124369.150000,0.000000
2308,124369.200000,0.000000
2310,124369.250000,0.000000
2312,124468.050000,0.000000
2314,124468.100000,0.000000
2316,124468.100000,0.000000
2318,124468.150000,0.000000
2320,124517.700000,0.000000
2322,124517.700000,0.000000
2324,124567.100000,0.000000
2326,124567.100000,0.000000
2328,124567.150000,0.000000
2330,124567.150000,0.000000
2332,124567.150000,0.000000
2334,124567.150000,0.000000
2336,124616.500000,0.000000
2338,124616.500000,0.000000
2340,124616.500000,0.000000
2342,124616.550000,0.000000
2344,124616.600000,0.000000
2346,124616.600000,0.000000
2348,124616.600000,0.000000
2350,124616.600000,0.000000
2352,124616.600000,0.000000
2354,124616.600000,0.000000
2356,124616.600000,0.000000
2358,124616.600000,0.000000
2360,124616.650000,0.000000
2362,124616.650000,0.000000
2364,124666.150000,0.000000
2366,124666.150000,0.000000
2368,124715.750000,0.000000
2370,124765.150000,0.000000
2372,124765.150000,0.000000
2374,124765.200000,0.000000
2376,124814.850000,0.000000
2378,124864.500000,0.000000
2380,124864.500000,0.000000
2382,124913.800000,0.000000
2384,124913.800000,0.000000
2386,124963.500000,0.000000
2388,124963.500000,0.000000
2390,124963.500000,0.000000
2392,124963.500000,0.000000
2394,125012.850000,0.000000
2396,125012.850000,0.000000
2398,125062.300000,0.000000
2400,125161.150000,0.000000
2402,125260.050000,0.000000
2404,125309.550000,0.000000
2406,125309.550000,0.000000
2408,125309.550000,0.000000
2410,125359.150000,0.000000
2412,125359.200000,0.000000
2414,125359.250000,0.000000
2416,125359.300000,0.000000
2418,125359.300000,0.000000
2420,125359.300000,0.000000
2422,125408.850000,0.000000
2424,125458.350000,0.000000
2426,125458.350000,0.000000
2428,125458.350000,0.000000
2430,125507.900000,0.000000
2432,125557.350000,0.000000
2434,125606.950000,0.000000
2436,125606.950000,0.000000
2438,125607.000000,0.000000
2440,125607.000000,0.000000
2442,125656.450000,0.000000
2444,125656.450000,0.000000
2446,125656.450000,0.000000
2448,125706.150000,0.000000
2450,125755.700000,0.000000
2452,125755.700000,0.000000
2454,125755.750000,0.000000
2456,125805.500000,0.000000
2458,125805.500000,0.000000
2460,125805.500000,0.000000
2462,125805.550000,0.000000
2464,125805.550000,0.000000
2466,125805.550000,0.000000
2468,125805.550000,0.000000
2470,125805.550000,0.000000
2472,125805.550000,0.000000
2474,125805.600000,0.000000
2476,125904.700000,0.000000
2478,125904.700000,0.000000
2480,126003.850000,0.000000
2482,126003.850000,0.000000
2484,126003.850000,0.000000
2486,126003.850000,0.000000
2488,126003.900000,0.000000
2490,126003.950000,0.000000
2492,126003.950000,0.000000
2494,126004.050000,0.000000
2496,126004.050000,0.000000
2498,126004.150000,0.000000
2500,126004.150000,0.000000
2502,126004.200000,0.000000
2504,126004.200000,0.000000
2506,126004.200000,0.000000
2508,126004.200000,0.000000
2510,126004.200000,0.000000
2512,126004.200000,0.000000
2514,126004.200000,0.000000
2516,126004.200000,0.000000
2518,126004.250000,0.000000
2520,126053.900000,0.000000
2522,126053.900000,0.000000
2524,126053.900000,0.000000
2526,126053.950000,0.000000
2528,126053.950000,0.000000
2530,126053.950000,0.000000
2532,126053.950000,0.000000
2534,126054.000000,0.000000
2536,126054.000000,0.000000
2538,126054.000000,0.000000
2540,126054.000000,0.000000
2542,126103.550000,0.000000
2544,126153.200000,0.000000
2546,126153.250000,0.000000
2548,126153.250000,0.000000
2550,126153.250000,0.000000
2552,126153.250000,0.000000
2554,126153.250000,0.000000
2556,126202.800000,0.000000
2558,126252.650000,0.000000
2560,126252.650000,0.000000
2562,126252.700000,0.000000
2564,126252.700000,0.000000
2566,126302.200000,0.000000
2568,126302.200000,0.000000
2570,126302.250000,0.000000
2572,126351.800000,0.000000
2574,126401.600000,0.000000
2576,126401.600000,0.000000
2578,126401.700000,0.000000
2580,126401.700000,0.000000
2582,126451.400000,0.000000
2584,126451.400000,0.000000
2586,126451.400000,0.000000
2588,126451.400000,0.000000
2590,126451.400000,0.000000
2592,126451.400000,0.000000
2594,126451.400000,0.000000
2596,126451.400000,0.000000
2598,126451.400000,0.000000
2600,126500.950000,0.000000
2602,126500.950000,0.000000
2604,126500.950000,0.000000
2606,126501.000000,0.000000
2608,126501.000000,0.000000
2610,126501.000000,0.000000
2612,126550.650000,0.000000
2614,126550.650000,0.000000
2616,126550.650000,0.000000
2618,126550.650000,0.000000
2620,126550.700000,0.000000
2622,126550.700000,0.000000
2624,126550.750000,0.000000
2626,126550.750000,0.000000
2628,126550.800000,0.000000
2630,126550.850000,0.000000
2632,126550.850000,0.000000
2634,126550.850000,0.000000
2636,126550.850000,0.000000
2638,126550.850000,0.000000
2640,126600.500000,0.000000
2642,126600.500000,0.000000
2644,126650.100000,0.000000
2646,126699.850000,0.000000
2648,126749.700000,0.000000
2650,126749.700000,0.000000
2652,126749.700000,0.000000
2654,126749.700000,0.000000
2656,126749.750000,0.000000
2658,126749.750000,0.000000
2660,126749.750000,0.000000
2662,126749.750000,0.000000
2664,126749.750000,0.000000
2666,126749.750000,0.000000
2668,126749.750000,0.000000
2670,126749.800000,0.000000
2672,126749.950000,0.000000
2674,126749.950000,0.000000
2676,126750.050000,0.000000
2678,126750.050000,0.000000
2680,126750.050000,0.000000
2682,126750.050000,0.000000
2684,126750.050000,0.000000
2686,126750.050000,0.000000
2688,126750.050000,0.000000
2690,126750.100000,0.000000
2692,126799.900000,0.000000
2694,126849.550000,0.000000
2696,126849.550000,0.000000
2698,126899.250000,0.000000
2700,126899.250000,0.000000
2702,126899.250000,0.000000
2704,126948.950000,0.000000
2706,126998.600000,0.000000
2708,126998.650000,0.000000
2710,127048.400000,0.000000
2712,127048.400000,0.000000
2714,127048.400000,0.000000
2716,127147.900000,0.000000
2718,127147.900000,0.000000
2720,127147.900000,0.000000
2722,127147.900000,0.000000
2724,127147.950000,0.000000
2726,127197.700000,0.000000
2728,127197.700000,0.000000
2730,127197.700000,0.000000
2732,127197.700000,0.000000
2734,127197.700000,0.000000
2736,127247.500000,0.000000
2738,127247.500000,0.000000
2740,127247.500000,0.000000
2742,127347.050000,0.000000
2744,127347.100000,0.000000
2746,127347.100000,0.000000
2748,127396.700000,0.000000
2750,127396.700000,0.000000
2752,127396.700000,0.000000
2754,127396.700000,0.000000
2756,127396.750000,0.000000
2758,127446.400000,0.000000
2760,127446.400000,0.000000
2762,127446.400000,0.000000
2764,127446.400000,0.000000
2766,127446.450000,0.000000
2768,127446.450000,0.000000
2770,127446.450000,0.000000
2772,127446.450000,0.000000
2774,127446.450000,0.000000
2776,127446.450000,0.000000
2778,127446.450000,0.000000
2780,127446.450000,0.000000
2782,127446.450000,0.000000
2784,128282.894737,0.000000
2786,128282.894737,0.000000
2788,128282.894737,0.000000
2790,128282.894737,0.000000
2792,128282.894737,0.000000
2794,128282.894737,0.000000
2796,128282.947368,0.000000
2798,128282.947368,0.000000
2800,128282.947368,0.000000
2802,128282.947368,0.000000
2804,128282.947368,0.000000
2806,128283.000000,0.000000
2808,128283.000000,0.000000
2810,128335.473684,0.000000
2812,128335.473684,0.000000
2814,128335.473684,0.000000
2816,128335.473684,0.000000
2818,128335.473684,0.000000
2820,128335.473684,0.000000
2822,128387.842105,0.000000
2824,128440.157895,0.000000
2826,128440.157895,0.000000
2828,128440.157895,0.000000
2830,128440.157895,0.000000
2832,128440.157895,0.000000
2834,128440.210526,0.000000
2836,128440.210526,0.000000
2838,128440.210526,0.000000
2840,128492.578947,0.000000
2842,128492.631579,0.000000
2844,128492.631579,0.000000
2846,128492.631579,0.000000
2848,128492.631579,0.000000
2850,128492.631579,0.000000
2852,128492.631579,0.000000
2854,128492.631579,0.000000
2856,128492.631579,0.000000
2858,128492.631579,0.000000
2860,128492.736842,0.000000
2862,128545.105263,0.000000
2864,128597.473684,0.000000
2866,128597.473684,0.000000
2868,128597.473684,0.000000
2870,128597.473684,0.000000
2872,128597.473684,0.000000
2874,128649.894737,0.000000
2876,128649.947368,0.000000
2878,128649.947368,0.000000
2880,128649.947368,0.000000
2882,128649.947368,0.000000
2884,128649.947368,0.000000
2886,128649.947368,0.000000
2888,128649.947368,0.000000
2890,128649.947368,0.000000
2892,128649.947368,0.000000
2894,128649.947368,0.000000
2896,128649.947368,0.000000
2898,128649.947368,0.000000
2900,128649.947368,0.000000
2902,128650.000000,0.000000
2904,128650.000000,0.000000
2906,128650.000000,0.000000
2908,128650.000000,0.000000
2910,128650.000000,0.000000
2912,128650.052632,0.000000
2914,128702.526316,0.000000
2916,128702.526316,0.000000
2918,128702.526316,0.000000
2920,128702.526316,0.000000
2922,128754.947368,0.000000
2924,128754.947368,0.000000
2926,128754.947368,0.000000
2928,128755.000000,0.000000
2930,128807.473684,0.000000
2932,128807.526316,0.000000
2934,128807.526316,0.000000
2936,128807.578947,0.000000
2938,128859.947368,0.000000
2940,128859.947368,0.000000
2942,128859.947368,0.000000
2944,128912.473684,0.000000
2946,128912.473684,0.000000
2948,128964.842105,0.000000
2950,128964.842105,0.000000
2952,128964.842105,0.000000
2954,128964.842105,0.000000
2956,128964.842105,0.000000
2958,128964.842105,0.000000
2960,128964.842105,0.000000
2962,128964.842105,0.000000
2964,128964.842105,0.000000
2966,128964.842105,0.000000
2968,128964.894737,0.000000
2970,128964.894737,0.000000
2972,128964.894737,0.000000
2974,128964.894737,0.000000
2976,128964.894737,0.000000
2978,128964.947368,0.000000
2980,128964.947368,0.000000
2982,128964.947368,0.000000
2984,128964.947368,0.000000
2986,128965.000000,0.000000
2988,128965.000000,0.000000
2990,128965.052632,0.000000
2992,129017.368421,0.000000
2994,129017.368421,0.000000
2996,129017.421053,0.000000
2998,129017.421053,0.000000
3000,129017.473684,0.000000
3002,129017.473684,0.000000
3004,129017.473684,0.000000
3006,129017.473684,0.000000
3008,129017.473684,0.000000
3010,129069.894737,0.000000
3012,129069.894737,0.000000
3014,129069.894737,0.000000
3016,129069.894737,0.000000
3018,129069.894737,0.000000
3020,129069.894737,0.000000
3022,129069.894737,0.000000
3024,129791.555556,0.000000
3026,129791.555556,0.000000
3028,129791.555556,0.000000
3030,129791.555556,0.000000
3032,129791.555556,0.000000
3034,129791.611111,0.000000
3036,129791.611111,0.000000
3038,129791.611111,0.000000
3040,129791.611111,0.000000
3042,129791.611111,0.000000
3044,129791.611111,0.000000
3046,129791.611111,0.000000
3048,129791.611111,0.000000
3050,129791.611111,0.000000
3052,129791.611111,0.000000
3054,129791.666667,0.000000
3056,129791.666667,0.000000
3058,129791.666667,0.000000
3060,129791.666667,0.000000
3062,129791.666667,0.000000
3064,129791.666667,0.000000
3066,129791.666667,0.000000
3068,129791.666667,0.000000
3070,129791.666667,0.000000
3072,129791.666667,0.000000
3074,129791.666667,0.000000
3076,129791.666667,0.000000
3078,129791.666667,0.000000
3080,129791.666667,0.000000
3082,129791.666667,0.000000
3084,129791.666667,0.000000
3086,129791.666667,0.000000
3088,129791.666667,0.000000
3090,129791.666667,0.000000
3092,129791.666667,0.000000
3094,129791.666667,0.000000
3096,129902.388889,0.000000
3098,129902.388889,0.000000
3100,129902.388889,0.000000
3102,129902.388889,0.000000
3104,129902.388889,0.000000
3106,129902.388889,0.000000
3108,129957.833333,0.000000
3110,129957.833333,0.000000
3112,129957.833333,0.000000
3114,129957.833333,0.000000
3116,129957.833333,0.000000
3118,129957.833333,0.000000
3120,129957.833333,0.000000
3122,129957.833333,0.000000
3124,129957.888889,0.000000
3126,129957.888889,0.000000
3128,129957.888889,0.000000
3130,129957.888889,0.000000
3132,130013.333333,0.000000
3134,130013.333333,0.000000
3136,130013.333333,0.000000
3138,130124.111111,0.000000
3140,130124.111111,0.000000
3142,130179.555556,0.000000
3144,130179.555556,0.000000
3146,130179.555556,0.000000
3148,130179.555556,0.000000
3150,130179.611111,0.000000
3152,130604.705882,0.000000
3154,130604.705882,0.000000
3156,130604.705882,0.000000
3158,130604.764706,0.000000
3160,130604.764706,0.000000
3162,130604.764706,0.000000
3164,130604.764706,0.000000
3166,130604.764706,0.000000
3168,130604.764706,0.000000
3170,130604.764706,0.000000
3172,130604.764706,0.000000
3174,130604.764706,0.000000
3176,130604.764706,0.000000
3178,130604.764706,0.000000
3180,130604.764706,0.000000
3182,130604.764706,0.000000
3184,130604.764706,0.000000
3186,130604.764706,0.000000
3188,130604.823529,0.000000
3190,130604.823529,0.000000
3192,130663.470588,0.000000
3194,130663.470588,0.000000
3196,130663.470588,0.000000
3198,130663.470588,0.000000
3200,130663.470588,0.000000
3202,130663.470588,0.000000
3204,130663.470588,0.000000
3206,130663.470588,0.000000
3208,130663.470588,0.000000
3210,130663.470588,0.000000
3212,130663.470588,0.000000
3214,130229.187500,0.000000
3216,130229.187500,0.000000
3218,130229.187500,0.000000
3220,130229.187500,0.000000
3222,130229.187500,0.000000
3224,130229.187500,0.000000
3226,130229.187500,0.000000
3228,130229.187500,0.000000
3230,130229.187500,0.000000
3232,130229.187500,0.000000
3234,130229.250000,0.000000
3236,131112.000000,0.000000
3238,131112.000000,0.000000
3240,131112.000000,0.000000
3242,131112.000000,0.000000
3244,131112.066667,0.000000
3246,131112.066667,0.000000
3248,131112.066667,0.000000
3250,131112.066667,0.000000
3252,131112.066667,0.000000
3254,131112.066667,0.000000
3256,131112.066667,0.000000
3258,131112.066667,0.000000
3260,131112.133333,0.000000
3262,131112.133333,0.000000
3264,131112.133333,0.000000
3266,131112.133333,0.000000
3268,130450.076923,0.000000
3270,130450.076923,0.000000
3272,130450.076923,0.000000
3274,130450.076923,0.000000
3276,130450.076923,0.000000
3278,130450.076923,0.000000
3280,130450.076923,0.000000
3282,130450.153846,0.000000
3284,130450.153846,0.000000
3286,130450.153846,0.000000
3288,130450.153846,0.000000
3290,130450.153846,0.000000
3292,130450.153846,0.000000
3294,130450.153846,0.000000
3296,130450.153846,0.000000
3298,130450.153846,0.000000
3300,130526.923077,0.000000
3302,130526.923077,0.000000
3304,130526.923077,0.000000
3306,130526.923077,0.000000
3308,130526.923077,0.000000
3310,130526.923077,0.000000
3312,130526.923077,0.000000
3314,130526.923077,0.000000
3316,130526.923077,0.000000
3318,130526.923077,0.000000
3320,130526.923077,0.000000
3322,130526.923077,0.000000
3324,130526.923077,0.000000
3326,130526.923077,0.000000
3328,130526.923077,0.000000
3330,130526.923077,0.000000
3332,130526.923077,0.000000
3334,130526.923077,0.000000
3336,130526.923077,0.000000
3338,130526.923077,0.000000
3340,130526.923077,0.000000
3342,130526.923077,0.000000
3344,130526.923077,0.000000
3346,130526.923077,0.000000
3348,130526.923077,0.000000
3350,130603.461538,0.000000
3352,130603.461538,0.000000
3354,130603.538462,0.000000
3356,130603.538462,0.000000
3358,130603.538462,0.000000
3360,130603.538462,0.000000
3362,130603.538462,0.000000
3364,130603.538462,0.000000
3366,130603.538462,0.000000
3368,130603.615385,0.000000
3370,130603.615385,0.000000
3372,130603.615385,0.000000
3374,130603.615385,0.000000
3376,130603.615385,0.000000
3378,130603.615385,0.000000
3380,130680.384615,0.000000
3382,130680.384615,0.000000
3384,130680.384615,0.000000
3386,130680.384615,0.000000
3388,130680.384615,0.000000
3390,130680.384615,0.000000
3392,130680.384615,0.000000
3394,130680.384615,0.000000
3396,130680.384615,0.000000
3398,130680.384615,0.000000
3400,130757.076923,0.000000
3402,130757.076923,0.000000
3404,130757.076923,0.000000
3406,130757.076923,0.000000
3408,130757.076923,0.000000
3410,130757.076923,0.000000
3412,130757.076923,0.000000
3414,130757.076923,0.000000
3416,130757.076923,0.000000
3418,130757.076923,0.000000
3420,130757.076923,0.000000
3422,130757.076923,0.000000
3424,130757.076923,0.000000
3426,130757.076923,0.000000
3428,130757.076923,0.000000
3430,130757.076923,0.000000
3432,130929.250000,0.000000
3434,130929.250000,0.000000
3436,130929.250000,0.000000
3438,130929.250000,0.000000
3440,130929.250000,0.000000
3442,130929.250000,0.000000
3444,130929.250000,0.000000
3446,130929.250000,0.000000
3448,130929.250000,0.000000
3450,130929.250000,0.000000
3452,130929.250000,0.000000
3454,130929.250000,0.000000
3456,130929.250000,0.000000
3458,130929.250000,0.000000
3460,130929.250000,0.000000
3462,130929.250000,0.000000
3464,130929.250000,0.000000
3466,130929.250000,0.000000
3468,130929.250000,0.000000
3470,130929.250000,0.000000
3472,130929.250000,0.000000
3474,130929.250000,0.000000
3476,130929.250000,0.000000
3478,131012.500000,0.000000
3480,131012.500000,0.000000
3482,131012.500000,0.000000
3484,131012.500000,0.000000
3486,131012.500000,0.000000
3488,131012.500000,0.000000
3490,131012.500000,0.000000
3492,131012.500000,0.000000
3494,131012.500000,0.000000
3496,131012.500000,0.000000
3498,131012.500000,0.000000
3500,131012.500000,0.000000
3502,131012.500000,0.000000
3504,131012.500000,0.000000
3506,131012.500000,0.000000
3508,131012.500000,0.000000
3510,131012.500000,0.000000
3512,131012.500000,0.000000
3514,131012.500000,0.000000
3516,131012.500000,0.000000
3518,131012.500000,0.000000
3520,131012.500000,0.000000
3522,131012.500000,0.000000
3524,131012.500000,0.000000
3526,131012.500000,0.000000
3528,131012.500000,0.000000
3530,131012.500000,0.000000
3532,131012.500000,0.000000
3534,131012.500000,0.000000
3536,131012.500000,0.000000
3538,131012.500000,0.000000
3540,131012.500000,0.000000
3542,131012.500000,0.000000
3544,131012.500000,0.000000
3546,131012.500000,0.000000
3548,131012.500000,0.000000
3550,131012.500000,0.000000
3552,131012.500000,0.000000
3554,131012.500000,0.000000
3556,131012.500000,0.000000
3558,131012.500000,0.000000
3560,131012.500000,0.000000
3562,131012.500000,0.000000
3564,131012.500000,0.000000
3566,131012.500000,0.000000
3568,131012.500000,0.000000
3570,131012.500000,0.000000
3572,131095.666667,0.000000
3574,131095.666667,0.000000
3576,131095.666667,0.000000
3578,131095.666667,0.000000
3580,131095.666667,0.000000
3582,131095.666667,0.000000
3584,131095.666667,0.000000
3586,131095.666667,0.000000
3588,131095.666667,0.000000
3590,131095.666667,0.000000
3592,131095.666667,0.000000
3594,131095.666667,0.000000
3596,131095.666667,0.000000
3598,131095.666667,0.000000
3600,131262.000000,0.000000
3602,131262.000000,0.000000
3604,131345.250000,0.000000
3606,131150.000000,0.000000
3608,131150.000000,0.000000
3610,131150.000000,0.000000
3612,131150.000000,0.000000
3614,131150.000000,0.000000
3616,131150.000000,0.000000
3618,131150.000000,0.000000
3620,131150.000000,0.000000
3622,131150.000000,0.000000
3624,131150.000000,0.000000
3626,131150.000000,0.000000
3628,131150.000000,0.000000
3630,131150.000000,0.000000
3632,131150.000000,0.000000
3634,131150.000000,0.000000
3636,131150.000000,0.000000
3638,131150.000000,0.000000
3640,131150.000000,0.000000
3642,131150.000000,0.000000
3644,131150.000000,0.000000
3646,131150.000000,0.000000
3648,131150.000000,0.000000
3650,131150.000000,0.000000
3652,131150.000000,0.000000
3654,131150.000000,0.000000
3656,131150.000000,0.000000
3658,131150.000000,0.000000
3660,131150.000000,0.000000
3662,131150.000000,0.000000
3664,131240.818182,0.000000
3666,130526.200000,0.000000
3668,130526.200000,0.000000
3670,130526.200000,0.000000
3672,130526.200000,0.000000
3674,130526.200000,0.000000
3676,130526.300000,0.000000
3678,131270.555556,0.000000
3680,131270.555556,0.000000
3682,131270.555556,0.000000
3684,131270.555556,0.000000
3686,131270.555556,0.000000
3688,131270.555556,0.000000
3690,131270.555556,0.000000
3692,131270.555556,0.000000
3694,131270.555556,0.000000
3696,131270.555556,0.000000
3698,131270.555556,0.000000
3700,131270.555556,0.000000
3702,131270.555556,0.000000
3704,131270.555556,0.000000
3706,131270.555556,0.000000
3708,131270.555556,0.000000
3710,131270.555556,0.000000
3712,131270.555556,0.000000
3714,131270.555556,0.000000
3716,131270.555556,0.000000
3718,131270.555556,0.000000
3720,131270.555556,0.000000
3722,131270.555556,0.000000
3724,131270.555556,0.000000
3726,131270.555556,0.000000
3728,131270.555556,0.000000
3730,131270.555556,0.000000
3732,131270.555556,0.000000
3734,131270.555556,0.000000
3736,131270.555556,0.000000
3738,131270.555556,0.000000
3740,131270.555556,0.000000
3742,131270.555556,0.000000
3744,131270.555556,0.000000
3746,131270.555556,0.000000
3748,131270.555556,0.000000
3750,131270.555556,0.000000
3752,131270.555556,0.000000
3754,131270.555556,0.000000
3756,131270.555556,0.000000
3758,131270.555556,0.000000
3760,131270.555556,0.000000
3762,131270.555556,0.000000
3764,131270.555556,0.000000
3766,131381.222222,0.000000
3768,131381.222222,0.000000
3770,131381.222222,0.000000
3772,131381.222222,0.000000
3774,131381.222222,0.000000
3776,131381.222222,0.000000
3778,131381.222222,0.000000
3780,131381.222222,0.000000
3782,131381.222222,0.000000
3784,131381.222222,0.000000
3786,131381.222222,0.000000
3788,131381.222222,0.000000
3790,131381.222222,0.000000
3792,131381.222222,0.000000
3794,131492.000000,0.000000
3796,131492.000000,0.000000
3798,131492.000000,0.000000
3800,131492.000000,0.000000
3802,131492.000000,0.000000
3804,131492.000000,0.000000
3806,131492.000000,0.000000
3808,131492.000000,0.000000
3810,131492.000000,0.000000
3812,131492.000000,0.000000
3814,131492.000000,0.000000
3816,131492.000000,0.000000
3818,131492.000000,0.000000
3820,131492.000000,0.000000
3822,131492.000000,0.000000
3824,131492.000000,0.000000
3826,131603.000000,0.000000
3828,133403.750000,0.000000
3830,133403.750000,0.000000
3832,133403.750000,0.000000
3834,133403.750000,0.000000
3836,133403.750000,0.000000
3838,133403.750000,0.000000
3840,133403.750000,0.000000
3842,133403.750000,0.000000
3844,133403.750000,0.000000
3846,133403.750000,0.000000
3848,133403.750000,0.000000
3850,133403.750000,0.000000
3852,133403.750000,0.000000
3854,133403.750000,0.000000
3856,133403.875000,0.000000
3858,133403.875000,0.000000
3860,133403.875000,0.000000
3862,133403.875000,0.000000
3864,133403.875000,0.000000
3866,133403.875000,0.000000
3868,133403.875000,0.000000
3870,133403.875000,0.000000
3872,133403.875000,0.000000
3874,133403.875000,0.000000
3876,133403.875000,0.000000
3878,133403.875000,0.000000
3880,133403.875000,0.000000
3882,133403.875000,0.000000
3884,133403.875000,0.000000
3886,133403.875000,0.000000
3888,133403.875000,0.000000
3890,133403.875000,0.000000
3892,133403.875000,0.000000
3894,133403.875000,0.000000
3896,133403.875000,0.000000
3898,133403.875000,0.000000
3900,133403.875000,0.000000
3902,133403.875000,0.000000
3904,133403.875000,0.000000
3906,133403.875000,0.000000
3908,133403.875000,0.000000
3910,133403.875000,0.000000
3912,133403.875000,0.000000
3914,133403.875000,0.000000
3916,133403.875000,0.000000
3918,133403.875000,0.000000
3920,133403.875000,0.000000
3922,133403.875000,0.000000
3924,133404.000000,0.000000
3926,130582.000000,0.000000
3928,130582.000000,0.000000
3930,130582.000000,0.000000
3932,130582.000000,0.000000
3934,130582.000000,0.000000
3936,130582.000000,0.000000
3938,130582.000000,0.000000
3940,130582.000000,0.000000
3942,130582.000000,0.000000
3944,130582.000000,0.000000
3946,130582.000000,0.000000
3948,130582.000000,0.000000
3950,130582.000000,0.000000
3952,130582.000000,0.000000
3954,130582.000000,0.000000
3956,130582.000000,0.000000
3958,130582.000000,0.000000
3960,130582.000000,0.000000
3962,130582.000000,0.000000
3964,130582.000000,0.000000
3966,130582.000000,0.000000
3968,130582.000000,0.000000
3970,130582.000000,0.000000
3972,130582.000000,0.000000
3974,130582.000000,0.000000
3976,130582.000000,0.000000
3978,130582.000000,0.000000
3980,130582.000000,0.000000
3982,130582.000000,0.000000
3984,130582.000000,0.000000
3986,130582.000000,0.000000
3988,130582.000000,0.000000
3990,130582.000000,0.000000
3992,132206.600000,0.000000
3994,132206.600000,0.000000
3996,132206.600000,0.000000
3998,132206.600000,0.000000
4000,132206.600000,0.000000
4002,132206.600000,0.000000
4004,132206.600000,0.000000
4006,132206.600000,0.000000
4008,132206.600000,0.000000
4010,132206.600000,0.000000
4012,132206.600000,0.000000
4014,132206.600000,0.000000
4016,132206.600000,0.000000
4018,132206.600000,0.000000
4020,132206.600000,0.000000
4022,132206.600000,0.000000
4024,132206.600000,0.000000
4026,132206.600000,0.000000
4028,132206.600000,0.000000
4030,132206.600000,0.000000
4032,132206.600000,0.000000
4034,132206.600000,0.000000
4036,132206.600000,0.000000
4038,132206.600000,0.000000
4040,132206.600000,0.000000
4042,132206.600000,0.000000
4044,132206.600000,0.000000
4046,132206.600000,0.000000
4048,132206.600000,0.000000
4050,132206.600000,0.000000
4052,132206.600000,0.000000
4054,132206.600000,0.000000
4056,132206.600000,0.000000
4058,132206.600000,0.000000
4060,132206.600000,0.000000
4062,132206.600000,0.000000
4064,132206.600000,0.000000
4066,132206.600000,0.000000
4068,132206.600000,0.000000
4070,132206.600000,0.000000
4072,132206.600000,0.000000
4074,132206.600000,0.000000
4076,132206.600000,0.000000
4078,132206.600000,0.000000
4080,132206.600000,0.000000
4082,132206.600000,0.000000
4084,132206.600000,0.000000
4086,132206.600000,0.000000
4088,132206.600000,0.000000
4090,132206.600000,0.000000
4092,132206.600000,0.000000
4094,132206.600000,0.000000
4096,132206.600000,0.000000
4098,132206.600000,0.000000
4100,132206.600000,0.000000
4102,132206.600000,0.000000
4104,132206.600000,0.000000
4106,132206.600000,0.000000
4108,132206.600000,0.000000
4110,132206.600000,0.000000
4112,132206.600000,0.000000
4114,132206.600000,0.000000
4116,132206.600000,0.000000
4118,132206.600000,0.000000
4120,132206.600000,0.000000
4122,132206.600000,0.000000
4124,132206.600000,0.000000
4126,132206.600000,0.000000
4128,132206.600000,0.000000
4130,132206.600000,0.000000
4132,132206.600000,0.000000
4134,132206.600000,0.000000
4136,132206.600000,0.000000
4138,132206.600000,0.000000
4140,132206.600000,0.000000
4142,132206.600000,0.000000
4144,132206.600000,0.000000
4146,132206.600000,0.000000
4148,132206.600000,0.000000
4150,132206.600000,0.000000
4152,132206.600000,0.000000
4154,132206.600000,0.000000
4156,132206.600000,0.000000
4158,132206.600000,0.000000
4160,132206.600000,0.000000
4162,132206.600000,0.000000
4164,132206.600000,0.000000
4166,132206.600000,0.000000
4168,132206.600000,0.000000
4170,132206.600000,0.000000
4172,132206.600000,0.000000
4174,132206.600000,0.000000
4176,132206.600000,0.000000
4178,132206.600000,0.000000
4180,132206.600000,0.000000
4182,132206.600000,0.000000
4184,132206.600000,0.000000
4186,132206.600000,0.000000
4188,132206.600000,0.000000
4190,132206.600000,0.000000
4192,132206.600000,0.000000
4194,132206.600000,0.000000
4196,132206.600000,0.000000
4198,132406.400000,0.000000
