#This is a CSV file containing the average TPL, TPU, and Cost values for the QU algorithm with PS path compression.
#The data was generated for n = 1000 and delta = 2.
N,Average TPL,Average TPU
2,2.000000,0.000000
4,4.050000,0.050000
6,6.100000,0.100000
8,8.150000,0.150000
10,10.150000,0.150000
12,12.150000,0.150000
14,14.200000,0.200000
16,16.250000,0.250000
18,18.350000,0.350000
20,20.600000,0.600000
22,22.750000,0.750000
24,24.750000,0.750000
26,27.000000,1.000000
28,29.150000,1.150000
30,31.300000,1.300000
32,33.350000,1.350000
34,35.350000,1.350000
36,37.500000,1.500000
38,39.600000,1.600000
40,41.700000,1.700000
42,43.750000,1.750000
44,46.050000,2.050000
46,48.150000,2.150000
48,50.200000,2.200000
50,52.450000,2.450000
52,54.700000,2.700000
54,56.850000,2.850000
56,59.100000,3.100000
58,61.300000,3.300000
60,63.450000,3.450000
62,65.600000,3.600000
64,68.000000,4.000000
66,70.400000,4.400000
68,72.700000,4.700000
70,75.050000,5.050000
72,77.300000,5.300000
74,79.500000,5.500000
76,81.700000,5.700000
78,84.250000,6.250000
80,86.450000,6.450000
82,88.800000,6.800000
84,91.400000,7.400000
86,93.400000,7.400000
88,95.900000,7.900000
90,98.700000,8.700000
92,101.150000,9.150000
94,103.600000,9.600000
96,106.200000,10.200000
98,108.600000,10.600000
100,110.950000,10.950000
102,113.700000,11.700000
104,116.650000,12.650000
106,119.400000,13.400000
108,121.800000,13.800000
110,124.150000,14.150000
112,126.650000,14.650000
114,129.350000,15.350000
116,131.900000,15.900000
118,134.600000,16.600000
120,137.300000,17.300000
122,140.100000,18.100000
124,142.800000,18.800000
126,145.450000,19.450000
128,148.300000,20.300000
130,150.600000,20.600000
132,153.000000,21.000000
134,155.900000,21.900000
136,158.550000,22.550000
138,161.150000,23.150000
140,164.050000,24.050000
142,166.950000,24.950000
144,169.550000,25.550000
146,172.550000,26.550000
148,174.900000,26.900000
150,178.350000,28.350000
152,181.250000,29.250000
154,184.200000,30.200000
156,186.950000,30.950000
158,190.000000,32.000000
160,192.900000,32.900000
162,195.950000,33.950000
164,198.800000,34.800000
166,201.850000,35.850000
168,204.850000,36.850000
170,207.700000,37.700000
172,210.900000,38.900000
174,214.100000,40.100000
176,217.300000,41.300000
178,220.350000,42.350000
180,223.550000,43.550000
182,226.850000,44.850000
184,229.750000,45.750000
186,232.250000,46.250000
188,235.250000,47.250000
190,238.250000,48.250000
192,241.600000,49.600000
194,244.850000,50.850000
196,247.350000,51.350000
198,250.700000,52.700000
200,254.150000,54.150000
202,257.250000,55.250000
204,260.250000,56.250000
206,263.250000,57.250000
208,267.200000,59.200000
210,270.250000,60.250000
212,273.700000,61.700000
214,277.150000,63.150000
216,279.900000,63.900000
218,283.050000,65.050000
220,286.650000,66.650000
222,290.650000,68.650000
224,293.900000,69.900000
226,296.850000,70.850000
228,301.400000,73.400000
230,305.050000,75.050000
232,308.250000,76.250000
234,312.150000,78.150000
236,315.800000,79.800000
238,319.600000,81.600000
240,323.150000,83.150000
242,327.750000,85.750000
244,331.850000,87.850000
246,335.850000,89.850000
248,339.600000,91.600000
250,343.750000,93.750000
252,348.350000,96.350000
254,351.350000,97.350000
256,355.700000,99.700000
258,360.750000,102.750000
260,365.550000,105.550000
262,368.900000,106.900000
264,373.000000,109.000000
266,376.900000,110.900000
268,381.150000,113.150000
270,385.350000,115.350000
272,388.800000,116.800000
274,392.400000,118.400000
276,396.000000,120.000000
278,399.300000,121.300000
280,402.450000,122.450000
282,407.000000,125.000000
284,410.650000,126.650000
286,414.650000,128.650000
288,418.750000,130.750000
290,423.650000,133.650000
292,428.350000,136.350000
294,431.800000,137.800000
296,437.250000,141.250000
298,442.100000,144.100000
300,446.600000,146.600000
302,451.950000,149.950000
304,456.050000,152.050000
306,460.400000,154.400000
308,464.450000,156.450000
310,470.000000,160.000000
312,475.300000,163.300000
314,479.900000,165.900000
316,484.650000,168.650000
318,489.950000,171.950000
320,493.850000,173.850000
322,500.300000,178.300000
324,506.350000,182.350000
326,510.350000,184.350000
328,515.400000,187.400000
330,519.600000,189.600000
332,523.500000,191.500000
334,528.100000,194.100000
336,532.950000,196.950000
338,537.000000,199.000000
340,543.150000,203.150000
342,547.450000,205.450000
344,554.150000,210.150000
346,559.700000,213.700000
348,565.050000,217.050000
350,569.300000,219.300000
352,575.000000,223.000000
354,580.200000,226.200000
356,586.600000,230.600000
358,593.400000,235.500000
360,601.400000,241.500000
362,605.900000,244.000000
364,611.900000,248.000000
366,615.950000,250.050000
368,622.300000,254.400000
370,627.100000,257.200000
372,633.050000,261.150000
374,639.050000,265.150000
376,646.600000,270.700000
378,654.050000,276.150000
380,660.650000,280.750000
382,665.800000,283.900000
384,671.850000,287.950000
386,675.900000,290.000000
388,681.000000,293.100000
390,686.250000,296.350000
392,691.500000,299.600000
394,698.050000,304.150000
396,706.900000,311.000000
398,713.950000,316.050000
400,718.650000,318.750000
402,726.750000,324.850000
404,733.950000,330.050000
406,740.250000,334.350000
408,746.150000,338.250000
410,750.600000,340.700000
412,753.650000,341.750000
414,759.400000,345.500000
416,771.250000,355.350000
418,781.100000,363.200000
420,788.550000,368.650000
422,796.100000,374.200000
424,805.350000,381.450000
426,820.450000,394.550000
428,826.250000,398.350000
430,837.600000,407.700000
432,844.100000,412.200000
434,852.900000,419.000000
436,863.450000,427.550000
438,870.400000,432.550000
440,878.500000,438.650000
442,885.400000,443.550000
444,893.000000,449.150000
446,904.650000,458.800000
448,918.850000,471.000000
450,925.250000,475.400000
452,934.200000,482.350000
454,945.450000,491.600000
456,950.400000,494.550000
458,961.050000,503.200000
460,971.350000,511.500000
462,983.800000,521.950000
464,999.850000,536.000000
466,1005.300000,539.500000
468,1019.700000,551.900000
470,1026.050000,556.250000
472,1030.450000,558.700000
474,1031.450000,557.700000
476,1036.900000,561.150000
478,1048.150000,570.450000
480,1060.350000,580.750000
482,1064.950000,583.350000
484,1077.400000,593.850000
486,1086.400000,600.950000
488,1092.600000,605.250000
490,1109.950000,620.600000
492,1127.700000,636.350000
494,1136.600000,643.300000
496,1145.300000,650.000000
498,1151.200000,653.900000
500,1182.300000,683.000000
502,1191.600000,690.300000
504,1219.100000,715.850000
506,1229.150000,723.900000
508,1246.500000,739.250000
510,1258.450000,749.250000
512,1282.300000,771.100000
514,1273.850000,760.750000
516,1302.800000,787.700000
518,1323.050000,805.950000
520,1344.950000,825.850000
522,1346.200000,825.150000
524,1354.150000,831.100000
526,1397.700000,872.750000
528,1430.250000,903.300000
530,1436.250000,907.300000
532,1450.650000,919.700000
534,1461.250000,928.400000
536,1476.850000,942.100000
538,1482.950000,946.250000
540,1514.650000,976.050000
542,1541.400000,1000.850000
544,1559.750000,1017.250000
546,1584.850000,1040.400000
548,1627.500000,1081.050000
550,1648.150000,1099.850000
552,1638.900000,1088.700000
554,1658.300000,1106.250000
556,1671.750000,1117.750000
558,1667.350000,1111.550000
560,1703.100000,1145.300000
562,1746.050000,1186.350000
564,1764.600000,1203.050000
566,1806.200000,1242.700000
568,1820.700000,1255.200000
570,1871.950000,1304.500000
572,1909.400000,1339.950000
574,1928.450000,1357.100000
576,1959.000000,1385.650000
578,2003.300000,1428.000000
580,2080.850000,1503.650000
582,2121.350000,1542.250000
584,2133.950000,1552.850000
586,2135.050000,1552.100000
588,2107.200000,1522.650000
590,2212.150000,1625.650000
592,2207.100000,1618.700000
594,2208.050000,1617.750000
596,2271.900000,1679.850000
598,2243.200000,1649.350000
600,2291.150000,1695.500000
602,2299.000000,1701.500000
604,2352.900000,1753.550000
606,2304.200000,1703.000000
608,2384.950000,1781.950000
610,2407.900000,1803.050000
612,2389.200000,1782.650000
614,2379.950000,1771.600000
616,2345.000000,1735.150000
618,2373.850000,1762.400000
620,2426.900000,1813.600000
622,2455.950000,1840.800000
624,2481.150000,1864.200000
626,2472.050000,1853.450000
628,2490.150000,1869.900000
630,2541.100000,1919.050000
632,2616.800000,1992.900000
634,2588.000000,1962.250000
636,2616.850000,1989.400000
638,2570.450000,1941.450000
640,2715.500000,2084.600000
642,2692.700000,2060.200000
644,2738.500000,2104.250000
646,2681.250000,2045.350000
648,2760.550000,2122.950000
650,2790.250000,2151.050000
652,2888.200000,2247.250000
654,2818.850000,2176.450000
656,2854.250000,2210.100000
658,2923.400000,2277.500000
660,2835.550000,2188.100000
662,2876.150000,2227.200000
664,2921.900000,2271.250000
666,2921.700000,2269.400000
668,3037.600000,2383.550000
670,3089.950000,2434.150000
672,3101.450000,2443.950000
674,3035.750000,2376.600000
676,3052.350000,2391.600000
678,3135.600000,2473.250000
680,3073.650000,2409.850000
682,3167.500000,2501.850000
684,3050.200000,2383.000000
686,3174.300000,2505.400000
688,3079.800000,2409.350000
690,3094.000000,2422.000000
692,3147.600000,2474.000000
694,3067.900000,2392.950000
696,3117.300000,2440.900000
698,3040.700000,2362.600000
700,3056.150000,2376.850000
702,3013.550000,2332.750000
704,3184.250000,2502.000000
706,3213.350000,2529.500000
708,3165.500000,2480.300000
710,3329.950000,2643.000000
712,3378.550000,2690.100000
714,3438.050000,2747.950000
716,3459.400000,2767.800000
718,3437.650000,2744.600000
720,3356.150000,2661.700000
722,3351.950000,2656.050000
724,3394.250000,2696.900000
726,3395.550000,2696.850000
728,3507.150000,2806.950000
730,3489.300000,2787.950000
732,3440.950000,2738.200000
734,3500.550000,2796.300000
736,3472.700000,2766.750000
738,3474.100000,2766.550000
740,3386.100000,2677.150000
742,3648.850000,2938.550000
744,3586.100000,2874.600000
746,3401.850000,2689.050000
748,3379.500000,2665.400000
750,3368.750000,2653.450000
752,3460.350000,2743.750000
754,3444.950000,2727.000000
756,3434.250000,2715.200000
758,3358.600000,2638.450000
760,3463.650000,2742.150000
762,3484.300000,2761.850000
764,3501.150000,2777.350000
766,3544.050000,2818.900000
768,3615.650000,2889.200000
770,3515.100000,2787.450000
772,3505.300000,2776.600000
774,3573.550000,2843.650000
776,3597.400000,2866.200000
778,3666.000000,2933.400000
780,3657.550000,2923.850000
782,3615.200000,2880.600000
784,3536.550000,2800.750000
786,3551.800000,2814.850000
788,3560.000000,2821.700000
790,3526.800000,2787.450000
792,3548.850000,2808.250000
794,3765.700000,3023.850000
796,3898.950000,3155.650000
798,3686.550000,2942.150000
800,3695.550000,2950.000000
802,3761.200000,3014.100000
804,3699.950000,2951.550000
806,3577.150000,2827.800000
808,3540.100000,2789.800000
810,3651.050000,2899.750000
812,3748.950000,2996.400000
814,3939.550000,3185.450000
816,3861.850000,3106.250000
818,3768.150000,3011.400000
820,3770.550000,3012.850000
822,3720.800000,2962.100000
824,3606.400000,2846.600000
826,3669.250000,2908.500000
828,3732.850000,2970.900000
830,3689.150000,2926.250000
832,3645.950000,2881.900000
834,3598.350000,2833.200000
836,3712.400000,2946.100000
838,3676.600000,2909.250000
840,3667.950000,2899.700000
842,3627.800000,2858.300000
844,3677.100000,2906.500000
846,3677.250000,2905.500000
848,3770.750000,2998.050000
850,3745.900000,2972.300000
852,3606.800000,2832.300000
854,3535.550000,2760.300000
856,3683.550000,2907.300000
858,3782.250000,3004.850000
860,3784.850000,3006.400000
862,3870.800000,3091.250000
864,3965.700000,3185.050000
866,3950.700000,3168.950000
868,3882.200000,3099.400000
870,3796.450000,3012.550000
872,3730.300000,2945.500000
874,4025.150000,3239.050000
876,4079.350000,3292.200000
878,4054.800000,3266.500000
880,4111.800000,3322.350000
882,3923.750000,3133.450000
884,3901.650000,3110.350000
886,3706.150000,2913.950000
888,3793.350000,3000.250000
890,3733.500000,2939.650000
892,3992.550000,3197.450000
894,3861.000000,3064.900000
896,3923.600000,3126.500000
898,3790.550000,2992.700000
900,3834.650000,3035.950000
902,3825.250000,3025.800000
904,3874.850000,3074.500000
906,3998.700000,3197.300000
908,3710.750000,2908.650000
910,3909.800000,3106.750000
912,4005.150000,3200.950000
914,3881.200000,3076.100000
916,3982.450000,3176.300000
918,3927.450000,3120.550000
920,3904.200000,3096.400000
922,3863.900000,3055.350000
924,3795.350000,2985.950000
926,3775.200000,2965.000000
928,3872.150000,3061.050000
930,3748.700000,2936.800000
932,3881.350000,3068.700000
934,3965.950000,3152.400000
936,3661.300000,2847.200000
938,3770.850000,2955.850000
940,3795.400000,2979.700000
942,3770.300000,2953.700000
944,3787.650000,2970.200000
946,3817.200000,2999.000000
948,3717.400000,2898.350000
950,3710.750000,2891.200000
952,3769.300000,2949.100000
954,3704.350000,2883.450000
956,3734.700000,2912.750000
958,3847.600000,3024.900000
960,3775.950000,2952.750000
962,3678.500000,2854.600000
964,3683.850000,2859.100000
966,3697.550000,2872.150000
968,3922.450000,3096.150000
970,3944.550000,3117.600000
972,3966.800000,3138.650000
974,3746.200000,2917.450000
976,3883.400000,3053.700000
978,3768.000000,2937.450000
980,3965.550000,3134.000000
982,3850.300000,3017.900000
984,3849.550000,3016.400000
986,3771.450000,2937.550000
988,3842.350000,3007.700000
990,3800.900000,2965.500000
992,3932.200000,3096.050000
994,3847.650000,3010.750000
996,3841.400000,3003.900000
998,3821.050000,2983.000000
1000,3927.250000,3088.450000
1002,3857.600000,3017.850000
1004,3936.300000,3095.750000
1006,3961.200000,3119.900000
1008,3910.100000,3068.150000
1010,3966.200000,3123.500000
1012,4062.850000,3219.400000
1014,4037.050000,3192.550000
1016,3983.800000,3138.650000
1018,3977.250000,3131.300000
1020,4013.050000,3166.250000
1022,4070.550000,3223.100000
1024,3954.550000,3106.600000
1026,3925.450000,3077.100000
1028,3896.550000,3047.350000
1030,3952.900000,3103.050000
1032,4033.750000,3183.250000
1034,3970.150000,3119.050000
1036,3990.700000,3138.900000
1038,4022.900000,3170.350000
1040,4115.100000,3261.550000
1042,3905.450000,3051.500000
1044,3772.300000,2918.100000
1046,4011.150000,3156.000000
1048,3976.350000,3120.650000
1050,3944.150000,3087.900000
1052,3939.250000,3082.700000
1054,3889.850000,3032.700000
1056,3823.050000,2965.350000
1058,3891.600000,3033.250000
1060,3879.150000,3020.200000
1062,3808.850000,2949.300000
1064,3874.650000,3014.500000
1066,3952.200000,3091.350000
1068,4017.400000,3155.850000
1070,3871.500000,3009.300000
1072,3888.700000,3025.950000
1074,3863.350000,3000.000000
1076,3743.350000,2879.500000
1078,3893.150000,3028.700000
1080,3968.750000,3103.650000
1082,3857.200000,2991.600000
1084,3910.600000,3044.350000
1086,3884.350000,3017.500000
1088,3815.100000,2947.700000
1090,3754.850000,2887.000000
1092,3721.700000,2853.400000
1094,3927.550000,3058.450000
1096,3944.200000,3074.450000
1098,3890.550000,3020.350000
1100,3928.000000,3057.250000
1102,3933.300000,3061.850000
1104,3914.800000,3042.750000
1106,3881.700000,3009.000000
1108,3736.900000,2863.750000
1110,3803.350000,2929.750000
1112,3723.900000,2849.800000
1114,3747.400000,2872.650000
1116,3789.950000,2914.550000
1118,3784.300000,2908.250000
1120,3784.000000,2907.550000
1122,3849.800000,2972.700000
1124,3926.700000,3049.050000
1126,3944.550000,3066.250000
1128,3831.050000,2952.150000
1130,3874.550000,2995.150000
1132,3840.000000,2959.900000
1134,4003.150000,3122.350000
1136,3859.050000,2977.650000
1138,3919.800000,3037.850000
1140,3820.950000,2938.650000
1142,3788.850000,2906.050000
1144,3849.950000,2966.650000
1146,3864.800000,2981.000000
1148,3961.000000,3076.650000
1150,3980.200000,3095.350000
1152,3954.050000,3068.650000
1154,3803.500000,2917.750000
1156,3937.400000,3051.150000
1158,3926.450000,3039.750000
1160,3894.250000,3007.100000
1162,3834.200000,2946.600000
1164,3958.900000,3070.700000
1166,3977.450000,3088.650000
1168,3970.050000,3080.600000
1170,3833.500000,2943.650000
1172,3889.700000,2999.300000
1174,3840.300000,2949.450000
1176,3740.200000,2849.150000
1178,3797.750000,2906.250000
1180,3793.050000,2901.200000
1182,3776.250000,2883.900000
1184,3742.700000,2849.950000
1186,3718.950000,2825.750000
1188,3730.150000,2836.600000
1190,3792.600000,2898.600000
1192,3837.450000,2943.000000
1194,3814.300000,2919.400000
1196,3734.200000,2839.050000
1198,3677.600000,2782.200000
1200,3696.550000,2800.650000
1202,3718.550000,2822.100000
1204,3937.950000,3040.900000
1206,3790.300000,2892.650000
1208,3788.050000,2889.950000
1210,3877.900000,2979.250000
1212,3792.300000,2893.450000
1214,3714.600000,2815.450000
1216,3765.300000,2865.550000
1218,3719.250000,2819.150000
1220,3759.250000,2858.700000
1222,3887.750000,2986.700000
1224,3766.450000,2865.050000
1226,3749.300000,2847.600000
1228,3642.650000,2740.600000
1230,3800.400000,2897.800000
1232,3774.650000,2871.700000
1234,3863.400000,2959.950000
1236,3829.550000,2925.750000
1238,3901.150000,2996.800000
1240,3702.850000,2798.300000
1242,3735.300000,2830.150000
1244,3626.650000,2721.250000
1246,3689.150000,2783.300000
1248,3615.850000,2709.650000
1250,3592.650000,2686.150000
1252,3579.000000,2672.300000
1254,3676.050000,2769.000000
1256,3568.100000,2660.650000
1258,3703.250000,2795.250000
1260,3721.300000,2812.800000
1262,3770.700000,2861.900000
1264,3662.750000,2753.650000
1266,3684.950000,2775.600000
1268,3632.450000,2722.850000
1270,3684.000000,2773.950000
1272,3615.900000,2705.700000
1274,3693.550000,2783.000000
1276,3745.550000,2834.500000
1278,3718.500000,2807.150000
1280,3647.050000,2735.250000
1282,3627.700000,2715.550000
1284,3626.300000,2713.950000
1286,3703.350000,2790.400000
1288,3852.300000,2938.800000
1290,3911.250000,2997.350000
1292,3707.600000,2793.450000
1294,3711.450000,2796.950000
1296,3722.250000,2807.350000
1298,3697.500000,2782.050000
1300,3882.500000,2966.300000
1302,3832.900000,2916.400000
1304,3896.300000,2979.350000
1306,3831.250000,2913.900000
1308,3814.500000,2896.850000
1310,3796.750000,2878.700000
1312,3779.500000,2861.150000
1314,3866.200000,2947.550000
1316,3756.350000,2837.250000
1318,3606.850000,2687.600000
1320,3621.250000,2701.650000
1322,3774.250000,2854.200000
1324,3702.650000,2782.300000
1326,3788.450000,2867.600000
1328,3756.900000,2835.750000
1330,3710.600000,2789.200000
1332,3623.150000,2701.600000
1334,3720.450000,2798.300000
1336,3803.150000,2880.700000
1338,3696.550000,2773.950000
1340,3770.700000,2847.900000
1342,3746.150000,2823.000000
1344,3688.100000,2764.550000
1346,3598.450000,2674.800000
1348,3613.950000,2690.050000
1350,3565.100000,2641.100000
1352,3561.600000,2637.350000
1354,3627.400000,2702.700000
1356,3711.050000,2785.900000
1358,3585.300000,2659.900000
1360,3616.750000,2691.050000
1362,3638.850000,2712.700000
1364,3732.350000,2805.800000
1366,3696.000000,2769.100000
1368,3631.550000,2704.500000
1370,3640.550000,2713.200000
1372,3574.250000,2646.700000
1374,3528.150000,2600.350000
1376,3533.550000,2605.650000
1378,3575.750000,2647.500000
1380,3611.800000,2683.350000
1382,3603.700000,2675.100000
1384,3782.550000,2853.450000
1386,3605.750000,2676.550000
1388,3603.150000,2673.750000
1390,3564.600000,2634.850000
1392,3542.200000,2612.200000
1394,3696.200000,2765.850000
1396,3610.750000,2680.200000
1398,3591.350000,2660.600000
1400,3536.950000,2606.050000
1402,3559.900000,2628.650000
1404,3677.850000,2746.050000
1406,3584.250000,2652.350000
1408,3582.400000,2650.100000
1410,3582.500000,2649.800000
1412,3596.250000,2663.300000
1414,3793.800000,2860.450000
1416,3694.850000,2761.250000
1418,3586.100000,2652.350000
1420,3669.900000,2735.850000
1422,3564.650000,2630.450000
1424,3555.950000,2621.550000
1426,3551.400000,2616.750000
1428,3499.400000,2564.450000
1430,3521.650000,2586.350000
1432,3575.650000,2640.050000
1434,3513.800000,2577.900000
1436,3508.650000,2572.500000
1438,3528.350000,2591.900000
1440,3485.700000,2549.050000
1442,3593.200000,2656.200000
1444,3652.400000,2714.950000
1446,3764.650000,2826.800000
1448,3642.100000,2704.100000
1450,3487.800000,2549.750000
1452,3560.800000,2622.400000
1454,3575.850000,2637.250000
1456,3629.050000,2690.200000
1458,3614.000000,2674.950000
1460,3611.750000,2672.250000
1462,3615.800000,2676.050000
1464,3546.850000,2606.850000
1466,3499.250000,2559.150000
1468,3471.500000,2531.300000
1470,3501.250000,2560.900000
1472,3553.850000,2613.250000
1474,3539.850000,2599.150000
1476,3467.250000,2526.400000
1478,3608.000000,2666.700000
1480,3782.300000,2840.600000
1482,3828.850000,2886.850000
1484,3807.800000,2865.450000
1486,3669.050000,2726.500000
1488,3638.650000,2695.750000
1490,3528.900000,2585.800000
1492,3502.950000,2559.600000
1494,3521.600000,2577.950000
1496,3541.200000,2597.200000
1498,3610.500000,2666.250000
1500,3549.550000,2605.250000
1502,3506.800000,2562.100000
1504,3576.050000,2631.050000
1506,3528.350000,2583.250000
1508,3536.600000,2591.300000
1510,3479.700000,2534.200000
1512,3530.750000,2585.050000
1514,3667.250000,2721.200000
1516,3697.250000,2750.950000
1518,3583.400000,2636.800000
1520,3599.600000,2652.750000
1522,3563.500000,2616.300000
1524,3525.800000,2578.300000
1526,3535.550000,2587.950000
1528,3578.400000,2630.450000
1530,3581.550000,2633.350000
1532,3538.450000,2590.100000
1534,3538.050000,2589.550000
1536,3628.800000,2680.050000
1538,3545.200000,2596.200000
1540,3555.200000,2606.000000
1542,3529.800000,2580.350000
1544,3506.250000,2556.650000
1546,3546.500000,2596.700000
1548,3515.450000,2565.500000
1550,3621.900000,2671.600000
1552,3500.100000,2549.650000
1554,3560.800000,2610.150000
1556,3450.300000,2499.550000
1558,3459.150000,2508.150000
1560,3386.050000,2435.000000
1562,3481.850000,2530.600000
1564,3539.500000,2588.000000
1566,3520.300000,2568.700000
1568,3436.050000,2484.250000
1570,3403.650000,2451.650000
1572,3364.400000,2412.350000
1574,3367.800000,2415.600000
1576,3416.850000,2464.450000
1578,3403.400000,2450.800000
1580,3432.300000,2479.500000
1582,3433.200000,2480.300000
1584,3387.850000,2434.900000
1586,3321.400000,2368.450000
1588,3338.850000,2385.650000
1590,3491.550000,2538.100000
1592,3493.450000,2539.750000
1594,3455.750000,2501.900000
1596,3433.800000,2479.900000
1598,3370.300000,2416.150000
1600,3316.200000,2361.950000
1602,3374.150000,2419.600000
1604,3323.950000,2369.250000
1606,3342.350000,2387.300000
1608,3334.900000,2379.800000
1610,3395.950000,2440.550000
1612,3411.600000,2456.050000
1614,3461.700000,2506.000000
1616,3432.150000,2476.400000
1618,3412.700000,2456.750000
1620,3427.800000,2471.700000
1622,3426.850000,2470.450000
1624,3404.700000,2448.200000
1626,3395.200000,2438.650000
1628,3408.900000,2452.200000
1630,3440.150000,2483.200000
1632,3383.950000,2426.950000
1634,3427.300000,2470.150000
1636,3495.800000,2538.400000
1638,3444.050000,2486.600000
1640,3541.900000,2584.250000
1642,3495.400000,2537.550000
1644,3400.550000,2442.550000
1646,3408.150000,2449.900000
1648,3424.950000,2466.600000
1650,3385.250000,2426.700000
1652,3394.650000,2435.900000
1654,3477.050000,2518.000000
1656,3443.650000,2484.300000
1658,3385.550000,2426.100000
1660,3578.250000,2618.450000
1662,3479.400000,2519.500000
1664,3520.450000,2560.150000
1666,3431.150000,2470.750000
1668,3461.750000,2501.250000
1670,3544.800000,2584.150000
1672,3496.400000,2535.600000
1674,3463.450000,2502.550000
1676,3444.950000,2483.800000
1678,3403.200000,2441.950000
1680,3355.450000,2394.200000
1682,3417.750000,2456.350000
1684,3374.450000,2412.950000
1686,3384.550000,2422.850000
1688,3482.400000,2520.500000
1690,3590.150000,2628.000000
1692,3514.600000,2552.300000
1694,3480.900000,2518.500000
1696,3473.250000,2510.700000
1698,3477.050000,2514.300000
1700,3477.550000,2514.650000
1702,3379.850000,2416.850000
1704,3531.500000,2568.150000
1706,3435.950000,2472.550000
1708,3468.800000,2505.200000
1710,3403.800000,2440.150000
1712,3441.200000,2477.350000
1714,3511.350000,2547.250000
1716,3518.250000,2554.000000
1718,3469.100000,2504.800000
1720,3466.200000,2501.800000
1722,3531.450000,2566.800000
1724,3492.800000,2527.950000
1726,3425.100000,2460.100000
1728,3362.300000,2397.150000
1730,3453.900000,2488.600000
1732,3537.450000,2571.900000
1734,3427.250000,2461.650000
1736,3411.300000,2445.650000
1738,3448.750000,2482.900000
1740,3366.600000,2400.700000
1742,3311.100000,2345.050000
1744,3283.500000,2317.350000
1746,3350.000000,2383.750000
1748,3389.150000,2422.700000
1750,3420.850000,2454.250000
1752,3369.400000,2402.600000
1754,3314.700000,2347.900000
1756,3272.850000,2306.000000
1758,3315.950000,2349.000000
1760,3385.800000,2418.700000
1762,3402.550000,2435.250000
1764,3380.550000,2413.150000
1766,3298.600000,2331.200000
1768,3452.150000,2484.550000
1770,3426.900000,2459.200000
1772,3426.000000,2458.200000
1774,3540.150000,2572.100000
1776,3466.150000,2498.000000
1778,3397.800000,2429.500000
1780,3407.100000,2438.700000
1782,3409.550000,2441.000000
1784,3461.000000,2492.150000
1786,3434.000000,2465.000000
1788,3388.600000,2419.450000
1790,3442.200000,2472.750000
1792,3428.100000,2458.550000
1794,3428.700000,2458.900000
1796,3450.700000,2480.800000
1798,3370.650000,2400.550000
1800,3382.450000,2412.300000
1802,3350.450000,2380.200000
1804,3352.700000,2382.300000
1806,3365.600000,2395.000000
1808,3346.650000,2375.950000
1810,3370.450000,2399.600000
1812,3345.650000,2374.650000
1814,3403.750000,2432.550000
1816,3328.450000,2357.200000
1818,3321.200000,2349.900000
1820,3274.750000,2303.300000
1822,3288.050000,2316.500000
1824,3406.500000,2434.700000
1826,3419.000000,2447.050000
1828,3353.700000,2381.750000
1830,3411.450000,2439.300000
1832,3340.900000,2368.750000
1834,3301.050000,2328.900000
1836,3416.200000,2443.800000
1838,3339.600000,2367.150000
1840,3252.950000,2280.400000
1842,3268.650000,2295.950000
1844,3250.800000,2278.050000
1846,3272.950000,2300.050000
1848,3232.950000,2260.000000
1850,3203.550000,2230.600000
1852,3180.700000,2207.700000
1854,3200.300000,2227.100000
1856,3295.600000,2322.250000
1858,3300.650000,2327.200000
1860,3270.750000,2297.250000
1862,3383.400000,2409.700000
1864,3322.250000,2348.550000
1866,3275.450000,2301.650000
1868,3283.450000,2309.550000
1870,3249.400000,2275.500000
1872,3271.950000,2297.900000
1874,3282.000000,2307.850000
1876,3343.000000,2368.700000
1878,3307.200000,2332.850000
1880,3341.050000,2366.550000
1882,3315.250000,2340.600000
1884,3262.600000,2287.850000
1886,3358.300000,2383.400000
1888,3290.300000,2315.400000
1890,3230.750000,2255.850000
1892,3202.950000,2228.050000
1894,3172.000000,2197.050000
1896,3249.100000,2274.000000
1898,3191.800000,2216.700000
1900,3325.100000,2349.750000
1902,3300.600000,2325.200000
1904,3293.600000,2318.150000
1906,3247.500000,2272.050000
1908,3203.900000,2228.450000
1910,3301.950000,2326.350000
1912,3352.200000,2376.500000
1914,3246.600000,2270.850000
1916,3306.450000,2330.500000
1918,3237.800000,2261.850000
1920,3322.350000,2346.200000
1922,3303.150000,2326.850000
1924,3247.050000,2270.650000
1926,3205.150000,2228.750000
1928,3173.100000,2196.700000
1930,3160.250000,2183.800000
1932,3190.600000,2214.100000
1934,3156.550000,2180.000000
1936,3136.200000,2159.650000
1938,3115.900000,2139.350000
1940,3094.450000,2117.750000
1942,3080.000000,2103.300000
1944,3068.200000,2091.500000
1946,3060.450000,2083.700000
1948,3046.350000,2069.600000
1950,3036.400000,2059.600000
1952,3027.200000,2050.400000
1954,3050.050000,2073.100000
1956,3030.300000,2053.350000
1958,3064.250000,2087.250000
1960,3101.350000,2124.300000
1962,3062.400000,2085.300000
1964,3037.600000,2060.400000
1966,3068.500000,2091.200000
1968,3091.200000,2113.800000
1970,3070.300000,2092.750000
1972,3097.000000,2119.300000
1974,3122.450000,2144.500000
1976,3152.250000,2174.200000
1978,3121.350000,2143.250000
1980,3100.500000,2122.400000
1982,3075.650000,2097.400000
1984,3105.900000,2127.550000
1986,3070.850000,2092.450000
1988,3109.050000,2130.550000
1990,3067.800000,2089.300000
1992,3053.100000,2074.600000
1994,3039.050000,2060.500000
1996,3067.950000,2089.350000
1998,3027.250000,2048.650000
2000,3113.550000,2134.850000
2002,3152.700000,2173.850000
2004,3126.650000,2147.800000
2006,3094.700000,2115.800000
2008,3128.050000,2149.100000
2010,3128.750000,2149.550000
2012,3101.400000,2122.150000
2014,3080.500000,2101.250000
2016,3063.700000,2084.450000
2018,3046.450000,2067.150000
2020,3033.900000,2054.500000
2022,3116.450000,2136.900000
2024,3073.400000,2093.750000
2026,3051.200000,2071.500000
2028,3031.550000,2051.850000
2030,3013.300000,2033.550000
2032,3051.150000,2071.350000
2034,3060.000000,2080.000000
2036,3080.750000,2100.700000
2038,3130.800000,2150.600000
2040,3107.800000,2127.450000
2042,3067.900000,2087.550000
2044,3089.250000,2108.800000
2046,3067.100000,2086.650000
2048,3050.900000,2070.350000
2050,3087.850000,2107.250000
2052,3094.850000,2114.200000
2054,3147.950000,2167.100000
2056,3167.600000,2186.700000
2058,3125.700000,2144.750000
2060,3189.250000,2208.150000
2062,3131.550000,2150.400000
2064,3211.150000,2229.900000
2066,3136.650000,2155.400000
2068,3200.200000,2218.750000
2070,3257.550000,2276.000000
2072,3223.150000,2241.550000
2074,3150.250000,2168.550000
2076,3121.550000,2139.750000
2078,3189.000000,2207.050000
2080,3187.450000,2205.450000
2082,3161.000000,2179.000000
2084,3183.150000,2201.050000
2086,3240.500000,2258.300000
2088,3191.200000,2209.000000
2090,3215.200000,2232.950000
2092,3261.250000,2278.800000
2094,3300.000000,2317.400000
2096,3219.600000,2236.950000
2098,3231.650000,2248.900000
2100,3208.100000,2225.300000
2102,3201.750000,2218.750000
2104,3183.100000,2200.050000
2106,3185.700000,2202.550000
2108,3150.400000,2167.100000
2110,3166.450000,2183.050000
2112,3127.700000,2144.300000
2114,3109.700000,2126.300000
2116,3091.550000,2108.100000
2118,3077.450000,2094.000000
2120,3138.000000,2154.450000
2122,3091.100000,2107.550000
2124,3064.850000,2081.300000
2126,3085.600000,2102.000000
2128,3072.450000,2088.850000
2130,3058.850000,2075.200000
2132,3043.400000,2059.650000
2134,3031.350000,2047.500000
2136,3110.450000,2126.450000
2138,3070.550000,2086.500000
2140,3070.850000,2086.700000
2142,3101.000000,2116.750000
2144,3121.100000,2136.750000
2146,3088.750000,2104.400000
2148,3127.250000,2142.750000
2150,3148.400000,2163.850000
2152,3098.450000,2113.900000
2154,3168.950000,2184.300000
2156,3148.550000,2163.850000
2158,3088.650000,2103.900000
2160,3098.400000,2113.550000
2162,3077.200000,2092.350000
2164,3151.050000,2166.050000
2166,3203.200000,2218.100000
2168,3158.800000,2173.650000
2170,3151.750000,2166.550000
2172,3181.100000,2195.850000
2174,3208.500000,2223.200000
2176,3193.550000,2208.100000
2178,3204.950000,2219.350000
2180,3157.650000,2172.050000
2182,3235.850000,2250.050000
2184,3156.700000,2170.850000
2186,3137.300000,2151.400000
2188,3215.950000,2229.950000
2190,3197.450000,2211.400000
2192,3191.250000,2205.150000
2194,3161.600000,2175.350000
2196,3131.600000,2145.300000
2198,3103.450000,2117.150000
2200,3087.600000,2101.300000
2202,3099.200000,2112.850000
2204,3124.250000,2137.850000
2206,3099.700000,2113.200000
2208,3087.200000,2100.700000
2210,3070.700000,2084.200000
2212,3057.600000,2071.100000
2214,3042.500000,2056.000000
2216,3033.800000,2047.300000
2218,3024.300000,2037.800000
2220,3109.550000,2122.950000
2222,3088.350000,2101.650000
2224,3097.450000,2110.700000
2226,3075.900000,2089.100000
2228,3113.050000,2126.050000
2230,3125.500000,2138.400000
2232,3137.250000,2150.050000
2234,3139.550000,2152.250000
2236,3123.100000,2135.800000
2238,3109.650000,2122.300000
2240,3084.550000,2097.200000
2242,3074.650000,2087.300000
2244,3060.400000,2073.000000
2246,3047.050000,2059.650000
2248,3034.300000,2046.850000
2250,3021.500000,2034.050000
2252,3013.900000,2026.450000
2254,3095.350000,2107.800000
2256,3057.900000,2070.350000
2258,3084.550000,2096.950000
2260,3107.600000,2119.950000
2262,3105.950000,2118.200000
2264,3077.300000,2089.550000
2266,3048.450000,2060.700000
2268,3034.150000,2046.400000
2270,3022.050000,2034.300000
2272,3004.400000,2016.650000
2274,3042.350000,2054.500000
2276,3059.800000,2071.900000
2278,3025.350000,2037.350000
2280,3034.000000,2045.900000
2282,3004.600000,2016.450000
2284,2995.900000,2007.750000
2286,3052.600000,2064.350000
2288,3131.300000,2142.950000
2290,3144.900000,2156.500000
2292,3102.500000,2114.100000
2294,3088.050000,2099.650000
2296,3072.950000,2084.550000
2298,3043.100000,2054.700000
2300,3030.850000,2042.350000
2302,3070.550000,2082.000000
2304,3096.350000,2107.700000
2306,3045.750000,2057.050000
2308,3033.500000,2044.750000
2310,3010.250000,2021.450000
2312,3071.850000,2082.950000
2314,3039.750000,2050.800000
2316,3014.850000,2025.900000
2318,3003.450000,2014.450000
2320,3042.750000,2053.650000
2322,3027.350000,2038.250000
2324,3057.150000,2068.000000
2326,3018.900000,2029.750000
2328,3010.750000,2021.550000
2330,2997.650000,2008.450000
2332,2981.550000,1992.350000
2334,2971.450000,1982.250000
2336,3012.950000,2023.700000
2338,2987.550000,1998.300000
2340,2972.050000,1982.800000
2342,2963.000000,1973.700000
2344,2946.850000,1957.500000
2346,2935.700000,1946.350000
2348,2927.550000,1938.200000
2350,2920.950000,1931.600000
2352,2914.700000,1925.350000
2354,2908.250000,1918.900000
2356,2901.100000,1911.750000
2358,2894.850000,1905.500000
2360,2886.350000,1896.950000
2362,2879.150000,1889.750000
2364,2920.400000,1930.950000
2366,2890.150000,1900.700000
2368,2919.900000,1930.400000
2370,2956.750000,1967.200000
2372,2925.850000,1936.300000
2374,2908.600000,1919.000000
2376,2916.600000,1926.950000
2378,2948.700000,1958.950000
2380,2936.800000,1947.050000
2382,2956.900000,1967.100000
2384,2944.650000,1954.850000
2386,2957.850000,1968.000000
2388,2942.000000,1952.150000
2390,2928.650000,1938.800000
2392,2914.250000,1924.400000
2394,2956.100000,1966.200000
2396,2928.550000,1938.650000
2398,2964.250000,1974.300000
2400,2982.850000,1992.800000
2402,3032.550000,2042.400000
2404,3020.750000,2030.550000
2406,2992.200000,2002.000000
2408,2966.100000,1975.900000
2410,3003.500000,2013.200000
2412,2949.400000,1959.050000
2414,2933.500000,1943.100000
2416,2922.750000,1932.300000
2418,2914.300000,1923.850000
2420,2907.650000,1917.200000
2422,2949.250000,1958.750000
2424,2980.150000,1989.600000
2426,2949.950000,1959.400000
2428,2942.500000,1951.950000
2430,2974.900000,1984.300000
2432,3001.450000,2010.750000
2434,3027.500000,2036.750000
2436,2989.550000,1998.800000
2438,2962.550000,1971.750000
2440,2951.600000,1960.800000
2442,2990.550000,1999.700000
2444,2955.600000,1964.750000
2446,2942.250000,1951.400000
2448,2985.600000,1994.650000
2450,2977.200000,1986.150000
2452,2943.450000,1952.400000
2454,2929.050000,1937.950000
2456,2963.650000,1972.500000
2458,2947.700000,1956.550000
2460,2936.900000,1945.750000
2462,2929.050000,1937.850000
2464,2921.050000,1929.850000
2466,2914.750000,1923.550000
2468,2907.400000,1916.200000
2470,2901.200000,1910.000000
2472,2895.700000,1904.500000
2474,2890.500000,1899.250000
2476,2982.650000,1991.250000
2478,2949.050000,1957.650000
2480,3020.950000,2029.450000
2482,2980.150000,1988.650000
2484,2966.150000,1974.650000
2486,2948.150000,1956.650000
2488,2933.550000,1942.000000
2490,2923.700000,1932.100000
2492,2915.250000,1923.650000
2494,2905.850000,1914.150000
2496,2895.450000,1903.750000
2498,2890.350000,1898.550000
2500,2885.650000,1893.850000
2502,2878.900000,1887.050000
2504,2873.250000,1881.400000
2506,2868.050000,1876.200000
2508,2863.250000,1871.400000
2510,2858.050000,1866.200000
2512,2853.700000,1861.850000
2514,2849.300000,1857.450000
2516,2844.600000,1852.750000
2518,2839.200000,1847.300000
2520,2884.650000,1892.700000
2522,2875.500000,1883.550000
2524,2871.200000,1879.250000
2526,2860.600000,1868.600000
2528,2854.050000,1862.050000
2530,2846.750000,1854.750000
2532,2840.250000,1848.250000
2534,2835.700000,1843.650000
2536,2831.100000,1839.050000
2538,2825.050000,1833.000000
2540,2819.350000,1827.300000
2542,2865.250000,1873.100000
2544,2900.650000,1908.450000
2546,2878.950000,1886.700000
2548,2859.200000,1866.950000
2550,2844.250000,1852.000000
2552,2840.350000,1848.100000
2554,2831.300000,1839.050000
2556,2858.150000,1865.850000
2558,2882.850000,1890.400000
2560,2854.250000,1861.800000
2562,2848.550000,1856.050000
2564,2840.500000,1848.000000
2566,2876.500000,1883.950000
2568,2863.550000,1871.000000
2570,2857.050000,1864.450000
2572,2894.400000,1901.750000
2574,2885.450000,1892.750000
2576,2876.650000,1883.950000
2578,2855.750000,1862.950000
2580,2843.500000,1850.700000
2582,2882.250000,1889.400000
2584,2859.250000,1866.400000
2586,2848.000000,1855.150000
2588,2842.950000,1850.100000
2590,2831.300000,1838.450000
2592,2826.800000,1833.950000
2594,2822.900000,1830.050000
2596,2817.500000,1824.650000
2598,2812.750000,1819.900000
2600,2857.150000,1864.250000
2602,2844.700000,1851.800000
2604,2836.200000,1843.300000
2606,2822.850000,1829.900000
2608,2816.050000,1823.100000
2610,2807.850000,1814.900000
2612,2844.550000,1851.500000
2614,2831.400000,1838.350000
2616,2821.650000,1828.600000
2618,2817.550000,1824.500000
2620,2810.400000,1817.300000
2622,2805.800000,1812.700000
2624,2800.600000,1807.450000
2626,2795.400000,1802.250000
2628,2789.750000,1796.550000
2630,2784.600000,1791.350000
2632,2780.500000,1787.250000
2634,2776.550000,1783.300000
2636,2773.600000,1780.350000
2638,2769.050000,1775.800000
2640,2814.550000,1821.200000
2642,2790.400000,1797.050000
2644,2827.650000,1834.250000
2646,2838.300000,1844.850000
2648,2865.700000,1872.200000
2650,2836.000000,1842.500000
2652,2827.450000,1833.950000
2654,2816.150000,1822.650000
2656,2811.050000,1817.500000
2658,2805.000000,1811.450000
2660,2797.400000,1803.850000
2662,2791.650000,1798.100000
2664,2787.650000,1794.100000
2666,2783.400000,1789.850000
2668,2777.000000,1783.450000
2670,2773.350000,1779.750000
2672,2768.200000,1774.500000
2674,2763.750000,1770.050000
2676,2760.050000,1766.250000
2678,2754.950000,1761.150000
2680,2751.300000,1757.500000
2682,2743.450000,1749.650000
2684,2739.500000,1745.700000
2686,2735.150000,1741.350000
2688,2730.050000,1736.250000
2690,2725.950000,1732.100000
2692,2772.050000,1778.150000
2694,2794.450000,1800.500000
2696,2782.450000,1788.500000
2698,2825.750000,1831.750000
2700,2801.750000,1807.750000
2702,2790.350000,1796.350000
2704,2835.300000,1841.250000
2706,2877.850000,1883.750000
2708,2849.150000,1855.000000
2710,2826.450000,1832.250000
2712,2817.500000,1823.300000
2714,2811.650000,1817.450000
2716,2895.350000,1901.050000
2718,2873.600000,1879.300000
2720,2853.600000,1859.300000
2722,2840.600000,1846.300000
2724,2833.950000,1839.600000
2726,2872.200000,1877.800000
2728,2851.500000,1857.100000
2730,2845.300000,1850.900000
2732,2836.600000,1842.200000
2734,2830.750000,1836.350000
2736,2874.450000,1880.000000
2738,2856.550000,1862.100000
2740,2851.500000,1857.050000
2742,2939.200000,1944.650000
2744,2899.900000,1905.300000
2746,2891.100000,1896.500000
2748,2917.750000,1923.100000
2750,2911.300000,1916.650000
2752,2899.500000,1904.850000
2754,2888.300000,1893.650000
2756,2880.400000,1885.700000
2758,2920.250000,1925.500000
2760,2903.200000,1908.450000
2762,2891.500000,1896.750000
2764,2881.850000,1887.100000
2766,2876.600000,1881.800000
2768,2870.500000,1875.700000
2770,2861.850000,1867.050000
2772,2855.550000,1860.750000
2774,2851.000000,1856.200000
2776,2846.050000,1851.250000
2778,2840.550000,1845.750000
2780,2835.800000,1841.000000
2782,2831.100000,1836.300000
2784,2833.315789,1838.684211
2786,2829.210526,1834.578947
2788,2822.473684,1827.842105
2790,2818.263158,1823.631579
2792,2814.210526,1819.578947
2794,2809.894737,1815.263158
2796,2806.368421,1811.684211
2798,2802.473684,1807.789474
2800,2798.315789,1803.631579
2802,2793.789474,1799.105263
2804,2789.315789,1794.631579
2806,2784.473684,1789.736842
2808,2779.736842,1785.000000
2810,2826.421053,1831.631579
2812,2806.157895,1811.368421
2814,2790.105263,1795.315789
2816,2785.947368,1791.157895
2818,2775.000000,1780.210526
2820,2770.947368,1776.157895
2822,2799.263158,1804.421053
2824,2841.684211,1846.789474
2826,2809.473684,1814.578947
2828,2798.000000,1803.105263
2830,2784.157895,1789.263158
2832,2778.105263,1783.210526
2834,2773.157895,1778.210526
2836,2769.526316,1774.578947
2838,2765.631579,1770.684211
2840,2787.263158,1792.263158
2842,2781.631579,1786.578947
2844,2777.684211,1782.631579
2846,2769.368421,1774.315789
2848,2764.578947,1769.526316
2850,2759.894737,1764.842105
2852,2756.210526,1761.157895
2854,2752.263158,1757.210526
2856,2747.578947,1752.526316
2858,2744.263158,1749.210526
2860,2739.000000,1743.842105
2862,2784.105263,1788.894737
2864,2831.473684,1836.210526
2866,2810.052632,1814.789474
2868,2784.210526,1788.947368
2870,2779.421053,1784.157895
2872,2762.894737,1767.631579
2874,2798.789474,1803.473684
2876,2773.000000,1777.631579
2878,2767.842105,1772.473684
2880,2759.052632,1763.684211
2882,2751.473684,1756.105263
2884,2748.157895,1752.789474
2886,2744.736842,1749.368421
2888,2741.473684,1746.105263
2890,2733.368421,1738.000000
2892,2729.210526,1733.842105
2894,2725.000000,1729.631579
2896,2722.105263,1726.736842
2898,2718.157895,1722.789474
2900,2715.105263,1719.736842
2902,2711.947368,1716.526316
2904,2708.315789,1712.894737
2906,2704.526316,1709.105263
2908,2702.052632,1706.631579
2910,2698.105263,1702.684211
2912,2694.684211,1699.210526
2914,2736.842105,1741.315789
2916,2733.263158,1737.736842
2918,2729.052632,1733.526316
2920,2724.368421,1728.842105
2922,2758.631579,1763.052632
2924,2751.631579,1756.052632
2926,2743.105263,1747.526316
2928,2740.105263,1744.473684
2930,2788.157895,1792.473684
2932,2754.157895,1758.421053
2934,2743.789474,1748.052632
2936,2738.000000,1742.210526
2938,2782.578947,1786.736842
2940,2755.157895,1759.315789
2942,2749.421053,1753.578947
2944,2789.263158,1793.368421
2946,2780.105263,1784.210526
2948,2828.315789,1832.368421
2950,2823.210526,1827.263158
2952,2811.263158,1815.315789
2954,2803.842105,1807.894737
2956,2800.210526,1804.263158
2958,2794.105263,1798.157895
2960,2790.473684,1794.526316
2962,2785.578947,1789.631579
2964,2782.105263,1786.157895
2966,2778.105263,1782.157895
2968,2773.052632,1777.052632
2970,2768.894737,1772.894737
2972,2764.473684,1768.473684
2974,2761.684211,1765.684211
2976,2758.368421,1762.368421
2978,2755.157895,1759.105263
2980,2751.473684,1755.421053
2982,2746.842105,1750.789474
2984,2743.052632,1747.000000
2986,2738.421053,1742.315789
2988,2735.052632,1738.947368
2990,2731.736842,1735.578947
2992,2780.000000,1783.789474
2994,2774.684211,1778.473684
2996,2769.526316,1773.263158
2998,2764.473684,1768.210526
3000,2751.000000,1754.684211
3002,2746.578947,1750.263158
3004,2742.842105,1746.526316
3006,2739.315789,1743.000000
3008,2735.526316,1739.210526
3010,2784.947368,1788.578947
3012,2755.210526,1758.842105
3014,2748.947368,1752.578947
3016,2745.631579,1749.263158
3018,2740.894737,1744.526316
3020,2737.368421,1741.000000
3022,2732.526316,1736.157895
3024,2719.000000,1722.722222
3026,2715.888889,1719.611111
3028,2712.111111,1715.833333
3030,2708.722222,1712.444444
3032,2703.833333,1707.555556
3034,2701.222222,1704.888889
3036,2697.833333,1701.500000
3038,2694.722222,1698.388889
3040,2691.000000,1694.666667
3042,2686.444444,1690.111111
3044,2683.333333,1687.000000
3046,2680.111111,1683.777778
3048,2677.888889,1681.555556
3050,2674.722222,1678.388889
3052,2671.722222,1675.388889
3054,2668.944444,1672.555556
3056,2666.277778,1669.888889
3058,2663.111111,1666.722222
3060,2660.888889,1664.500000
3062,2657.666667,1661.277778
3064,2654.111111,1657.722222
3066,2651.388889,1655.000000
3068,2648.555556,1652.166667
3070,2645.555556,1649.166667
3072,2642.833333,1646.444444
3074,2639.722222,1643.333333
3076,2636.888889,1640.500000
3078,2633.500000,1637.111111
3080,2630.666667,1634.277778
3082,2627.833333,1631.444444
3084,2624.555556,1628.166667
3086,2622.000000,1625.611111
3088,2619.388889,1623.000000
3090,2616.944444,1620.555556
3092,2614.166667,1617.777778
3094,2612.111111,1615.722222
3096,2717.111111,1720.611111
3098,2695.555556,1699.055556
3100,2691.111111,1694.611111
3102,2679.722222,1683.222222
3104,2676.611111,1680.111111
3106,2673.277778,1676.777778
3108,2717.722222,1721.166667
3110,2690.055556,1693.500000
3112,2684.444444,1687.888889
3114,2677.722222,1681.166667
3116,2673.944444,1677.388889
3118,2670.444444,1673.888889
3120,2665.611111,1669.055556
3122,2662.500000,1665.944444
3124,2660.166667,1663.555556
3126,2657.666667,1661.055556
3128,2654.888889,1658.277778
3130,2652.444444,1655.833333
3132,2705.055556,1708.388889
3134,2701.277778,1704.611111
3136,2687.611111,1690.944444
3138,2780.333333,1783.555556
3140,2760.777778,1764.000000
3142,2779.611111,1782.777778
3144,2761.111111,1764.277778
3146,2747.888889,1751.055556
3148,2741.055556,1744.222222
3150,2734.833333,1737.944444
3152,2717.764706,1721.000000
3154,2713.470588,1716.705882
3156,2709.117647,1712.352941
3158,2705.294118,1708.470588
3160,2700.294118,1703.470588
3162,2697.352941,1700.529412
3164,2694.176471,1697.352941
3166,2690.705882,1693.882353
3168,2686.117647,1689.294118
3170,2679.058824,1682.235294
3172,2676.470588,1679.647059
3174,2672.882353,1676.058824
3176,2670.235294,1673.411765
3178,2666.235294,1669.411765
3180,2663.941176,1667.117647
3182,2660.823529,1664.000000
3184,2657.411765,1660.588235
3186,2654.705882,1657.882353
3188,2651.764706,1654.882353
3190,2649.058824,1652.176471
3192,2674.941176,1678.000000
3194,2658.470588,1661.529412
3196,2654.764706,1657.823529
3198,2651.058824,1654.117647
3200,2648.058824,1651.117647
3202,2645.000000,1648.058824
3204,2642.235294,1645.294118
3206,2639.529412,1642.588235
3208,2635.941176,1639.000000
3210,2632.058824,1635.117647
3212,2629.294118,1632.352941
3214,2610.187500,1613.250000
3216,2607.437500,1610.500000
3218,2604.437500,1607.500000
3220,2601.437500,1604.500000
3222,2598.875000,1601.937500
3224,2596.312500,1599.375000
3226,2593.500000,1596.562500
3228,2590.312500,1593.375000
3230,2587.250000,1590.312500
3232,2584.312500,1587.375000
3234,2581.125000,1584.125000
3236,2597.000000,1600.133333
3238,2593.933333,1597.066667
3240,2592.066667,1595.200000
3242,2589.600000,1592.733333
3244,2587.600000,1590.666667
3246,2585.333333,1588.400000
3248,2582.666667,1585.733333
3250,2580.400000,1583.466667
3252,2578.066667,1581.133333
3254,2574.600000,1577.666667
3256,2571.733333,1574.800000
3258,2569.133333,1572.200000
3260,2567.133333,1570.133333
3262,2564.733333,1567.733333
3264,2562.266667,1565.266667
3266,2559.600000,1562.600000
3268,2555.000000,1558.153846
3270,2552.384615,1555.538462
3272,2549.923077,1553.076923
3274,2547.692308,1550.846154
3276,2545.846154,1549.000000
3278,2543.692308,1546.846154
3280,2541.230769,1544.384615
3282,2538.538462,1541.615385
3284,2536.692308,1539.769231
3286,2534.000000,1537.076923
3288,2532.230769,1535.307692
3290,2530.230769,1533.307692
3292,2528.153846,1531.230769
3294,2525.461538,1528.538462
3296,2523.153846,1526.230769
3298,2520.692308,1523.769231
3300,2595.461538,1598.461538
3302,2556.769231,1559.769231
3304,2552.769231,1555.769231
3306,2539.692308,1542.692308
3308,2536.769231,1539.769231
3310,2533.307692,1536.307692
3312,2531.384615,1534.384615
3314,2529.000000,1532.000000
3316,2525.923077,1528.923077
3318,2522.769231,1525.769231
3320,2520.615385,1523.615385
3322,2518.615385,1521.615385
3324,2516.307692,1519.307692
3326,2514.076923,1517.076923
3328,2511.923077,1514.923077
3330,2509.307692,1512.307692
3332,2507.153846,1510.153846
3334,2505.076923,1508.076923
3336,2502.615385,1505.615385
3338,2500.307692,1503.307692
3340,2498.307692,1501.307692
3342,2496.153846,1499.153846
3344,2494.384615,1497.384615
3346,2492.615385,1495.615385
3348,2490.615385,1493.615385
3350,2544.230769,1547.153846
3352,2542.230769,1545.153846
3354,2540.076923,1542.923077
3356,2537.846154,1540.692308
3358,2528.153846,1531.000000
3360,2525.153846,1528.000000
3362,2523.230769,1526.076923
3364,2521.153846,1524.000000
3366,2518.923077,1521.769231
3368,2516.384615,1519.153846
3370,2514.076923,1516.846154
3372,2512.461538,1515.230769
3374,2510.153846,1512.923077
3376,2506.692308,1509.461538
3378,2504.615385,1507.384615
3380,2553.692308,1556.384615
3382,2541.692308,1544.384615
3384,2527.153846,1529.846154
3386,2524.153846,1526.846154
3388,2522.000000,1524.692308
3390,2518.769231,1521.461538
3392,2516.230769,1518.923077
3394,2513.846154,1516.538462
3396,2510.692308,1513.384615
3398,2509.000000,1511.692308
3400,2581.846154,1584.461538
3402,2573.923077,1576.538462
3404,2560.384615,1563.000000
3406,2555.000000,1557.615385
3408,2552.615385,1555.230769
3410,2548.846154,1551.461538
3412,2541.769231,1544.384615
3414,2539.230769,1541.846154
3416,2536.769231,1539.384615
3418,2535.000000,1537.615385
3420,2533.000000,1535.615385
3422,2529.769231,1532.384615
3424,2527.076923,1529.692308
3426,2524.846154,1527.461538
3428,2522.692308,1525.307692
3430,2519.846154,1522.461538
3432,2544.666667,1547.333333
3434,2542.416667,1545.083333
3436,2540.666667,1543.333333
3438,2538.333333,1541.000000
3440,2535.666667,1538.333333
3442,2532.916667,1535.583333
3444,2530.833333,1533.500000
3446,2528.583333,1531.250000
3448,2526.000000,1528.666667
3450,2523.833333,1526.500000
3452,2521.750000,1524.416667
3454,2519.833333,1522.500000
3456,2518.000000,1520.666667
3458,2516.000000,1518.666667
3460,2514.166667,1516.833333
3462,2511.833333,1514.500000
3464,2509.916667,1512.583333
3466,2507.916667,1510.583333
3468,2506.166667,1508.833333
3470,2504.333333,1507.000000
3472,2502.500000,1505.166667
3474,2500.583333,1503.250000
3476,2498.750000,1501.416667
3478,2579.000000,1581.500000
3480,2573.250000,1575.750000
3482,2566.666667,1569.166667
3484,2561.000000,1563.500000
3486,2558.666667,1561.166667
3488,2556.500000,1559.000000
3490,2552.583333,1555.083333
3492,2550.083333,1552.583333
3494,2547.166667,1549.666667
3496,2545.000000,1547.500000
3498,2542.083333,1544.583333
3500,2539.416667,1541.916667
3502,2536.833333,1539.333333
3504,2535.166667,1537.666667
3506,2532.833333,1535.333333
3508,2525.750000,1528.250000
3510,2523.416667,1525.916667
3512,2521.583333,1524.083333
3514,2519.750000,1522.250000
3516,2517.833333,1520.333333
3518,2516.083333,1518.583333
3520,2514.000000,1516.500000
3522,2512.083333,1514.583333
3524,2509.916667,1512.416667
3526,2507.750000,1510.250000
3528,2505.083333,1507.583333
3530,2501.666667,1504.166667
3532,2499.916667,1502.416667
3534,2497.833333,1500.333333
3536,2495.500000,1498.000000
3538,2493.166667,1495.666667
3540,2491.416667,1493.916667
3542,2489.583333,1492.083333
3544,2486.916667,1489.416667
3546,2485.083333,1487.583333
3548,2482.916667,1485.416667
3550,2480.833333,1483.333333
3552,2478.583333,1481.083333
3554,2476.416667,1478.916667
3556,2473.583333,1476.083333
3558,2472.083333,1474.583333
3560,2470.250000,1472.750000
3562,2468.083333,1470.583333
3564,2465.666667,1468.166667
3566,2464.000000,1466.500000
3568,2462.166667,1464.666667
3570,2460.000000,1462.500000
3572,2532.083333,1534.500000
3574,2530.416667,1532.833333
3576,2520.750000,1523.166667
3578,2518.916667,1521.333333
3580,2516.750000,1519.166667
3582,2514.500000,1516.916667
3584,2512.583333,1515.000000
3586,2510.166667,1512.583333
3588,2508.166667,1510.583333
3590,2505.416667,1507.833333
3592,2503.416667,1505.833333
3594,2501.166667,1503.583333
3596,2497.750000,1500.166667
3598,2495.583333,1498.000000
3600,2659.416667,1661.666667
3602,2640.083333,1642.333333
3604,2721.000000,1723.166667
3606,2602.727273,1605.000000
3608,2595.363636,1597.636364
3610,2576.363636,1578.636364
3612,2573.909091,1576.181818
3614,2568.909091,1571.181818
3616,2565.272727,1567.545455
3618,2563.090909,1565.363636
3620,2559.727273,1562.000000
3622,2557.272727,1559.545455
3624,2555.000000,1557.272727
3626,2553.090909,1555.363636
3628,2549.545455,1551.818182
3630,2547.363636,1549.636364
3632,2544.181818,1546.454545
3634,2542.363636,1544.636364
3636,2540.727273,1543.000000
3638,2537.181818,1539.454545
3640,2535.000000,1537.272727
3642,2532.454545,1534.727273
3644,2530.545455,1532.818182
3646,2528.545455,1530.818182
3648,2526.454545,1528.727273
3650,2524.090909,1526.363636
3652,2521.545455,1523.818182
3654,2519.636364,1521.909091
3656,2517.636364,1519.909091
3658,2513.818182,1516.090909
3660,2510.818182,1513.090909
3662,2508.727273,1511.000000
3664,2597.727273,1599.909091
3666,2465.400000,1467.700000
3668,2463.300000,1465.600000
3670,2460.900000,1463.200000
3672,2458.700000,1461.000000
3674,2456.800000,1459.100000
3676,2454.000000,1456.200000
3678,2478.000000,1480.333333
3680,2475.555556,1477.888889
3682,2473.777778,1476.111111
3684,2472.111111,1474.444444
3686,2470.444444,1472.777778
3688,2468.333333,1470.666667
3690,2466.666667,1469.000000
3692,2464.888889,1467.222222
3694,2463.222222,1465.555556
3696,2461.666667,1464.000000
3698,2459.777778,1462.111111
3700,2457.666667,1460.000000
3702,2455.555556,1457.888889
3704,2453.333333,1455.666667
3706,2451.555556,1453.888889
3708,2449.555556,1451.888889
3710,2447.333333,1449.666667
3712,2445.888889,1448.222222
3714,2444.000000,1446.333333
3716,2442.222222,1444.555556
3718,2439.888889,1442.222222
3720,2437.666667,1440.000000
3722,2435.888889,1438.222222
3724,2433.888889,1436.222222
3726,2432.111111,1434.444444
3728,2429.888889,1432.222222
3730,2428.222222,1430.555556
3732,2426.000000,1428.333333
3734,2424.444444,1426.777778
3736,2423.000000,1425.333333
3738,2421.333333,1423.666667
3740,2419.777778,1422.111111
3742,2417.555556,1419.888889
3744,2416.000000,1418.333333
3746,2414.111111,1416.444444
3748,2412.444444,1414.777778
3750,2411.222222,1413.555556
3752,2408.666667,1411.000000
3754,2407.222222,1409.555556
3756,2405.555556,1407.888889
3758,2403.888889,1406.222222
3760,2402.333333,1404.666667
3762,2400.555556,1402.888889
3764,2399.111111,1401.444444
3766,2507.333333,1509.555556
3768,2479.111111,1481.333333
3770,2464.000000,1466.222222
3772,2457.333333,1459.555556
3774,2456.000000,1458.222222
3776,2454.444444,1456.666667
3778,2453.222222,1455.444444
3780,2451.666667,1453.888889
3782,2450.222222,1452.444444
3784,2448.222222,1450.444444
3786,2446.111111,1448.333333
3788,2444.333333,1446.555556
3790,2442.555556,1444.777778
3792,2440.111111,1442.333333
3794,2548.888889,1551.000000
3796,2471.888889,1474.000000
3798,2469.666667,1471.777778
3800,2439.333333,1441.444444
3802,2437.444444,1439.555556
3804,2436.222222,1438.333333
3806,2434.222222,1436.333333
3808,2432.666667,1434.777778
3810,2430.555556,1432.666667
3812,2429.111111,1431.222222
3814,2427.555556,1429.666667
3816,2425.666667,1427.777778
3818,2424.222222,1426.333333
3820,2422.000000,1424.111111
3822,2420.444444,1422.555556
3824,2418.444444,1420.555556
3826,2527.666667,1529.666667
3828,2423.500000,1425.625000
3830,2422.000000,1424.125000
3832,2420.250000,1422.375000
3834,2418.625000,1420.750000
3836,2416.875000,1419.000000
3838,2415.000000,1417.125000
3840,2413.500000,1415.625000
3842,2411.750000,1413.875000
3844,2410.375000,1412.500000
3846,2408.875000,1411.000000
3848,2407.625000,1409.750000
3850,2406.000000,1408.125000
3852,2404.875000,1407.000000
3854,2402.750000,1404.875000
3856,2400.500000,1402.500000
3858,2398.375000,1400.375000
3860,2396.375000,1398.375000
3862,2394.875000,1396.875000
3864,2392.625000,1394.625000
3866,2391.375000,1393.375000
3868,2389.500000,1391.500000
3870,2388.250000,1390.250000
3872,2386.625000,1388.625000
3874,2384.500000,1386.500000
3876,2382.625000,1384.625000
3878,2380.875000,1382.875000
3880,2379.250000,1381.250000
3882,2377.250000,1379.250000
3884,2375.500000,1377.500000
3886,2374.000000,1376.000000
3888,2372.500000,1374.500000
3890,2370.875000,1372.875000
3892,2369.250000,1371.250000
3894,2367.875000,1369.875000
3896,2366.125000,1368.125000
3898,2364.875000,1366.875000
3900,2363.250000,1365.250000
3902,2362.500000,1364.500000
3904,2360.750000,1362.750000
3906,2359.125000,1361.125000
3908,2357.625000,1359.625000
3910,2356.125000,1358.125000
3912,2354.750000,1356.750000
3914,2353.125000,1355.125000
3916,2350.875000,1352.875000
3918,2349.750000,1351.750000
3920,2348.250000,1350.250000
3922,2347.250000,1349.250000
3924,2345.750000,1347.625000
3926,2338.666667,1340.666667
3928,2337.166667,1339.166667
3930,2336.166667,1338.166667
3932,2335.166667,1337.166667
3934,2334.500000,1336.500000
3936,2332.500000,1334.500000
3938,2330.666667,1332.666667
3940,2328.000000,1330.000000
3942,2326.333333,1328.333333
3944,2325.000000,1327.000000
3946,2323.833333,1325.833333
3948,2321.500000,1323.500000
3950,2320.000000,1322.000000
3952,2319.166667,1321.166667
3954,2318.333333,1320.333333
3956,2317.166667,1319.166667
3958,2316.166667,1318.166667
3960,2314.833333,1316.833333
3962,2313.666667,1315.666667
3964,2312.333333,1314.333333
3966,2310.833333,1312.833333
3968,2309.166667,1311.166667
3970,2307.666667,1309.666667
3972,2306.000000,1308.000000
3974,2305.166667,1307.166667
3976,2303.833333,1305.833333
3978,2302.166667,1304.166667
3980,2300.500000,1302.500000
3982,2299.166667,1301.166667
3984,2297.666667,1299.666667
3986,2296.166667,1298.166667
3988,2294.000000,1296.000000
3990,2292.833333,1294.833333
3992,2336.800000,1338.800000
3994,2335.600000,1337.600000
3996,2334.800000,1336.800000
3998,2333.000000,1335.000000
4000,2331.200000,1333.200000
4002,2330.000000,1332.000000
4004,2328.800000,1330.800000
4006,2327.600000,1329.600000
4008,2325.800000,1327.800000
4010,2323.800000,1325.800000
4012,2322.000000,1324.000000
4014,2321.000000,1323.000000
4016,2319.600000,1321.600000
4018,2318.000000,1320.000000
4020,2317.000000,1319.000000
4022,2315.600000,1317.600000
4024,2314.400000,1316.400000
4026,2312.400000,1314.400000
4028,2311.400000,1313.400000
4030,2309.800000,1311.800000
4032,2308.800000,1310.800000
4034,2307.800000,1309.800000
4036,2306.600000,1308.600000
4038,2305.800000,1307.800000
4040,2304.800000,1306.800000
4042,2303.200000,1305.200000
4044,2302.600000,1304.600000
4046,2302.000000,1304.000000
4048,2300.800000,1302.800000
4050,2300.000000,1302.000000
4052,2298.800000,1300.800000
4054,2298.000000,1300.000000
4056,2296.800000,1298.800000
4058,2296.000000,1298.000000
4060,2295.000000,1297.000000
4062,2293.800000,1295.800000
4064,2292.200000,1294.200000
4066,2290.600000,1292.600000
4068,2289.600000,1291.600000
4070,2288.000000,1290.000000
4072,2287.000000,1289.000000
4074,2285.600000,1287.600000
4076,2284.400000,1286.400000
4078,2283.200000,1285.200000
4080,2282.000000,1284.000000
4082,2281.600000,1283.600000
4084,2280.800000,1282.800000
4086,2279.600000,1281.600000
4088,2278.800000,1280.800000
4090,2277.000000,1279.000000
4092,2276.200000,1278.200000
4094,2275.400000,1277.400000
4096,2273.800000,1275.800000
4098,2272.600000,1274.600000
4100,2271.400000,1273.400000
4102,2270.200000,1272.200000
4104,2268.800000,1270.800000
4106,2268.200000,1270.200000
4108,2267.600000,1269.600000
4110,2266.600000,1268.600000
4112,2266.000000,1268.000000
4114,2265.000000,1267.000000
4116,2263.000000,1265.000000
4118,2262.000000,1264.000000
4120,2261.000000,1263.000000
4122,2259.600000,1261.600000
4124,2258.400000,1260.400000
4126,2257.400000,1259.400000
4128,2257.000000,1259.000000
4130,2255.400000,1257.400000
4132,2254.400000,1256.400000
4134,2253.800000,1255.800000
4136,2253.400000,1255.400000
4138,2252.200000,1254.200000
4140,2251.600000,1253.600000
4142,2250.800000,1252.800000
4144,2249.200000,1251.200000
4146,2248.000000,1250.000000
4148,2247.200000,1249.200000
4150,2246.000000,1248.000000
4152,2244.600000,1246.600000
4154,2243.200000,1245.200000
4156,2242.200000,1244.200000
4158,2241.000000,1243.000000
4160,2240.400000,1242.400000
4162,2239.200000,1241.200000
4164,2238.200000,1240.200000
4166,2237.000000,1239.000000
4168,2236.000000,1238.000000
4170,2235.200000,1237.200000
4172,2234.600000,1236.600000
4174,2234.000000,1236.000000
4176,2232.400000,1234.400000
4178,2231.400000,1233.400000
4180,2230.200000,1232.200000
4182,2229.000000,1231.000000
4184,2228.000000,1230.000000
4186,2227.200000,1229.200000
4188,2226.600000,1228.600000
4190,2225.200000,1227.200000
4192,2224.600000,1226.600000
4194,2223.400000,1225.400000
4196,2222.400000,1224.400000
4198,2420.800000,1422.600000
