#This is a CSV file containing the average TPL, TPU, and Cost values for the QU algorithm with PH path compression.
#The data was generated for n = 1000 and delta = 1.
N,Average TPL,Average TPU,Average Cost
1,0.000000,0.000000,0.000000
2,0.000000,0.000000,0.000000
3,0.000000,0.000000,0.000000
4,0.050000,0.000000,0.100000
5,0.100000,0.000000,0.200000
6,0.100000,0.000000,0.200000
7,0.150000,0.000000,0.300000
8,0.150000,0.000000,0.300000
9,0.150000,0.000000,0.300000
10,0.150000,0.000000,0.300000
11,0.150000,0.000000,0.300000
12,0.150000,0.000000,0.300000
13,0.150000,0.000000,0.300000
14,0.250000,0.000000,0.500000
15,0.250000,0.000000,0.500000
16,0.300000,0.000000,0.600000
17,0.400000,0.000000,0.800000
18,0.400000,0.000000,0.800000
19,0.400000,0.000000,0.800000
20,0.550000,0.000000,1.100000
21,0.600000,0.000000,1.200000
22,0.650000,0.000000,1.300000
23,0.650000,0.000000,1.300000
24,0.650000,0.000000,1.300000
25,0.750000,0.000000,1.500000
26,0.900000,0.000000,1.800000
27,0.900000,0.000000,1.800000
28,0.950000,0.000000,1.900000
29,1.000000,0.000000,2.000000
30,1.050000,0.000000,2.100000
31,1.100000,0.000000,2.200000
32,1.150000,0.000000,2.300000
33,1.150000,0.000000,2.300000
34,1.150000,0.000000,2.300000
35,1.150000,0.000000,2.300000
36,1.250000,0.000000,2.500000
37,1.250000,0.000000,2.500000
38,1.300000,0.000000,2.600000
39,1.350000,0.000000,2.700000
40,1.500000,0.000000,3.000000
41,1.550000,0.000000,3.100000
42,1.600000,0.000000,3.200000
43,1.800000,0.000000,3.600000
44,1.950000,0.000000,3.900000
45,2.000000,0.000000,4.000000
46,2.050000,0.000000,4.100000
47,2.100000,0.000000,4.200000
48,2.150000,0.000000,4.300000
49,2.250000,0.000000,4.500000
50,2.400000,0.000000,4.800000
51,2.450000,0.000000,4.900000
52,2.550000,0.000000,5.100000
53,2.650000,0.000000,5.300000
54,2.750000,0.000000,5.500000
55,2.850000,0.000000,5.700000
56,3.000000,0.000000,6.000000
57,3.000000,0.000000,6.000000
58,3.150000,0.000000,6.300000
59,3.200000,0.000000,6.400000
60,3.300000,0.000000,6.600000
61,3.500000,0.000000,7.000000
62,3.600000,0.000000,7.200000
63,3.800000,0.000000,7.600000
64,4.100000,0.000000,8.200000
65,4.400000,0.000000,8.800000
66,4.500000,0.000000,9.000000
67,4.600000,0.000000,9.200000
68,4.750000,0.000000,9.500000
69,4.800000,0.000000,9.600000
70,5.000000,0.000000,10.000000
71,5.250000,0.000000,10.500000
72,5.250000,0.000000,10.500000
73,5.450000,0.000000,10.900000
74,5.450000,0.000000,10.900000
75,5.600000,0.000000,11.200000
76,5.700000,0.000000,11.400000
77,5.850000,0.000000,11.700000
78,6.100000,0.000000,12.200000
79,6.300000,0.000000,12.600000
80,6.350000,0.000000,12.700000
81,6.550000,0.000000,13.100000
82,6.600000,0.000000,13.200000
83,6.650000,0.000000,13.300000
84,6.900000,0.000000,13.800000
85,7.000000,0.000000,14.000000
86,7.100000,0.050000,14.300000
87,7.250000,0.050000,14.600000
88,7.300000,0.050000,14.700000
89,7.600000,0.050000,15.300000
90,8.000000,0.050000,16.100000
91,8.300000,0.050000,16.700000
92,8.500000,0.050000,17.100000
93,8.700000,0.050000,17.500000
94,8.900000,0.050000,17.900000
95,9.100000,0.050000,18.300000
96,9.350000,0.050000,18.800000
97,9.550000,0.050000,19.200000
98,9.650000,0.050000,19.400000
99,9.900000,0.050000,19.900000
100,10.050000,0.050000,20.200000
101,10.350000,0.050000,20.800000
102,10.600000,0.050000,21.300000
103,10.950000,0.050000,22.000000
104,11.350000,0.050000,22.800000
105,11.650000,0.050000,23.400000
106,12.100000,0.050000,24.300000
107,12.500000,0.050000,25.100000
108,12.550000,0.050000,25.200000
109,12.700000,0.050000,25.500000
110,12.900000,0.050000,25.900000
111,13.250000,0.050000,26.600000
112,13.550000,0.050000,27.200000
113,14.000000,0.050000,28.100000
114,14.300000,0.050000,28.700000
115,14.500000,0.050000,29.100000
116,14.700000,0.050000,29.500000
117,15.050000,0.050000,30.200000
118,15.300000,0.050000,30.700000
119,15.650000,0.050000,31.400000
120,16.050000,0.050000,32.200000
121,16.500000,0.100000,33.200000
122,16.800000,0.100000,33.800000
123,16.850000,0.100000,33.900000
124,17.100000,0.100000,34.400000
125,17.350000,0.100000,34.900000
126,17.600000,0.100000,35.400000
127,17.950000,0.100000,36.100000
128,18.250000,0.100000,36.700000
129,18.450000,0.100000,37.100000
130,18.600000,0.100000,37.400000
131,18.900000,0.100000,38.000000
132,19.100000,0.100000,38.400000
133,19.500000,0.100000,39.200000
134,20.050000,0.100000,40.300000
135,20.200000,0.100000,40.600000
136,20.400000,0.150000,41.100000
137,20.550000,0.150000,41.400000
138,20.950000,0.150000,42.200000
139,21.300000,0.150000,42.900000
140,21.750000,0.150000,43.800000
141,22.000000,0.150000,44.300000
142,22.400000,0.150000,45.100000
143,22.700000,0.150000,45.700000
144,22.850000,0.150000,46.000000
145,23.100000,0.150000,46.500000
146,23.450000,0.150000,47.200000
147,23.900000,0.150000,48.100000
148,24.000000,0.150000,48.300000
149,24.300000,0.150000,48.900000
150,25.000000,0.150000,50.300000
151,25.350000,0.150000,51.000000
152,25.650000,0.150000,51.600000
153,26.050000,0.150000,52.400000
154,26.700000,0.150000,53.700000
155,27.000000,0.150000,54.300000
156,27.400000,0.150000,55.100000
157,27.700000,0.150000,55.700000
158,28.100000,0.200000,56.600000
159,28.500000,0.200000,57.400000
160,29.000000,0.250000,58.500000
161,29.500000,0.250000,59.500000
162,30.150000,0.300000,60.900000
163,30.500000,0.300000,61.600000
164,30.750000,0.300000,62.100000
165,31.300000,0.350000,63.300000
166,32.050000,0.350000,64.800000
167,32.450000,0.350000,65.600000
168,32.700000,0.350000,66.100000
169,33.050000,0.350000,66.800000
170,33.500000,0.350000,67.700000
171,33.800000,0.350000,68.300000
172,34.400000,0.350000,69.500000
173,34.950000,0.350000,70.600000
174,35.350000,0.350000,71.400000
175,35.600000,0.400000,72.000000
176,36.300000,0.400000,73.400000
177,36.800000,0.400000,74.400000
178,37.300000,0.450000,75.500000
179,37.950000,0.450000,76.800000
180,38.200000,0.450000,77.300000
181,38.750000,0.500000,78.500000
182,39.350000,0.500000,79.700000
183,39.600000,0.500000,80.200000
184,40.200000,0.550000,81.500000
185,40.650000,0.550000,82.400000
186,41.000000,0.550000,83.100000
187,41.500000,0.600000,84.200000
188,41.800000,0.600000,84.800000
189,42.200000,0.600000,85.600000
190,42.400000,0.600000,86.000000
191,43.100000,0.600000,87.400000
192,43.800000,0.650000,88.900000
193,44.250000,0.650000,89.800000
194,44.750000,0.650000,90.800000
195,44.950000,0.650000,91.200000
196,45.400000,0.650000,92.100000
197,45.900000,0.700000,93.200000
198,46.500000,0.700000,94.400000
199,47.050000,0.750000,95.600000
200,47.400000,0.750000,96.300000
201,47.750000,0.750000,97.000000
202,48.050000,0.750000,97.600000
203,48.400000,0.750000,98.300000
204,48.850000,0.850000,99.400000
205,49.350000,0.850000,100.400000
206,49.900000,0.850000,101.500000
207,50.600000,0.900000,103.000000
208,51.100000,0.950000,104.100000
209,51.250000,0.950000,104.400000
210,51.700000,0.950000,105.300000
211,52.500000,1.050000,107.100000
212,52.850000,1.050000,107.800000
213,53.500000,1.150000,109.300000
214,53.950000,1.200000,110.300000
215,54.250000,1.200000,110.900000
216,54.750000,1.250000,112.000000
217,55.150000,1.250000,112.800000
218,55.800000,1.300000,114.200000
219,56.500000,1.300000,115.600000
220,57.150000,1.300000,116.900000
221,58.150000,1.400000,119.100000
222,58.600000,1.400000,120.000000
223,58.850000,1.400000,120.500000
224,59.400000,1.500000,121.800000
225,59.950000,1.500000,122.900000
226,60.400000,1.550000,123.900000
227,61.100000,1.600000,125.400000
228,61.850000,1.650000,127.000000
229,62.500000,1.750000,128.500000
230,62.950000,1.800000,129.500000
231,63.500000,1.800000,130.600000
232,64.050000,1.800000,131.700000
233,64.900000,1.900000,133.600000
234,65.650000,1.950000,135.200000
235,66.000000,1.950000,135.900000
236,66.800000,2.000000,137.600000
237,67.600000,2.100000,139.400000
238,68.150000,2.150000,140.600000
239,68.800000,2.200000,142.000000
240,69.550000,2.300000,143.700000
241,69.900000,2.300000,144.400000
242,70.750000,2.300000,146.100000
243,71.300000,2.350000,147.300000
244,71.800000,2.400000,148.400000
245,72.550000,2.400000,149.900000
246,73.300000,2.450000,151.500000
247,73.850000,2.450000,152.600000
248,74.450000,2.500000,153.900000
249,74.950000,2.500000,154.900000
250,75.600000,2.550000,156.300000
251,76.050000,2.600000,157.300000
252,76.750000,2.650000,158.800000
253,77.200000,2.700000,159.800000
254,77.800000,2.800000,161.200000
255,78.250000,2.850000,162.200000
256,79.050000,3.000000,164.100000
257,79.800000,3.150000,165.900000
258,80.800000,3.200000,168.000000
259,81.650000,3.300000,169.900000
260,82.350000,3.350000,171.400000
261,82.700000,3.350000,172.100000
262,83.450000,3.350000,173.600000
263,84.100000,3.350000,174.900000
264,84.850000,3.450000,176.600000
265,85.250000,3.450000,177.400000
266,86.100000,3.500000,179.200000
267,86.850000,3.550000,180.800000
268,87.550000,3.550000,182.200000
269,88.200000,3.600000,183.600000
270,88.800000,3.700000,185.000000
271,89.550000,3.800000,186.700000
272,90.200000,3.900000,188.200000
273,91.100000,3.900000,190.000000
274,92.050000,3.900000,191.900000
275,93.150000,4.050000,194.400000
276,93.850000,4.100000,195.900000
277,94.600000,4.250000,197.700000
278,95.200000,4.300000,199.000000
279,95.750000,4.350000,200.200000
280,96.800000,4.400000,202.400000
281,97.650000,4.550000,204.400000
282,98.650000,4.650000,206.600000
283,99.450000,4.700000,208.300000
284,100.100000,4.800000,209.800000
285,101.250000,4.850000,212.200000
286,101.800000,4.850000,213.300000
287,102.500000,4.900000,214.800000
288,103.150000,4.950000,216.200000
289,103.800000,5.000000,217.600000
290,104.300000,5.050000,218.700000
291,105.150000,5.050000,220.400000
292,106.100000,5.100000,222.400000
293,107.050000,5.200000,224.500000
294,107.550000,5.300000,225.700000
295,108.850000,5.400000,228.500000
296,109.600000,5.400000,230.000000
297,110.350000,5.400000,231.500000
298,111.450000,5.450000,233.800000
299,112.300000,5.550000,235.700000
300,112.850000,5.550000,236.800000
301,114.000000,5.600000,239.200000
302,114.850000,5.600000,240.900000
303,115.500000,5.700000,242.400000
304,116.200000,5.800000,244.000000
305,116.900000,5.800000,245.400000
306,117.900000,6.000000,247.800000
307,118.600000,6.000000,249.200000
308,119.100000,6.050000,250.300000
309,119.850000,6.050000,251.800000
310,120.550000,6.100000,253.300000
311,121.300000,6.150000,254.900000
312,122.250000,6.250000,257.000000
313,123.000000,6.350000,258.700000
314,123.750000,6.500000,260.500000
315,124.650000,6.500000,262.300000
316,125.550000,6.600000,264.300000
317,126.600000,6.850000,266.900000
318,127.400000,6.950000,268.700000
319,128.550000,7.100000,271.300000
320,129.500000,7.200000,273.400000
321,130.700000,7.350000,276.100000
322,131.400000,7.600000,278.000000
323,132.150000,7.650000,279.600000
324,132.800000,7.650000,280.900000
325,133.200000,7.700000,281.800000
326,133.850000,7.750000,283.200000
327,134.450000,7.750000,284.400000
328,135.200000,7.800000,286.000000
329,135.800000,7.800000,287.200000
330,136.300000,7.800000,288.200000
331,137.450000,7.950000,290.800000
332,138.250000,7.950000,292.400000
333,139.250000,8.000000,294.500000
334,140.500000,8.150000,297.300000
335,141.550000,8.300000,299.700000
336,142.350000,8.350000,301.400000
337,143.400000,8.400000,303.600000
338,143.850000,8.400000,304.500000
339,144.850000,8.500000,306.700000
340,145.450000,8.500000,307.900000
341,146.250000,8.550000,309.600000
342,147.050000,8.600000,311.300000
343,148.200000,8.900000,314.200000
344,149.100000,9.000000,316.200000
345,150.200000,9.200000,318.800000
346,151.100000,9.250000,320.700000
347,152.150000,9.350000,323.000000
348,152.900000,9.400000,324.600000
349,154.400000,9.500000,327.800000
350,155.150000,9.650000,329.600000
351,156.300000,9.750000,332.100000
352,157.600000,9.900000,335.000000
353,158.900000,10.200000,338.200000
354,159.850000,10.200000,340.100000
355,160.700000,10.250000,341.900000
356,161.750000,10.400000,344.300000
357,162.350000,10.450000,345.600000
358,163.500000,10.700000,348.400000
359,164.500000,10.700000,350.400000
360,165.400000,10.700000,352.200000
361,166.350000,10.850000,354.400000
362,167.500000,11.000000,357.000000
363,168.250000,11.000000,358.500000
364,169.350000,11.250000,361.200000
365,169.950000,11.350000,362.600000
366,170.850000,11.500000,364.700000
367,171.650000,11.550000,366.400000
368,172.800000,11.700000,369.000000
369,174.150000,11.750000,371.800000
370,175.450000,11.950000,374.800000
371,176.900000,12.100000,378.000000
372,177.600000,12.100000,379.400000
373,179.000000,12.200000,382.400000
374,180.250000,12.550000,385.600000
375,181.500000,12.800000,388.600000
376,182.450000,12.800000,390.500000
377,183.500000,12.950000,392.900000
378,184.450000,13.050000,395.000000
379,185.500000,13.100000,397.200000
380,186.900000,13.350000,400.500000
381,188.150000,13.600000,403.500000
382,188.800000,13.750000,405.100000
383,189.750000,13.900000,407.300000
384,190.850000,14.000000,409.700000
385,191.650000,14.200000,411.700000
386,192.550000,14.450000,414.000000
387,193.650000,14.550000,416.400000
388,195.300000,14.950000,420.500000
389,196.700000,15.300000,424.000000
390,197.550000,15.300000,425.700000
391,198.750000,15.450000,428.400000
392,199.650000,15.700000,430.700000
393,200.300000,15.750000,432.100000
394,201.650000,16.000000,435.300000
395,202.700000,16.150000,437.700000
396,204.400000,16.600000,442.000000
397,206.100000,16.750000,445.700000
398,207.000000,16.850000,447.700000
399,208.250000,16.950000,450.400000
400,209.700000,17.100000,453.600000
401,210.900000,17.400000,456.600000
402,212.150000,17.550000,459.400000
403,213.050000,17.650000,461.400000
404,214.100000,17.800000,463.800000
405,215.400000,18.000000,466.800000
406,216.400000,18.250000,469.300000
407,217.850000,18.350000,472.400000
408,218.800000,18.600000,474.800000
409,220.050000,18.750000,477.600000
410,220.850000,18.750000,479.200000
411,222.100000,18.950000,482.100000
412,223.850000,19.450000,486.600000
413,225.000000,19.500000,489.000000
414,226.300000,19.700000,492.000000
415,227.850000,20.000000,495.700000
416,229.150000,20.150000,498.600000
417,230.750000,20.300000,502.100000
418,232.550000,20.650000,506.400000
419,233.600000,20.800000,508.800000
420,234.500000,20.950000,510.900000
421,236.050000,21.250000,514.600000
422,237.600000,21.500000,518.200000
423,238.900000,21.700000,521.200000
424,240.650000,22.000000,525.300000
425,241.750000,22.050000,527.600000
426,243.400000,22.300000,531.400000
427,244.450000,22.500000,533.900000
428,245.750000,22.650000,536.800000
429,247.650000,23.050000,541.400000
430,249.800000,23.500000,546.600000
431,250.900000,23.750000,549.300000
432,252.150000,24.000000,552.300000
433,253.150000,24.200000,554.700000
434,254.150000,24.350000,557.000000
435,255.050000,24.500000,559.100000
436,256.400000,24.800000,562.400000
437,257.500000,25.100000,565.200000
438,259.350000,25.350000,569.400000
439,260.850000,25.650000,573.000000
440,261.950000,25.700000,575.300000
441,263.350000,26.100000,578.900000
442,265.100000,26.500000,583.200000
443,266.100000,26.800000,585.800000
444,267.450000,27.100000,589.100000
445,268.650000,27.250000,591.800000
446,270.450000,27.650000,596.200000
447,272.150000,28.100000,600.500000
448,273.550000,28.350000,603.800000
449,274.650000,28.500000,606.300000
450,276.100000,28.650000,609.500000
451,277.700000,29.000000,613.400000
452,279.100000,29.450000,617.100000
453,280.700000,29.750000,620.900000
454,282.250000,30.000000,624.500000
455,283.650000,30.200000,627.700000
456,285.150000,30.500000,631.300000
457,286.650000,30.750000,634.800000
458,288.100000,30.900000,638.000000
459,289.750000,31.600000,642.700000
460,291.700000,31.950000,647.300000
461,293.400000,32.300000,651.400000
462,294.950000,32.500000,654.900000
463,296.500000,32.800000,658.600000
464,298.250000,33.400000,663.300000
465,299.850000,33.600000,666.900000
466,301.000000,33.700000,669.400000
467,302.750000,34.400000,674.300000
468,304.200000,34.600000,677.600000
469,306.150000,35.100000,682.500000
470,307.450000,35.300000,685.500000
471,309.100000,35.600000,689.400000
472,310.700000,36.000000,693.400000
473,313.050000,36.800000,699.700000
474,313.950000,36.950000,701.800000
475,315.100000,37.200000,704.600000
476,316.350000,37.500000,707.700000
477,317.600000,37.750000,710.700000
478,319.300000,38.450000,715.500000
479,321.050000,38.750000,719.600000
480,322.600000,39.300000,723.800000
481,324.400000,39.650000,728.100000
482,325.150000,39.650000,729.600000
483,327.150000,40.550000,735.400000
484,329.150000,40.950000,740.200000
485,330.200000,41.150000,742.700000
486,331.950000,41.600000,747.100000
487,334.200000,42.300000,753.000000
488,336.150000,42.900000,758.100000
489,338.150000,43.450000,763.200000
490,340.300000,44.200000,769.000000
491,341.950000,44.550000,773.000000
492,343.950000,45.250000,778.400000
493,345.950000,45.850000,783.600000
494,347.650000,46.300000,787.900000
495,349.200000,46.700000,791.800000
496,350.700000,47.150000,795.700000
497,352.850000,47.650000,801.000000
498,354.350000,47.900000,804.500000
499,356.450000,48.400000,809.700000
500,358.300000,49.100000,814.800000
501,359.850000,49.450000,818.600000
502,361.200000,49.700000,821.800000
503,363.600000,50.300000,827.800000
504,366.050000,51.200000,834.500000
505,367.950000,51.700000,839.300000
506,370.750000,52.750000,847.000000
507,372.900000,53.350000,852.500000
508,374.800000,53.850000,857.300000
509,376.750000,54.550000,862.600000
510,378.450000,55.000000,866.900000
511,380.350000,55.550000,871.800000
512,381.850000,55.950000,875.600000
513,384.100000,56.850000,881.900000
514,386.750000,57.900000,889.300000
515,388.950000,58.400000,894.700000
516,390.700000,58.800000,899.000000
517,392.500000,59.250000,903.500000
518,394.550000,60.000000,909.100000
519,397.050000,60.750000,915.600000
520,399.500000,61.750000,922.500000
521,401.750000,62.450000,928.400000
522,403.450000,62.950000,932.800000
523,405.500000,63.450000,937.900000
524,407.250000,64.100000,942.700000
525,409.700000,64.950000,949.300000
526,411.450000,65.350000,953.600000
527,414.150000,66.300000,960.900000
528,416.100000,67.050000,966.300000
529,418.550000,67.850000,972.800000
530,420.050000,68.350000,976.800000
531,422.500000,69.350000,983.700000
532,423.900000,69.800000,987.400000
533,425.950000,70.400000,992.700000
534,427.600000,70.850000,996.900000
535,429.650000,71.500000,1002.300000
536,431.700000,72.100000,1007.600000
537,433.500000,72.600000,1012.200000
538,435.600000,73.400000,1018.000000
539,438.050000,74.350000,1024.800000
540,440.500000,75.350000,1031.700000
541,442.950000,76.400000,1038.700000
542,445.300000,77.200000,1045.000000
543,447.550000,78.100000,1051.300000
544,451.100000,79.600000,1061.400000
545,453.050000,80.350000,1066.800000
546,455.300000,81.100000,1072.800000
547,457.350000,81.650000,1078.000000
548,459.750000,82.650000,1084.800000
549,461.750000,83.300000,1090.100000
550,463.650000,84.150000,1095.600000
551,466.250000,84.900000,1102.300000
552,468.750000,85.800000,1109.100000
553,471.200000,86.800000,1116.000000
554,474.100000,88.050000,1124.300000
555,477.050000,89.550000,1133.200000
556,479.700000,90.500000,1140.400000
557,481.600000,91.150000,1145.500000
558,484.000000,92.000000,1152.000000
559,486.850000,93.350000,1160.400000
560,489.300000,94.150000,1166.900000
561,492.250000,95.400000,1175.300000
562,495.600000,96.950000,1185.100000
563,498.450000,98.050000,1193.000000
564,501.300000,99.300000,1201.200000
565,503.400000,99.900000,1206.600000
566,506.950000,101.350000,1216.600000
567,510.400000,103.100000,1227.000000
568,512.900000,103.750000,1233.300000
569,515.450000,104.650000,1240.200000
570,517.550000,105.250000,1245.600000
571,520.850000,106.850000,1255.400000
572,523.100000,107.700000,1261.600000
573,525.650000,108.950000,1269.200000
574,528.600000,110.200000,1277.600000
575,531.250000,111.500000,1285.500000
576,533.300000,112.550000,1291.700000
577,535.950000,113.900000,1299.700000
578,539.050000,115.250000,1308.600000
579,541.750000,116.200000,1315.900000
580,544.150000,117.300000,1322.900000
581,546.700000,118.550000,1330.500000
582,548.550000,119.100000,1335.300000
583,550.800000,119.900000,1341.400000
584,553.650000,121.150000,1349.600000
585,555.900000,122.050000,1355.900000
586,558.750000,123.500000,1364.500000
587,561.750000,124.750000,1373.000000
588,564.550000,126.300000,1381.700000
589,567.350000,127.400000,1389.500000
590,569.500000,128.250000,1395.500000
591,572.350000,129.750000,1404.200000
592,575.250000,131.050000,1412.600000
593,579.000000,132.850000,1423.700000
594,581.700000,133.900000,1431.200000
595,584.050000,134.950000,1438.000000
596,586.450000,136.100000,1445.100000
597,589.850000,137.900000,1455.500000
598,592.500000,139.200000,1463.400000
599,595.350000,140.600000,1471.900000
600,599.450000,142.550000,1484.000000
601,602.450000,144.150000,1493.200000
602,605.250000,145.400000,1501.300000
603,608.550000,146.900000,1510.900000
604,611.750000,148.400000,1520.300000
605,615.000000,150.000000,1530.000000
606,617.500000,150.850000,1536.700000
607,620.400000,151.850000,1544.500000
608,623.950000,153.650000,1555.200000
609,627.550000,155.650000,1566.400000
610,630.350000,157.050000,1574.800000
611,633.900000,158.800000,1585.400000
612,637.450000,160.550000,1596.000000
613,639.900000,161.500000,1602.800000
614,642.700000,162.600000,1610.600000
615,646.250000,164.250000,1621.000000
616,648.900000,165.350000,1628.500000
617,651.700000,166.650000,1636.700000
618,654.650000,168.050000,1645.400000
619,657.400000,169.300000,1653.400000
620,659.900000,170.550000,1660.900000
621,662.800000,171.950000,1669.500000
622,665.350000,173.100000,1676.900000
623,669.200000,175.200000,1688.800000
624,672.650000,177.250000,1699.800000
625,674.800000,178.150000,1705.900000
626,678.050000,179.850000,1715.800000
627,681.000000,181.200000,1724.400000
628,683.600000,182.600000,1732.400000
629,686.550000,183.900000,1740.900000
630,690.550000,186.100000,1753.300000
631,693.200000,187.250000,1760.900000
632,696.950000,189.300000,1772.500000
633,700.150000,190.750000,1781.800000
634,703.100000,192.350000,1790.900000
635,706.400000,193.850000,1800.500000
636,709.100000,195.200000,1808.600000
637,712.150000,196.650000,1817.600000
638,715.000000,198.150000,1826.300000
639,718.250000,199.650000,1835.800000
640,722.050000,201.400000,1846.900000
641,726.500000,204.000000,1861.000000
642,730.150000,205.900000,1872.100000
643,733.150000,207.100000,1880.500000
644,736.250000,208.650000,1889.800000
645,739.600000,210.300000,1899.800000
646,743.300000,212.400000,1911.400000
647,746.700000,214.100000,1921.600000
648,749.500000,215.450000,1929.900000
649,752.950000,217.350000,1940.600000
650,756.600000,219.500000,1952.200000
651,759.700000,221.150000,1961.700000
652,763.300000,223.350000,1973.300000
653,766.500000,225.200000,1983.400000
654,768.850000,226.350000,1990.400000
655,772.650000,228.350000,2002.000000
656,776.550000,230.500000,2014.100000
657,779.950000,232.150000,2024.200000
658,783.050000,233.600000,2033.300000
659,785.950000,235.050000,2042.000000
660,790.300000,237.650000,2055.900000
661,793.600000,239.350000,2065.900000
662,797.400000,241.250000,2077.300000
663,801.300000,243.300000,2089.200000
664,804.100000,244.850000,2097.900000
665,807.950000,247.050000,2110.000000
666,811.200000,248.850000,2120.100000
667,814.700000,250.600000,2130.600000
668,818.550000,252.650000,2142.400000
669,822.650000,254.850000,2155.000000
670,826.300000,256.850000,2166.300000
671,829.900000,258.900000,2177.600000
672,833.250000,260.600000,2187.700000
673,836.250000,262.050000,2196.600000
674,839.300000,263.850000,2206.300000
675,842.300000,265.350000,2215.300000
676,846.000000,267.350000,2226.700000
677,849.600000,269.650000,2238.500000
678,853.000000,271.500000,2249.000000
679,856.100000,273.200000,2258.600000
680,859.600000,274.800000,2268.800000
681,863.350000,276.700000,2280.100000
682,866.200000,278.150000,2288.700000
683,869.500000,279.950000,2298.900000
684,873.000000,281.750000,2309.500000
685,876.450000,283.650000,2320.200000
686,880.600000,286.100000,2333.400000
687,884.600000,288.250000,2345.700000
688,888.600000,290.500000,2358.200000
689,892.900000,292.800000,2371.400000
690,896.650000,295.050000,2383.400000
691,899.700000,296.700000,2392.800000
692,903.500000,299.050000,2405.100000
693,907.400000,301.200000,2417.200000
694,911.400000,303.450000,2429.700000
695,914.700000,305.450000,2440.300000
696,918.500000,307.800000,2452.600000
697,921.700000,309.750000,2462.900000
698,924.950000,311.350000,2472.600000
699,928.300000,313.300000,2483.200000
700,931.900000,315.400000,2494.600000
701,935.600000,317.700000,2506.600000
702,939.700000,320.100000,2519.600000
703,943.550000,322.300000,2531.700000
704,947.750000,324.600000,2544.700000
705,951.500000,326.750000,2556.500000
706,954.850000,328.400000,2566.500000
707,958.850000,330.650000,2579.000000
708,962.550000,332.750000,2590.600000
709,965.500000,334.500000,2600.000000
710,969.600000,336.950000,2613.100000
711,972.600000,338.550000,2622.300000
712,976.750000,340.850000,2635.200000
713,980.100000,342.450000,2645.100000
714,983.700000,344.550000,2656.500000
715,987.600000,346.750000,2668.700000
716,991.400000,349.150000,2681.100000
717,995.000000,351.300000,2692.600000
718,998.600000,353.450000,2704.100000
719,1002.700000,355.850000,2717.100000
720,1006.700000,358.000000,2729.400000
721,1010.250000,359.950000,2740.400000
722,1014.550000,362.300000,2753.700000
723,1019.450000,365.300000,2769.500000
724,1023.300000,367.350000,2781.300000
725,1027.350000,369.750000,2794.200000
726,1030.850000,371.650000,2805.000000
727,1034.800000,374.150000,2817.900000
728,1038.700000,376.350000,2830.100000
729,1042.300000,378.350000,2841.300000
730,1047.000000,381.100000,2856.200000
731,1051.300000,383.850000,2870.300000
732,1054.700000,385.750000,2880.900000
733,1058.950000,388.400000,2894.700000
734,1063.150000,391.050000,2908.400000
735,1067.450000,393.700000,2922.300000
736,1071.050000,395.650000,2933.400000
737,1074.350000,397.500000,2943.700000
738,1078.600000,400.100000,2957.400000
739,1082.050000,402.100000,2968.300000
740,1086.450000,404.700000,2982.300000
741,1090.550000,406.850000,2994.800000
742,1094.000000,408.850000,3005.700000
743,1098.250000,411.300000,3019.100000
744,1101.900000,413.550000,3030.900000
745,1105.350000,415.600000,3041.900000
746,1110.000000,418.250000,3056.500000
747,1113.950000,420.700000,3069.300000
748,1118.250000,423.200000,3082.900000
749,1121.950000,425.350000,3094.600000
750,1125.500000,427.300000,3105.600000
751,1128.700000,429.300000,3116.000000
752,1133.000000,431.900000,3129.800000
753,1136.700000,433.850000,3141.100000
754,1141.050000,436.500000,3155.100000
755,1144.500000,438.350000,3165.700000
756,1149.100000,441.350000,3180.900000
757,1153.750000,444.300000,3196.100000
758,1157.350000,446.600000,3207.900000
759,1161.000000,448.650000,3219.300000
760,1165.200000,451.200000,3232.800000
761,1169.800000,453.800000,3247.200000
762,1174.100000,456.350000,3260.900000
763,1178.300000,459.050000,3274.700000
764,1182.600000,461.400000,3288.000000
765,1186.350000,463.500000,3299.700000
766,1191.300000,466.600000,3315.800000
767,1195.500000,469.200000,3329.400000
768,1199.500000,471.600000,3342.200000
769,1203.500000,473.700000,3354.400000
770,1207.550000,476.050000,3367.200000
771,1211.450000,478.350000,3379.600000
772,1215.400000,480.800000,3392.400000
773,1219.400000,483.250000,3405.300000
774,1223.650000,485.800000,3418.900000
775,1227.950000,488.000000,3431.900000
776,1232.000000,490.600000,3445.200000
777,1236.600000,493.650000,3460.500000
778,1240.400000,495.850000,3472.500000
779,1244.800000,498.450000,3486.500000
780,1249.250000,501.050000,3500.600000
781,1253.400000,503.500000,3513.800000
782,1257.350000,505.900000,3526.500000
783,1260.800000,508.050000,3537.700000
784,1264.850000,510.400000,3550.500000
785,1269.000000,512.950000,3563.900000
786,1273.250000,515.500000,3577.500000
787,1277.200000,517.800000,3590.000000
788,1281.000000,520.100000,3602.200000
789,1285.600000,522.900000,3617.000000
790,1289.700000,525.550000,3630.500000
791,1294.100000,528.200000,3644.600000
792,1299.050000,531.300000,3660.700000
793,1303.300000,533.750000,3674.100000
794,1307.300000,536.300000,3687.200000
795,1311.450000,538.750000,3700.400000
796,1315.100000,541.100000,3712.400000
797,1319.850000,543.950000,3727.600000
798,1324.200000,546.500000,3741.400000
799,1327.850000,548.800000,3753.300000
800,1332.250000,551.600000,3767.700000
801,1336.750000,554.600000,3782.700000
802,1341.150000,557.450000,3797.200000
803,1344.900000,559.900000,3809.600000
804,1349.000000,562.550000,3823.100000
805,1352.800000,564.900000,3835.400000
806,1357.650000,568.200000,3851.700000
807,1361.500000,570.800000,3864.600000
808,1365.600000,573.500000,3878.200000
809,1370.300000,576.500000,3893.600000
810,1375.050000,579.550000,3909.200000
811,1379.100000,582.100000,3922.400000
812,1382.550000,584.250000,3933.600000
813,1386.600000,586.650000,3946.500000
814,1390.550000,589.200000,3959.500000
815,1394.550000,591.600000,3972.300000
816,1398.800000,594.300000,3986.200000
817,1403.000000,597.000000,4000.000000
818,1407.050000,599.350000,4012.800000
819,1411.250000,601.850000,4026.200000
820,1415.100000,604.250000,4038.700000
821,1419.350000,607.000000,4052.700000
822,1423.650000,609.800000,4066.900000
823,1428.450000,612.700000,4082.300000
824,1433.850000,616.050000,4099.800000
825,1438.100000,618.650000,4113.500000
826,1441.750000,620.850000,4125.200000
827,1445.700000,623.300000,4138.000000
828,1449.350000,625.450000,4149.600000
829,1453.450000,628.050000,4163.000000
830,1458.050000,630.800000,4177.700000
831,1461.950000,633.250000,4190.400000
832,1465.500000,635.500000,4202.000000
833,1470.200000,638.350000,4217.100000
834,1474.600000,641.100000,4231.400000
835,1478.950000,643.800000,4245.500000
836,1482.500000,645.900000,4256.800000
837,1487.150000,648.800000,4271.900000
838,1491.100000,651.250000,4284.700000
839,1495.400000,653.900000,4298.600000
840,1500.100000,656.800000,4313.800000
841,1504.650000,659.700000,4328.700000
842,1508.650000,662.050000,4341.400000
843,1513.300000,665.100000,4356.800000
844,1517.550000,667.650000,4370.400000
845,1522.300000,670.400000,4385.400000
846,1526.750000,673.100000,4399.700000
847,1530.650000,675.450000,4412.200000
848,1534.850000,678.000000,4425.700000
849,1539.050000,680.700000,4439.500000
850,1542.800000,683.000000,4451.600000
851,1547.300000,685.900000,4466.400000
852,1551.900000,689.000000,4481.800000
853,1556.000000,691.550000,4495.100000
854,1559.450000,693.750000,4506.400000
855,1563.850000,696.600000,4520.900000
856,1568.050000,699.300000,4534.700000
857,1572.600000,702.250000,4549.700000
858,1576.450000,704.600000,4562.100000
859,1580.500000,707.200000,4575.400000
860,1584.550000,710.000000,4589.100000
861,1589.150000,713.000000,4604.300000
862,1593.000000,715.650000,4617.300000
863,1597.650000,718.450000,4632.200000
864,1602.150000,721.400000,4647.100000
865,1606.350000,724.050000,4660.800000
866,1610.550000,726.750000,4674.600000
867,1614.650000,729.450000,4688.200000
868,1619.150000,732.150000,4702.600000
869,1623.550000,734.900000,4716.900000
870,1627.750000,737.450000,4730.400000
871,1631.750000,739.950000,4743.400000
872,1635.450000,742.100000,4755.100000
873,1640.350000,745.100000,4770.900000
874,1644.450000,747.900000,4784.700000
875,1648.800000,750.600000,4798.800000
876,1653.050000,753.300000,4812.700000
877,1657.750000,756.350000,4828.200000
878,1661.450000,758.550000,4840.000000
879,1665.850000,761.200000,4854.100000
880,1669.950000,763.650000,4867.200000
881,1673.600000,765.750000,4878.700000
882,1677.950000,768.400000,4892.700000
883,1682.500000,771.450000,4907.900000
884,1687.300000,774.500000,4923.600000
885,1691.650000,776.950000,4937.200000
886,1695.800000,779.800000,4951.200000
887,1700.550000,782.700000,4966.500000
888,1704.550000,785.100000,4979.300000
889,1709.050000,788.000000,4994.100000
890,1712.950000,790.400000,5006.700000
891,1717.300000,793.200000,5021.000000
892,1721.300000,795.750000,5034.100000
893,1725.300000,798.250000,5047.100000
894,1729.300000,800.750000,5060.100000
895,1732.850000,802.900000,5071.500000
896,1737.300000,805.750000,5086.100000
897,1741.750000,808.350000,5100.200000
898,1745.800000,810.950000,5113.500000
899,1749.650000,813.400000,5126.100000
900,1754.050000,816.200000,5140.500000
901,1757.650000,818.500000,5152.300000
902,1762.100000,821.400000,5167.000000
903,1766.900000,824.500000,5182.800000
904,1771.350000,827.250000,5197.200000
905,1775.150000,829.550000,5209.400000
906,1779.650000,832.450000,5224.200000
907,1784.000000,835.150000,5238.300000
908,1788.350000,838.050000,5252.800000
909,1792.700000,841.050000,5267.500000
910,1797.250000,844.150000,5282.800000
911,1801.300000,846.800000,5296.200000
912,1805.650000,849.400000,5310.100000
913,1810.400000,852.450000,5325.700000
914,1814.950000,855.550000,5341.000000
915,1819.150000,858.150000,5354.600000
916,1823.850000,861.300000,5370.300000
917,1828.300000,864.000000,5384.600000
918,1832.850000,866.950000,5399.600000
919,1836.900000,869.500000,5412.800000
920,1841.600000,872.650000,5428.500000
921,1845.500000,875.000000,5441.000000
922,1850.350000,878.000000,5456.700000
923,1854.450000,880.700000,5470.300000
924,1858.700000,883.450000,5484.300000
925,1863.350000,886.400000,5499.500000
926,1867.800000,889.150000,5513.900000
927,1872.300000,892.150000,5528.900000
928,1876.500000,894.700000,5542.400000
929,1880.850000,897.600000,5556.900000
930,1885.450000,900.600000,5572.100000
931,1890.300000,903.500000,5587.600000
932,1894.600000,906.400000,5602.000000
933,1899.050000,909.050000,5616.200000
934,1903.300000,911.550000,5629.700000
935,1907.750000,914.650000,5644.800000
936,1912.250000,917.700000,5659.900000
937,1916.750000,920.600000,5674.700000
938,1921.400000,923.900000,5690.600000
939,1926.300000,926.950000,5706.500000
940,1930.700000,930.000000,5721.400000
941,1935.750000,933.350000,5738.200000
942,1940.250000,936.400000,5753.300000
943,1944.850000,939.250000,5768.200000
944,1949.050000,941.900000,5781.900000
945,1954.050000,945.200000,5798.500000
946,1957.950000,947.600000,5811.100000
947,1962.300000,950.550000,5825.700000
948,1966.650000,953.500000,5840.300000
949,1971.000000,956.300000,5854.600000
950,1975.550000,959.250000,5869.600000
951,1979.600000,961.800000,5882.800000
952,1984.450000,965.150000,5899.200000
953,1988.950000,968.050000,5914.000000
954,1993.200000,970.600000,5927.600000
955,1997.550000,973.300000,5941.700000
956,2001.500000,975.800000,5954.600000
957,2006.100000,978.700000,5969.600000
958,2010.750000,981.800000,5985.100000
959,2015.350000,984.700000,6000.100000
960,2020.100000,987.800000,6015.800000
961,2024.550000,990.600000,6030.300000
962,2029.100000,993.600000,6045.400000
963,2033.700000,997.000000,6061.400000
964,2038.400000,1000.150000,6077.100000
965,2043.000000,1003.050000,6092.100000
966,2048.050000,1006.500000,6109.100000
967,2052.300000,1009.300000,6123.200000
968,2056.700000,1012.200000,6137.800000
969,2060.950000,1015.100000,6152.100000
970,2065.700000,1018.250000,6167.900000
971,2070.650000,1021.450000,6184.200000
972,2075.600000,1024.650000,6200.500000
973,2080.300000,1027.900000,6216.400000
974,2084.850000,1031.000000,6231.700000
975,2089.700000,1034.250000,6247.900000
976,2094.100000,1037.150000,6262.500000
977,2098.750000,1039.950000,6277.400000
978,2103.350000,1043.050000,6292.800000
979,2107.850000,1045.950000,6307.600000
980,2112.250000,1048.900000,6322.300000
981,2116.600000,1051.750000,6336.700000
982,2121.150000,1054.550000,6351.400000
983,2126.100000,1057.800000,6367.800000
984,2130.850000,1060.850000,6383.400000
985,2135.400000,1063.850000,6398.500000
986,2139.850000,1066.950000,6413.600000
987,2144.400000,1069.650000,6428.100000
988,2149.000000,1072.600000,6443.200000
989,2153.700000,1075.750000,6458.900000
990,2157.800000,1078.750000,6473.100000
991,2162.600000,1082.050000,6489.300000
992,2167.150000,1085.300000,6504.900000
993,2171.250000,1088.000000,6518.500000
994,2175.850000,1091.050000,6533.800000
995,2180.800000,1094.500000,6550.600000
996,2185.350000,1097.600000,6565.900000
997,2189.900000,1100.650000,6581.100000
998,2194.400000,1103.550000,6595.900000
999,2199.250000,1106.800000,6612.100000
