#This is a CSV file containing the average TPL, TPU, and Cost values for the UW algorithm with FC path compression.
#The data was generated for n = 1000 and delta = 2.
N,Average TPL,Average TPU
2,2.000000,0.000000
4,4.000000,0.000000
6,6.000000,0.000000
8,8.000000,0.000000
10,10.000000,0.000000
12,12.000000,0.000000
14,14.000000,0.000000
16,16.000000,0.000000
18,18.000000,0.000000
20,20.000000,0.000000
22,22.000000,0.000000
24,24.000000,0.000000
26,26.050000,0.050000
28,28.050000,0.050000
30,30.050000,0.050000
32,32.050000,0.050000
34,34.050000,0.050000
36,36.100000,0.100000
38,38.100000,0.100000
40,40.100000,0.100000
42,42.100000,0.100000
44,44.150000,0.150000
46,46.150000,0.150000
48,48.150000,0.150000
50,50.200000,0.200000
52,52.200000,0.200000
54,54.200000,0.200000
56,56.200000,0.200000
58,58.200000,0.200000
60,60.200000,0.200000
62,62.250000,0.250000
64,64.400000,0.400000
66,66.450000,0.450000
68,68.450000,0.450000
70,70.450000,0.450000
72,72.500000,0.500000
74,74.500000,0.500000
76,76.500000,0.500000
78,78.550000,0.550000
80,80.550000,0.550000
82,82.600000,0.600000
84,84.700000,0.700000
86,86.700000,0.700000
88,88.800000,0.800000
90,90.850000,0.850000
92,92.850000,0.850000
94,94.850000,0.850000
96,97.000000,1.000000
98,99.000000,1.000000
100,101.000000,1.000000
102,103.000000,1.000000
104,105.100000,1.100000
106,107.150000,1.150000
108,109.250000,1.250000
110,111.250000,1.250000
112,113.350000,1.350000
114,115.450000,1.450000
116,117.550000,1.550000
118,119.700000,1.700000
120,121.850000,1.850000
122,123.950000,1.950000
124,126.150000,2.150000
126,128.250000,2.250000
128,130.300000,2.300000
130,132.350000,2.350000
132,134.400000,2.400000
134,136.500000,2.500000
136,138.500000,2.500000
138,140.650000,2.650000
140,142.700000,2.700000
142,144.750000,2.750000
144,146.900000,2.900000
146,148.950000,2.950000
148,151.100000,3.100000
150,153.500000,3.500000
152,155.750000,3.750000
154,157.850000,3.850000
156,160.000000,4.000000
158,162.150000,4.150000
160,164.300000,4.300000
162,166.550000,4.550000
164,168.700000,4.700000
166,170.850000,4.850000
168,173.150000,5.150000
170,175.300000,5.300000
172,177.500000,5.500000
174,179.750000,5.750000
176,181.800000,5.800000
178,184.000000,6.000000
180,186.100000,6.100000
182,188.250000,6.250000
184,190.600000,6.600000
186,192.850000,6.850000
188,195.000000,7.000000
190,197.200000,7.200000
192,199.700000,7.700000
194,201.950000,7.950000
196,203.950000,7.950000
198,206.250000,8.250000
200,208.400000,8.400000
202,210.750000,8.750000
204,212.850000,8.850000
206,215.050000,9.050000
208,217.450000,9.450000
210,219.700000,9.700000
212,221.800000,9.800000
214,224.300000,10.300000
216,226.650000,10.650000
218,229.050000,11.050000
220,231.450000,11.450000
222,233.850000,11.850000
224,236.000000,12.000000
226,238.100000,12.100000
228,240.600000,12.600000
230,242.650000,12.650000
232,244.900000,12.900000
234,247.250000,13.250000
236,249.300000,13.300000
238,251.500000,13.500000
240,253.700000,13.700000
242,256.250000,14.250000
244,258.350000,14.350000
246,260.650000,14.650000
248,263.050000,15.050000
250,265.600000,15.600000
252,267.850000,15.850000
254,270.050000,16.050000
256,272.450000,16.450000
258,274.800000,16.800000
260,277.750000,17.750000
262,280.300000,18.300000
264,282.750000,18.750000
266,285.050000,19.050000
268,287.400000,19.400000
270,289.750000,19.750000
272,292.350000,20.350000
274,295.050000,21.050000
276,297.600000,21.600000
278,299.950000,21.950000
280,302.300000,22.300000
282,304.750000,22.750000
284,307.300000,23.300000
286,309.650000,23.650000
288,312.150000,24.150000
290,314.350000,24.350000
292,316.650000,24.650000
294,319.300000,25.300000
296,322.400000,26.400000
298,325.400000,27.400000
300,327.700000,27.700000
302,330.250000,28.250000
304,332.700000,28.700000
306,335.150000,29.150000
308,337.450000,29.450000
310,339.900000,29.900000
312,342.500000,30.500000
314,344.750000,30.750000
316,348.500000,32.500000
318,351.200000,33.200000
320,354.100000,34.100000
322,356.500000,34.500000
324,358.750000,34.750000
326,361.500000,35.500000
328,363.600000,35.600000
330,366.050000,36.050000
332,368.950000,36.950000
334,372.100000,38.100000
336,374.600000,38.600000
338,377.050000,39.050000
340,379.600000,39.600000
342,382.050000,40.050000
344,384.300000,40.300000
346,387.400000,41.400000
348,389.950000,41.950000
350,392.750000,42.750000
352,395.700000,43.700000
354,397.900000,43.900000
356,400.400000,44.400000
358,402.400000,44.500000
360,405.350000,45.450000
362,408.750000,46.850000
364,411.900000,48.000000
366,414.050000,48.150000
368,416.500000,48.600000
370,419.950000,50.050000
372,423.300000,51.400000
374,426.550000,52.650000
376,429.050000,53.150000
378,432.300000,54.400000
380,435.300000,55.400000
382,437.900000,56.000000
384,440.750000,56.850000
386,443.850000,57.950000
388,447.100000,59.200000
390,450.150000,60.250000
392,453.800000,61.900000
394,456.800000,62.900000
396,459.900000,64.000000
398,463.500000,65.600000
400,467.550000,67.650000
402,470.650000,68.750000
404,474.100000,70.200000
406,477.350000,71.450000
408,480.650000,72.750000
410,483.550000,73.650000
412,487.150000,75.250000
414,490.300000,76.400000
416,493.750000,77.850000
418,497.450000,79.550000
420,500.450000,80.550000
422,504.300000,82.400000
424,508.200000,84.300000
426,511.850000,85.950000
428,514.950000,87.050000
430,519.150000,89.250000
432,521.750000,89.850000
434,524.550000,90.650000
436,527.150000,91.250000
438,530.650000,92.800000
440,533.650000,93.800000
442,537.450000,95.600000
444,540.350000,96.500000
446,543.450000,97.600000
448,547.350000,99.500000
450,550.400000,100.550000
452,553.950000,102.100000
454,558.300000,104.450000
456,562.650000,106.800000
458,566.150000,108.300000
460,570.500000,110.650000
462,572.700000,110.850000
464,577.400000,113.550000
466,580.200000,114.400000
468,584.300000,116.500000
470,588.300000,118.500000
472,591.700000,119.950000
474,594.850000,121.100000
476,599.650000,123.900000
478,603.050000,125.350000
480,606.400000,126.800000
482,610.550000,128.950000
484,614.350000,130.800000
486,616.550000,131.100000
488,621.100000,133.750000
490,625.450000,136.100000
492,628.500000,137.150000
494,634.850000,141.550000
496,638.850000,143.550000
498,641.700000,144.400000
500,644.650000,145.350000
502,648.900000,147.600000
504,655.250000,152.000000
506,658.950000,153.700000
508,663.100000,155.850000
510,666.700000,157.500000
512,672.000000,160.800000
514,675.800000,162.700000
516,688.150000,173.050000
518,692.450000,175.350000
520,696.900000,177.800000
522,701.000000,179.950000
524,704.300000,181.250000
526,711.500000,186.550000
528,722.750000,195.800000
530,726.050000,197.100000
532,731.350000,200.400000
534,737.700000,204.850000
536,739.100000,204.350000
538,742.400000,205.700000
540,750.300000,211.700000
542,756.100000,215.550000
544,765.150000,222.650000
546,772.100000,227.650000
548,775.700000,229.250000
550,782.250000,233.950000
552,785.300000,235.100000
554,792.450000,240.400000
556,802.950000,248.950000
558,805.500000,249.700000
560,820.400000,262.600000
562,823.400000,263.700000
564,826.850000,265.300000
566,833.000000,269.500000
568,840.100000,274.600000
570,847.300000,279.850000
572,852.950000,283.500000
574,855.000000,283.650000
576,859.500000,286.150000
578,868.700000,293.400000
580,876.850000,299.650000
582,883.650000,304.550000
584,891.800000,310.700000
586,894.150000,311.200000
588,896.550000,312.000000
590,907.050000,320.550000
592,913.350000,324.950000
594,915.450000,325.150000
596,918.550000,326.500000
598,921.500000,327.650000
600,930.700000,335.050000
602,936.750000,339.250000
604,941.750000,342.400000
606,942.350000,341.150000
608,943.500000,340.500000
610,949.750000,344.900000
612,951.900000,345.350000
614,960.050000,351.700000
616,960.650000,350.800000
618,963.100000,351.650000
620,967.350000,354.050000
622,974.750000,359.600000
624,977.750000,360.800000
626,980.350000,361.750000
628,982.000000,361.750000
630,987.100000,365.050000
632,996.650000,372.750000
634,1002.900000,377.150000
636,1011.950000,384.500000
638,1013.650000,384.650000
640,1014.950000,384.050000
642,1017.950000,385.450000
644,1030.550000,396.300000
646,1028.250000,392.350000
648,1030.750000,393.150000
650,1034.000000,394.800000
652,1039.000000,398.050000
654,1041.550000,399.150000
656,1043.950000,399.800000
658,1047.950000,402.050000
660,1048.500000,401.050000
662,1048.750000,399.800000
664,1048.650000,398.000000
666,1049.950000,397.650000
668,1056.000000,401.950000
670,1057.050000,401.250000
672,1057.650000,400.150000
674,1059.050000,399.900000
676,1061.500000,400.750000
678,1061.900000,399.550000
680,1064.150000,400.350000
682,1064.550000,398.900000
684,1065.500000,398.300000
686,1068.650000,399.750000
688,1072.650000,402.200000
690,1074.500000,402.500000
692,1076.750000,403.150000
694,1078.050000,403.100000
696,1079.000000,402.600000
698,1079.150000,401.050000
700,1079.700000,400.400000
702,1080.250000,399.450000
704,1082.300000,400.050000
706,1084.050000,400.200000
708,1083.300000,398.100000
710,1085.950000,399.000000
712,1090.350000,401.900000
714,1092.600000,402.500000
716,1093.400000,401.800000
718,1092.450000,399.400000
720,1094.650000,400.200000
722,1094.750000,398.850000
724,1095.250000,397.900000
726,1097.450000,398.750000
728,1097.900000,397.700000
730,1099.800000,398.450000
732,1099.950000,397.200000
734,1101.450000,397.200000
736,1104.250000,398.300000
738,1106.750000,399.200000
740,1107.600000,398.650000
742,1107.750000,397.450000
744,1109.100000,397.600000
746,1110.950000,398.150000
748,1112.450000,398.350000
750,1114.500000,399.200000
752,1114.550000,397.950000
754,1114.150000,396.200000
756,1114.450000,395.400000
758,1116.150000,396.000000
760,1117.150000,395.650000
762,1116.450000,394.000000
764,1117.800000,394.000000
766,1118.450000,393.300000
768,1119.350000,392.900000
770,1119.250000,391.600000
772,1119.750000,391.050000
774,1120.200000,390.300000
776,1121.000000,389.800000
778,1121.650000,389.050000
780,1121.550000,387.850000
782,1121.150000,386.550000
784,1122.150000,386.350000
786,1122.050000,385.100000
788,1121.900000,383.600000
790,1122.550000,383.200000
792,1123.100000,382.500000
794,1123.150000,381.300000
796,1123.850000,380.550000
798,1124.600000,380.200000
800,1124.000000,378.450000
802,1127.200000,380.100000
804,1128.500000,380.100000
806,1126.850000,377.500000
808,1127.250000,376.950000
810,1126.850000,375.550000
812,1126.900000,374.350000
814,1129.200000,375.100000
816,1131.300000,375.700000
818,1131.600000,374.850000
820,1131.500000,373.800000
822,1130.800000,372.100000
824,1130.600000,370.800000
826,1130.350000,369.600000
828,1130.500000,368.550000
830,1130.450000,367.550000
832,1131.700000,367.650000
834,1132.050000,366.900000
836,1132.850000,366.550000
838,1133.350000,366.000000
840,1132.900000,364.650000
842,1133.550000,364.050000
844,1133.800000,363.200000
846,1134.100000,362.350000
848,1134.600000,361.900000
850,1134.300000,360.700000
852,1134.800000,360.300000
854,1134.150000,358.900000
856,1134.050000,357.800000
858,1134.850000,357.450000
860,1135.100000,356.650000
862,1135.500000,355.950000
864,1136.700000,356.050000
866,1135.750000,354.000000
868,1136.150000,353.350000
870,1137.300000,353.400000
872,1136.350000,351.550000
874,1137.600000,351.500000
876,1137.100000,349.950000
878,1138.100000,349.800000
880,1138.200000,348.750000
882,1137.450000,347.150000
884,1137.600000,346.300000
886,1137.950000,345.750000
888,1137.250000,344.150000
890,1137.050000,343.200000
892,1137.150000,342.050000
894,1137.050000,340.950000
896,1136.850000,339.750000
898,1137.100000,339.250000
900,1137.200000,338.500000
902,1136.900000,337.450000
904,1136.850000,336.500000
906,1136.850000,335.450000
908,1136.500000,334.400000
910,1137.100000,334.050000
912,1137.400000,333.200000
914,1137.100000,332.000000
916,1137.350000,331.200000
918,1137.050000,330.150000
920,1136.550000,328.750000
922,1136.800000,328.250000
924,1136.050000,326.650000
926,1136.600000,326.400000
928,1136.350000,325.250000
930,1135.950000,324.050000
932,1135.150000,322.500000
934,1134.850000,321.300000
936,1134.100000,320.000000
938,1133.400000,318.400000
940,1133.500000,317.800000
942,1133.750000,317.150000
944,1133.550000,316.100000
946,1132.750000,314.550000
948,1132.650000,313.600000
950,1131.800000,312.250000
952,1131.450000,311.250000
954,1130.800000,309.900000
956,1130.700000,308.750000
958,1130.000000,307.300000
960,1128.700000,305.500000
962,1128.500000,304.600000
964,1128.700000,303.950000
966,1128.100000,302.700000
968,1128.100000,301.800000
970,1128.600000,301.650000
972,1129.500000,301.350000
974,1129.650000,300.900000
976,1129.600000,299.900000
978,1129.300000,298.750000
980,1128.900000,297.350000
982,1129.200000,296.800000
984,1129.600000,296.450000
986,1129.550000,295.650000
988,1129.600000,294.950000
990,1129.250000,293.850000
992,1129.100000,292.950000
994,1128.700000,291.800000
996,1128.150000,290.650000
998,1127.400000,289.350000
1000,1127.950000,289.150000
1002,1127.450000,287.700000
1004,1127.350000,286.800000
1006,1127.300000,286.000000
1008,1127.150000,285.200000
1010,1126.300000,283.600000
1012,1126.100000,282.650000
1014,1126.400000,281.900000
1016,1126.450000,281.300000
1018,1126.450000,280.500000
1020,1126.550000,279.750000
1022,1125.750000,278.300000
1024,1125.250000,277.300000
1026,1124.000000,275.650000
1028,1124.100000,274.900000
1030,1123.900000,274.050000
1032,1123.600000,273.100000
1034,1123.450000,272.350000
1036,1123.450000,271.650000
1038,1123.050000,270.500000
1040,1123.500000,269.950000
1042,1122.350000,268.400000
1044,1121.500000,267.300000
1046,1121.600000,266.450000
1048,1121.050000,265.350000
1050,1120.850000,264.600000
1052,1119.750000,263.200000
1054,1119.900000,262.750000
1056,1119.200000,261.500000
1058,1119.550000,261.200000
1060,1118.900000,259.950000
1062,1118.950000,259.400000
1064,1118.750000,258.600000
1066,1118.850000,258.000000
1068,1118.350000,256.800000
1070,1119.000000,256.800000
1072,1118.900000,256.150000
1074,1118.600000,255.250000
1076,1117.600000,253.750000
1078,1117.250000,252.800000
1080,1116.750000,251.650000
1082,1116.300000,250.700000
1084,1115.700000,249.450000
1086,1115.200000,248.350000
1088,1114.900000,247.500000
1090,1114.500000,246.650000
1092,1114.000000,245.700000
1094,1114.350000,245.250000
1096,1113.800000,244.050000
1098,1113.150000,242.950000
1100,1112.500000,241.750000
1102,1112.350000,240.900000
1104,1111.600000,239.550000
1106,1111.350000,238.650000
1108,1111.050000,237.900000
1110,1110.500000,236.900000
1112,1110.300000,236.200000
1114,1110.100000,235.350000
1116,1110.150000,234.750000
1118,1109.950000,233.900000
1120,1109.750000,233.300000
1122,1109.600000,232.500000
1124,1109.500000,231.850000
1126,1109.500000,231.200000
1128,1109.000000,230.100000
1130,1108.500000,229.100000
1132,1108.600000,228.500000
1134,1108.150000,227.350000
1136,1107.850000,226.450000
1138,1107.550000,225.600000
1140,1106.300000,224.000000
1142,1106.400000,223.600000
1144,1106.400000,223.100000
1146,1106.950000,223.150000
1148,1106.400000,222.050000
1150,1106.050000,221.200000
1152,1106.150000,220.750000
1154,1105.050000,219.300000
1156,1105.200000,218.950000
1158,1104.950000,218.250000
1160,1104.900000,217.750000
1162,1104.200000,216.600000
1164,1104.350000,216.150000
1166,1104.600000,215.800000
1168,1105.100000,215.650000
1170,1104.750000,214.900000
1172,1104.550000,214.150000
1174,1104.350000,213.500000
1176,1103.700000,212.650000
1178,1104.100000,212.600000
1180,1103.500000,211.650000
1182,1103.200000,210.850000
1184,1103.000000,210.250000
1186,1103.250000,210.050000
1188,1102.250000,208.700000
1190,1101.800000,207.800000
1192,1101.450000,207.000000
1194,1101.450000,206.550000
1196,1100.500000,205.350000
1198,1099.950000,204.550000
1200,1099.400000,203.500000
1202,1099.500000,203.050000
1204,1099.550000,202.500000
1206,1099.750000,202.100000
1208,1099.350000,201.250000
1210,1099.550000,200.900000
1212,1099.200000,200.350000
1214,1098.650000,199.500000
1216,1098.700000,198.950000
1218,1098.400000,198.300000
1220,1098.300000,197.750000
1222,1097.650000,196.600000
1224,1097.050000,195.650000
1226,1096.750000,195.050000
1228,1096.350000,194.300000
1230,1096.300000,193.700000
1232,1095.750000,192.800000
1234,1096.050000,192.600000
1236,1095.850000,192.050000
1238,1095.500000,191.150000
1240,1094.400000,189.850000
1242,1094.550000,189.400000
1244,1094.000000,188.600000
1246,1093.200000,187.350000
1248,1092.750000,186.550000
1250,1091.600000,185.100000
1252,1090.850000,184.150000
1254,1090.600000,183.550000
1256,1090.550000,183.100000
1258,1090.550000,182.550000
1260,1090.650000,182.150000
1262,1090.800000,182.000000
1264,1089.800000,180.700000
1266,1089.300000,179.950000
1268,1088.500000,178.900000
1270,1088.800000,178.750000
1272,1088.200000,178.000000
1274,1087.800000,177.250000
1276,1087.400000,176.350000
1278,1087.400000,176.050000
1280,1086.950000,175.150000
1282,1086.900000,174.750000
1284,1086.450000,174.100000
1286,1086.300000,173.350000
1288,1085.900000,172.400000
1290,1085.500000,171.600000
1292,1084.900000,170.750000
1294,1084.900000,170.400000
1296,1084.650000,169.750000
1298,1084.700000,169.250000
1300,1085.050000,168.850000
1302,1084.900000,168.400000
1304,1084.600000,167.650000
1306,1084.600000,167.250000
1308,1084.250000,166.600000
1310,1084.050000,166.000000
1312,1084.050000,165.700000
1314,1083.550000,164.900000
1316,1083.600000,164.500000
1318,1083.350000,164.100000
1320,1082.500000,162.900000
1322,1082.550000,162.500000
1324,1082.150000,161.800000
1326,1081.400000,160.550000
1328,1080.900000,159.750000
1330,1080.650000,159.250000
1332,1080.000000,158.450000
1334,1080.250000,158.100000
1336,1080.350000,157.900000
1338,1080.000000,157.400000
1340,1079.550000,156.750000
1342,1079.300000,156.150000
1344,1079.250000,155.700000
1346,1078.400000,154.750000
1348,1078.150000,154.250000
1350,1077.800000,153.800000
1352,1077.450000,153.200000
1354,1077.350000,152.650000
1356,1077.450000,152.300000
1358,1076.850000,151.450000
1360,1076.650000,150.950000
1362,1076.350000,150.200000
1364,1076.350000,149.800000
1366,1076.200000,149.300000
1368,1076.150000,149.100000
1370,1076.000000,148.650000
1372,1075.700000,148.150000
1374,1075.400000,147.600000
1376,1074.850000,146.950000
1378,1074.650000,146.400000
1380,1074.000000,145.550000
1382,1074.050000,145.450000
1384,1074.200000,145.100000
1386,1073.900000,144.700000
1388,1073.500000,144.100000
1390,1073.050000,143.300000
1392,1072.850000,142.850000
1394,1072.650000,142.300000
1396,1072.150000,141.600000
1398,1071.250000,140.500000
1400,1070.700000,139.800000
1402,1070.750000,139.500000
1404,1070.950000,139.150000
1406,1070.350000,138.450000
1408,1070.350000,138.050000
1410,1070.150000,137.450000
1412,1069.500000,136.550000
1414,1069.600000,136.250000
1416,1069.600000,136.000000
1418,1069.250000,135.500000
1420,1069.000000,134.950000
1422,1068.500000,134.300000
1424,1068.250000,133.850000
1426,1068.150000,133.500000
1428,1068.100000,133.150000
1430,1068.000000,132.700000
1432,1067.900000,132.300000
1434,1067.700000,131.800000
1436,1067.300000,131.150000
1438,1067.200000,130.750000
1440,1066.600000,129.950000
1442,1066.500000,129.500000
1444,1066.600000,129.150000
1446,1066.400000,128.550000
1448,1065.850000,127.850000
1450,1065.350000,127.300000
1452,1065.300000,126.900000
1454,1065.100000,126.500000
1456,1064.900000,126.050000
1458,1064.700000,125.650000
1460,1064.300000,124.800000
1462,1064.200000,124.450000
1464,1063.850000,123.850000
1466,1063.650000,123.550000
1468,1063.200000,123.000000
1470,1063.100000,122.750000
1472,1062.950000,122.350000
1474,1062.650000,121.950000
1476,1062.150000,121.300000
1478,1062.000000,120.700000
1480,1062.000000,120.300000
1482,1062.150000,120.150000
1484,1062.250000,119.900000
1486,1062.050000,119.500000
1488,1062.100000,119.200000
1490,1061.800000,118.700000
1492,1061.550000,118.200000
1494,1061.300000,117.650000
1496,1060.950000,116.950000
1498,1060.700000,116.450000
1500,1060.350000,116.050000
1502,1060.350000,115.650000
1504,1060.150000,115.150000
1506,1059.750000,114.650000
1508,1059.600000,114.300000
1510,1059.400000,113.900000
1512,1059.150000,113.450000
1514,1059.250000,113.200000
1516,1059.300000,113.000000
1518,1059.200000,112.600000
1520,1058.700000,111.850000
1522,1058.450000,111.250000
1524,1058.050000,110.550000
1526,1057.700000,110.100000
1528,1057.550000,109.600000
1530,1057.500000,109.300000
1532,1057.100000,108.750000
1534,1056.700000,108.200000
1536,1056.400000,107.650000
1538,1055.900000,106.900000
1540,1055.800000,106.600000
1542,1055.600000,106.150000
1544,1055.450000,105.850000
1546,1055.250000,105.450000
1548,1054.950000,105.000000
1550,1055.050000,104.750000
1552,1054.900000,104.450000
1554,1054.550000,103.900000
1556,1054.300000,103.550000
1558,1054.150000,103.150000
1560,1053.950000,102.900000
1562,1053.650000,102.400000
1564,1053.450000,101.950000
1566,1053.100000,101.500000
1568,1053.050000,101.250000
1570,1052.850000,100.850000
1572,1052.500000,100.450000
1574,1052.100000,99.900000
1576,1051.950000,99.550000
1578,1051.750000,99.150000
1580,1051.250000,98.450000
1582,1050.950000,98.050000
1584,1050.100000,97.150000
1586,1049.800000,96.850000
1588,1049.600000,96.400000
1590,1049.550000,96.100000
1592,1049.500000,95.800000
1594,1049.400000,95.550000
1596,1049.200000,95.300000
1598,1049.250000,95.100000
1600,1049.050000,94.800000
1602,1049.050000,94.500000
1604,1048.950000,94.250000
1606,1048.900000,93.850000
1608,1048.600000,93.500000
1610,1048.500000,93.100000
1612,1048.250000,92.700000
1614,1047.800000,92.100000
1616,1047.400000,91.650000
1618,1047.400000,91.450000
1620,1047.150000,91.050000
1622,1047.100000,90.700000
1624,1046.600000,90.100000
1626,1046.200000,89.650000
1628,1045.800000,89.100000
1630,1045.750000,88.800000
1632,1045.250000,88.250000
1634,1045.100000,87.950000
1636,1045.150000,87.750000
1638,1044.550000,87.100000
1640,1044.300000,86.650000
1642,1044.150000,86.300000
1644,1043.800000,85.800000
1646,1043.750000,85.500000
1648,1043.450000,85.100000
1650,1043.350000,84.800000
1652,1043.250000,84.500000
1654,1043.350000,84.300000
1656,1043.400000,84.050000
1658,1042.800000,83.350000
1660,1043.150000,83.350000
1662,1042.850000,82.950000
1664,1043.150000,82.850000
1666,1042.850000,82.450000
1668,1042.500000,82.000000
1670,1042.150000,81.500000
1672,1042.100000,81.300000
1674,1041.950000,81.050000
1676,1041.650000,80.500000
1678,1041.600000,80.350000
1680,1041.200000,79.950000
1682,1041.150000,79.750000
1684,1040.850000,79.350000
1686,1040.850000,79.150000
1688,1040.750000,78.850000
1690,1040.800000,78.650000
1692,1040.700000,78.400000
1694,1040.450000,78.050000
1696,1040.500000,77.950000
1698,1040.450000,77.700000
1700,1040.300000,77.400000
1702,1039.900000,76.900000
1704,1040.200000,76.850000
1706,1039.900000,76.500000
1708,1039.950000,76.350000
1710,1039.900000,76.250000
1712,1039.850000,76.000000
1714,1039.750000,75.650000
1716,1039.600000,75.350000
1718,1039.450000,75.150000
1720,1039.450000,75.050000
1722,1039.600000,74.950000
1724,1039.400000,74.550000
1726,1039.250000,74.250000
1728,1039.150000,74.000000
1730,1038.900000,73.600000
1732,1038.900000,73.350000
1734,1038.650000,73.050000
1736,1038.350000,72.700000
1738,1038.400000,72.550000
1740,1038.150000,72.250000
1742,1038.100000,72.050000
1744,1037.850000,71.700000
1746,1037.650000,71.400000
1748,1037.350000,70.900000
1750,1037.050000,70.450000
1752,1036.850000,70.050000
1754,1036.650000,69.850000
1756,1036.450000,69.600000
1758,1036.050000,69.100000
1760,1035.950000,68.850000
1762,1035.700000,68.400000
1764,1035.450000,68.050000
1766,1035.250000,67.850000
1768,1035.200000,67.600000
1770,1034.950000,67.250000
1772,1034.850000,67.050000
1774,1034.700000,66.650000
1776,1034.550000,66.400000
1778,1034.600000,66.300000
1780,1034.300000,65.900000
1782,1034.200000,65.650000
1784,1034.250000,65.400000
1786,1034.250000,65.250000
1788,1034.250000,65.100000
1790,1034.250000,64.800000
1792,1034.100000,64.550000
1794,1034.150000,64.350000
1796,1034.000000,64.100000
1798,1033.950000,63.850000
1800,1034.000000,63.850000
1802,1033.800000,63.550000
1804,1033.700000,63.300000
1806,1033.700000,63.100000
1808,1033.700000,63.000000
1810,1033.500000,62.650000
1812,1033.500000,62.500000
1814,1033.600000,62.400000
1816,1033.400000,62.150000
1818,1033.200000,61.900000
1820,1033.050000,61.600000
1822,1033.000000,61.450000
1824,1033.150000,61.350000
1826,1033.000000,61.050000
1828,1032.750000,60.800000
1830,1032.950000,60.800000
1832,1032.750000,60.600000
1834,1032.600000,60.450000
1836,1032.550000,60.150000
1838,1032.350000,59.900000
1840,1032.200000,59.650000
1842,1032.150000,59.450000
1844,1031.900000,59.150000
1846,1032.000000,59.100000
1848,1031.800000,58.850000
1850,1031.400000,58.450000
1852,1031.050000,58.050000
1854,1031.100000,57.900000
1856,1030.850000,57.500000
1858,1030.800000,57.350000
1860,1030.500000,57.000000
1862,1030.650000,56.950000
1864,1030.300000,56.600000
1866,1030.100000,56.300000
1868,1030.150000,56.250000
1870,1030.000000,56.100000
1872,1030.100000,56.050000
1874,1029.750000,55.600000
1876,1029.600000,55.300000
1878,1029.200000,54.850000
1880,1029.150000,54.650000
1882,1029.250000,54.600000
1884,1029.000000,54.250000
1886,1028.750000,53.850000
1888,1028.550000,53.650000
1890,1028.350000,53.450000
1892,1028.100000,53.200000
1894,1027.900000,52.950000
1896,1028.050000,52.950000
1898,1027.750000,52.650000
1900,1027.850000,52.500000
1902,1027.850000,52.450000
1904,1027.650000,52.200000
1906,1027.400000,51.950000
1908,1027.100000,51.650000
1910,1026.950000,51.350000
1912,1026.850000,51.150000
1914,1026.650000,50.900000
1916,1026.750000,50.800000
1918,1026.500000,50.550000
1920,1026.350000,50.200000
1922,1026.400000,50.100000
1924,1026.250000,49.850000
1926,1026.150000,49.750000
1928,1026.000000,49.600000
1930,1025.850000,49.400000
1932,1025.750000,49.250000
1934,1025.700000,49.150000
1936,1025.300000,48.750000
1938,1025.050000,48.500000
1940,1024.850000,48.150000
1942,1024.700000,48.000000
1944,1024.500000,47.800000
1946,1024.400000,47.650000
1948,1024.300000,47.550000
1950,1024.100000,47.300000
1952,1023.750000,46.950000
1954,1023.800000,46.850000
1956,1023.700000,46.750000
1958,1023.700000,46.700000
1960,1023.600000,46.550000
1962,1023.400000,46.300000
1964,1023.400000,46.200000
1966,1023.300000,46.000000
1968,1023.300000,45.900000
1970,1023.250000,45.700000
1972,1023.400000,45.700000
1974,1023.600000,45.650000
1976,1023.550000,45.500000
1978,1023.400000,45.300000
1980,1023.100000,45.000000
1982,1023.100000,44.850000
1984,1023.050000,44.700000
1986,1022.850000,44.450000
1988,1022.800000,44.300000
1990,1022.650000,44.150000
1992,1022.400000,43.900000
1994,1022.400000,43.850000
1996,1022.250000,43.650000
1998,1022.150000,43.550000
2000,1022.150000,43.450000
2002,1022.250000,43.400000
2004,1022.050000,43.200000
2006,1021.950000,43.050000
2008,1021.900000,42.950000
2010,1022.000000,42.800000
2012,1021.950000,42.700000
2014,1021.650000,42.400000
2016,1021.200000,41.950000
2018,1021.150000,41.850000
2020,1021.100000,41.700000
2022,1021.050000,41.500000
2024,1020.950000,41.300000
2026,1020.900000,41.200000
2028,1020.700000,41.000000
2030,1020.650000,40.900000
2032,1020.450000,40.650000
2034,1020.600000,40.600000
2036,1020.450000,40.400000
2038,1020.550000,40.350000
2040,1020.550000,40.200000
2042,1020.350000,40.000000
2044,1020.400000,39.950000
2046,1020.300000,39.850000
2048,1020.250000,39.700000
2050,1020.250000,39.650000
2052,1020.200000,39.550000
2054,1020.350000,39.500000
2056,1020.200000,39.300000
2058,1020.200000,39.250000
2060,1020.200000,39.100000
2062,1020.000000,38.850000
2064,1020.050000,38.800000
2066,1019.800000,38.550000
2068,1019.750000,38.300000
2070,1019.900000,38.350000
2072,1019.850000,38.250000
2074,1019.800000,38.100000
2076,1019.800000,38.000000
2078,1019.750000,37.800000
2080,1019.650000,37.650000
2082,1019.550000,37.550000
2084,1019.400000,37.300000
2086,1019.350000,37.150000
2088,1019.050000,36.850000
2090,1019.050000,36.800000
2092,1019.000000,36.550000
2094,1019.050000,36.450000
2096,1019.000000,36.350000
2098,1018.850000,36.100000
2100,1018.800000,36.000000
2102,1018.950000,35.950000
2104,1019.000000,35.950000
2106,1019.050000,35.900000
2108,1019.050000,35.750000
2110,1019.000000,35.600000
2112,1018.850000,35.450000
2114,1018.750000,35.350000
2116,1018.750000,35.300000
2118,1018.700000,35.250000
2120,1018.700000,35.150000
2122,1018.350000,34.800000
2124,1018.200000,34.650000
2126,1018.050000,34.450000
2128,1018.000000,34.400000
2130,1017.900000,34.250000
2132,1017.750000,34.000000
2134,1017.700000,33.850000
2136,1017.800000,33.800000
2138,1017.550000,33.500000
2140,1017.500000,33.350000
2142,1017.550000,33.300000
2144,1017.550000,33.200000
2146,1017.550000,33.200000
2148,1017.600000,33.100000
2150,1017.600000,33.050000
2152,1017.550000,33.000000
2154,1017.500000,32.850000
2156,1017.250000,32.550000
2158,1017.150000,32.400000
2160,1017.150000,32.300000
2162,1017.050000,32.200000
2164,1016.900000,31.900000
2166,1016.900000,31.800000
2168,1016.700000,31.550000
2170,1016.700000,31.500000
2172,1016.650000,31.400000
2174,1016.400000,31.100000
2176,1016.550000,31.100000
2178,1016.700000,31.100000
2180,1016.650000,31.050000
2182,1016.850000,31.050000
2184,1016.750000,30.900000
2186,1016.750000,30.850000
2188,1016.850000,30.850000
2190,1016.750000,30.700000
2192,1016.600000,30.500000
2194,1016.600000,30.350000
2196,1016.650000,30.350000
2198,1016.350000,30.050000
2200,1016.000000,29.700000
2202,1015.950000,29.600000
2204,1015.850000,29.450000
2206,1015.850000,29.350000
2208,1015.650000,29.150000
2210,1015.600000,29.100000
2212,1015.500000,29.000000
2214,1015.400000,28.900000
2216,1015.300000,28.800000
2218,1015.300000,28.800000
2220,1015.200000,28.600000
2222,1015.050000,28.350000
2224,1015.000000,28.250000
2226,1015.050000,28.250000
2228,1015.200000,28.200000
2230,1015.250000,28.150000
2232,1015.350000,28.150000
2234,1015.200000,27.900000
2236,1015.050000,27.750000
2238,1014.900000,27.550000
2240,1014.650000,27.300000
2242,1014.600000,27.250000
2244,1014.600000,27.200000
2246,1014.500000,27.100000
2248,1014.450000,27.000000
2250,1014.300000,26.850000
2252,1014.300000,26.850000
2254,1014.350000,26.800000
2256,1014.100000,26.550000
2258,1014.050000,26.450000
2260,1014.050000,26.400000
2262,1013.950000,26.200000
2264,1013.850000,26.100000
2266,1013.750000,26.000000
2268,1013.550000,25.800000
2270,1013.500000,25.750000
2272,1013.400000,25.650000
2274,1013.500000,25.650000
2276,1013.550000,25.650000
2278,1013.600000,25.600000
2280,1013.600000,25.500000
2282,1013.450000,25.300000
2284,1013.350000,25.200000
2286,1013.300000,25.050000
2288,1013.300000,24.950000
2290,1013.150000,24.750000
2292,1013.000000,24.600000
2294,1013.000000,24.600000
2296,1012.850000,24.450000
2298,1012.750000,24.350000
2300,1012.800000,24.300000
2302,1012.650000,24.100000
2304,1012.650000,24.000000
2306,1012.600000,23.900000
2308,1012.400000,23.650000
2310,1012.350000,23.550000
2312,1012.350000,23.450000
2314,1012.400000,23.450000
2316,1012.300000,23.350000
2318,1012.200000,23.200000
2320,1012.050000,22.950000
2322,1012.050000,22.950000
2324,1012.050000,22.900000
2326,1012.050000,22.900000
2328,1012.000000,22.800000
2330,1011.900000,22.700000
2332,1011.850000,22.650000
2334,1011.650000,22.450000
2336,1011.700000,22.450000
2338,1011.700000,22.450000
2340,1011.600000,22.350000
2342,1011.550000,22.250000
2344,1011.550000,22.200000
2346,1011.500000,22.150000
2348,1011.450000,22.100000
2350,1011.350000,22.000000
2352,1011.250000,21.900000
2354,1011.150000,21.800000
2356,1011.000000,21.650000
2358,1010.900000,21.550000
2360,1010.800000,21.400000
2362,1010.700000,21.300000
2364,1010.600000,21.150000
2366,1010.500000,21.050000
2368,1010.400000,20.900000
2370,1010.300000,20.750000
2372,1010.200000,20.650000
2374,1010.200000,20.600000
2376,1010.250000,20.600000
2378,1010.300000,20.550000
2380,1010.100000,20.350000
2382,1010.050000,20.250000
2384,1010.000000,20.200000
2386,1009.950000,20.100000
2388,1009.900000,20.050000
2390,1009.850000,20.000000
2392,1009.850000,20.000000
2394,1009.700000,19.800000
2396,1009.550000,19.650000
2398,1009.600000,19.650000
2400,1009.700000,19.650000
2402,1009.750000,19.600000
2404,1009.700000,19.500000
2406,1009.600000,19.400000
2408,1009.500000,19.300000
2410,1009.600000,19.300000
2412,1009.500000,19.150000
2414,1009.550000,19.150000
2416,1009.550000,19.100000
2418,1009.550000,19.100000
2420,1009.550000,19.100000
2422,1009.450000,18.950000
2424,1009.450000,18.900000
2426,1009.250000,18.700000
2428,1009.150000,18.600000
2430,1009.150000,18.550000
2432,1009.200000,18.500000
2434,1009.150000,18.400000
2436,1008.950000,18.200000
2438,1008.950000,18.150000
2440,1008.850000,18.050000
2442,1008.800000,17.950000
2444,1008.800000,17.950000
2446,1008.600000,17.750000
2448,1008.550000,17.600000
2450,1008.550000,17.500000
2452,1008.350000,17.300000
2454,1008.350000,17.250000
2456,1008.350000,17.200000
2458,1008.250000,17.100000
2460,1008.200000,17.050000
2462,1008.200000,17.000000
2464,1008.100000,16.900000
2466,1008.050000,16.850000
2468,1007.850000,16.650000
2470,1007.800000,16.600000
2472,1007.750000,16.550000
2474,1007.700000,16.450000
2476,1007.850000,16.450000
2478,1007.850000,16.450000
2480,1007.850000,16.350000
2482,1007.850000,16.350000
2484,1007.750000,16.250000
2486,1007.700000,16.200000
2488,1007.600000,16.050000
2490,1007.550000,15.950000
2492,1007.550000,15.950000
2494,1007.650000,15.950000
2496,1007.550000,15.850000
2498,1007.600000,15.800000
2500,1007.550000,15.750000
2502,1007.600000,15.750000
2504,1007.500000,15.650000
2506,1007.500000,15.650000
2508,1007.500000,15.650000
2510,1007.300000,15.450000
2512,1007.150000,15.300000
2514,1007.000000,15.150000
2516,1007.000000,15.150000
2518,1007.050000,15.150000
2520,1007.050000,15.100000
2522,1007.050000,15.100000
2524,1007.000000,15.050000
2526,1007.050000,15.050000
2528,1007.050000,15.050000
2530,1006.950000,14.950000
2532,1006.900000,14.900000
2534,1006.900000,14.850000
2536,1006.850000,14.800000
2538,1006.850000,14.800000
2540,1006.800000,14.750000
2542,1006.850000,14.700000
2544,1006.700000,14.500000
2546,1006.600000,14.350000
2548,1006.550000,14.300000
2550,1006.500000,14.250000
2552,1006.450000,14.200000
2554,1006.400000,14.150000
2556,1006.350000,14.050000
2558,1006.300000,13.850000
2560,1006.250000,13.800000
2562,1006.250000,13.750000
2564,1006.250000,13.750000
2566,1006.250000,13.700000
2568,1006.250000,13.700000
2570,1006.150000,13.550000
2572,1006.200000,13.550000
2574,1006.150000,13.450000
2576,1006.100000,13.400000
2578,1006.200000,13.400000
2580,1006.050000,13.250000
2582,1006.100000,13.250000
2584,1006.100000,13.250000
2586,1006.100000,13.250000
2588,1006.050000,13.200000
2590,1006.050000,13.200000
2592,1005.950000,13.100000
2594,1005.900000,13.050000
2596,1005.850000,13.000000
2598,1005.850000,13.000000
2600,1005.850000,12.950000
2602,1005.800000,12.900000
2604,1005.750000,12.850000
2606,1005.750000,12.800000
2608,1005.650000,12.700000
2610,1005.500000,12.550000
2612,1005.550000,12.500000
2614,1005.550000,12.500000
2616,1005.500000,12.450000
2618,1005.500000,12.450000
2620,1005.550000,12.450000
2622,1005.550000,12.450000
2624,1005.600000,12.450000
2626,1005.550000,12.400000
2628,1005.500000,12.300000
2630,1005.550000,12.300000
2632,1005.500000,12.250000
2634,1005.450000,12.200000
2636,1005.450000,12.200000
2638,1005.400000,12.150000
2640,1005.500000,12.150000
2642,1005.500000,12.150000
2644,1005.400000,12.000000
2646,1005.400000,11.950000
2648,1005.400000,11.900000
2650,1005.400000,11.900000
2652,1005.300000,11.800000
2654,1005.250000,11.750000
2656,1005.300000,11.750000
2658,1005.300000,11.750000
2660,1005.250000,11.700000
2662,1005.100000,11.550000
2664,1005.100000,11.550000
2666,1005.050000,11.500000
2668,1004.950000,11.400000
2670,1005.000000,11.400000
2672,1005.150000,11.450000
2674,1005.100000,11.400000
2676,1005.150000,11.350000
2678,1005.100000,11.300000
2680,1005.000000,11.200000
2682,1004.950000,11.150000
2684,1004.850000,11.050000
2686,1004.850000,11.050000
2688,1004.850000,11.050000
2690,1004.850000,11.000000
2692,1004.800000,10.900000
2694,1004.800000,10.850000
2696,1004.750000,10.800000
2698,1004.700000,10.700000
2700,1004.650000,10.650000
2702,1004.600000,10.600000
2704,1004.600000,10.550000
2706,1004.650000,10.550000
2708,1004.650000,10.500000
2710,1004.700000,10.500000
2712,1004.700000,10.500000
2714,1004.700000,10.500000
2716,1004.800000,10.500000
2718,1004.800000,10.500000
2720,1004.800000,10.500000
2722,1004.800000,10.500000
2724,1004.800000,10.450000
2726,1004.850000,10.450000
2728,1004.700000,10.300000
2730,1004.600000,10.200000
2732,1004.600000,10.200000
2734,1004.600000,10.200000
2736,1004.550000,10.100000
2738,1004.450000,10.000000
2740,1004.400000,9.950000
2742,1004.500000,9.950000
2744,1004.550000,9.950000
2746,1004.450000,9.850000
2748,1004.450000,9.800000
2750,1004.300000,9.650000
2752,1004.300000,9.650000
2754,1004.250000,9.600000
2756,1004.300000,9.600000
2758,1004.300000,9.550000
2760,1004.300000,9.550000
2762,1004.300000,9.550000
2764,1004.250000,9.500000
2766,1004.300000,9.500000
2768,1004.300000,9.500000
2770,1004.200000,9.400000
2772,1004.100000,9.300000
2774,1004.100000,9.300000
2776,1004.000000,9.200000
2778,1004.000000,9.200000
2780,1003.950000,9.150000
2782,1003.950000,9.150000
2784,1003.947368,9.315789
2786,1003.947368,9.315789
2788,1003.894737,9.263158
2790,1003.894737,9.263158
2792,1003.842105,9.210526
2794,1003.842105,9.210526
2796,1003.842105,9.157895
2798,1003.842105,9.157895
2800,1003.789474,9.105263
2802,1003.789474,9.105263
2804,1003.789474,9.105263
2806,1003.736842,9.000000
2808,1003.684211,8.947368
2810,1003.736842,8.947368
2812,1003.631579,8.842105
2814,1003.631579,8.842105
2816,1003.526316,8.736842
2818,1003.473684,8.684211
2820,1003.473684,8.684211
2822,1003.526316,8.684211
2824,1003.526316,8.631579
2826,1003.526316,8.631579
2828,1003.473684,8.578947
2830,1003.473684,8.578947
2832,1003.421053,8.526316
2834,1003.473684,8.526316
2836,1003.421053,8.473684
2838,1003.315789,8.368421
2840,1003.368421,8.368421
2842,1003.368421,8.315789
2844,1003.368421,8.315789
2846,1003.368421,8.315789
2848,1003.368421,8.315789
2850,1003.315789,8.263158
2852,1003.315789,8.263158
2854,1003.263158,8.210526
2856,1003.210526,8.157895
2858,1003.157895,8.105263
2860,1003.263158,8.105263
2862,1003.315789,8.105263
2864,1003.315789,8.052632
2866,1003.315789,8.052632
2868,1003.315789,8.052632
2870,1003.263158,8.000000
2872,1003.263158,8.000000
2874,1003.157895,7.842105
2876,1003.210526,7.842105
2878,1003.210526,7.842105
2880,1003.157895,7.789474
2882,1003.105263,7.736842
2884,1003.105263,7.736842
2886,1003.105263,7.736842
2888,1003.052632,7.684211
2890,1003.000000,7.631579
2892,1002.947368,7.578947
2894,1002.947368,7.578947
2896,1002.947368,7.578947
2898,1002.947368,7.578947
2900,1002.947368,7.578947
2902,1002.894737,7.473684
2904,1002.842105,7.421053
2906,1002.789474,7.368421
2908,1002.789474,7.368421
2910,1002.789474,7.368421
2912,1002.842105,7.368421
2914,1002.894737,7.368421
2916,1002.736842,7.210526
2918,1002.684211,7.157895
2920,1002.631579,7.105263
2922,1002.684211,7.105263
2924,1002.631579,7.052632
2926,1002.631579,7.052632
2928,1002.684211,7.052632
2930,1002.736842,7.052632
2932,1002.789474,7.052632
2934,1002.789474,7.052632
2936,1002.789474,7.000000
2938,1002.842105,7.000000
2940,1002.789474,6.947368
2942,1002.789474,6.947368
2944,1002.789474,6.894737
2946,1002.789474,6.894737
2948,1002.842105,6.894737
2950,1002.736842,6.789474
2952,1002.736842,6.789474
2954,1002.578947,6.631579
2956,1002.578947,6.631579
2958,1002.526316,6.578947
2960,1002.526316,6.578947
2962,1002.526316,6.578947
2964,1002.473684,6.526316
2966,1002.473684,6.526316
2968,1002.526316,6.526316
2970,1002.526316,6.526316
2972,1002.473684,6.473684
2974,1002.473684,6.473684
2976,1002.421053,6.421053
2978,1002.473684,6.421053
2980,1002.421053,6.368421
2982,1002.421053,6.368421
2984,1002.421053,6.368421
2986,1002.473684,6.368421
2988,1002.473684,6.368421
2990,1002.473684,6.315789
2992,1002.526316,6.315789
2994,1002.368421,6.157895
2996,1002.368421,6.105263
2998,1002.315789,6.052632
3000,1002.368421,6.052632
3002,1002.368421,6.052632
3004,1002.368421,6.052632
3006,1002.315789,6.000000
3008,1002.315789,6.000000
3010,1002.263158,5.894737
3012,1002.263158,5.894737
3014,1002.210526,5.842105
3016,1002.157895,5.789474
3018,1002.157895,5.789474
3020,1002.105263,5.736842
3022,1002.105263,5.736842
3024,1002.111111,5.833333
3026,1002.055556,5.777778
3028,1002.055556,5.777778
3030,1002.000000,5.722222
3032,1002.000000,5.722222
3034,1002.055556,5.722222
3036,1002.055556,5.722222
3038,1002.000000,5.666667
3040,1001.888889,5.555556
3042,1001.888889,5.555556
3044,1001.833333,5.500000
3046,1001.777778,5.444444
3048,1001.777778,5.444444
3050,1001.777778,5.444444
3052,1001.777778,5.444444
3054,1001.833333,5.444444
3056,1001.722222,5.333333
3058,1001.722222,5.333333
3060,1001.722222,5.333333
3062,1001.722222,5.333333
3064,1001.722222,5.333333
3066,1001.722222,5.333333
3068,1001.722222,5.333333
3070,1001.722222,5.333333
3072,1001.666667,5.277778
3074,1001.666667,5.277778
3076,1001.666667,5.277778
3078,1001.666667,5.277778
3080,1001.666667,5.277778
3082,1001.666667,5.277778
3084,1001.666667,5.277778
3086,1001.666667,5.277778
3088,1001.666667,5.277778
3090,1001.666667,5.277778
3092,1001.666667,5.277778
3094,1001.611111,5.222222
3096,1001.722222,5.222222
3098,1001.722222,5.222222
3100,1001.722222,5.222222
3102,1001.722222,5.222222
3104,1001.722222,5.222222
3106,1001.722222,5.222222
3108,1001.777778,5.222222
3110,1001.777778,5.222222
3112,1001.722222,5.166667
3114,1001.722222,5.166667
3116,1001.722222,5.166667
3118,1001.722222,5.166667
3120,1001.722222,5.166667
3122,1001.666667,5.111111
3124,1001.722222,5.111111
3126,1001.722222,5.111111
3128,1001.666667,5.055556
3130,1001.666667,5.055556
3132,1001.722222,5.055556
3134,1001.722222,5.055556
3136,1001.722222,5.055556
3138,1001.833333,5.055556
3140,1001.777778,5.000000
3142,1001.833333,5.000000
3144,1001.833333,5.000000
3146,1001.833333,5.000000
3148,1001.833333,5.000000
3150,1001.888889,5.000000
3152,1001.705882,4.941176
3154,1001.647059,4.882353
3156,1001.647059,4.882353
3158,1001.588235,4.764706
3160,1001.588235,4.764706
3162,1001.588235,4.764706
3164,1001.529412,4.705882
3166,1001.529412,4.705882
3168,1001.529412,4.705882
3170,1001.529412,4.705882
3172,1001.529412,4.705882
3174,1001.529412,4.705882
3176,1001.470588,4.647059
3178,1001.411765,4.588235
3180,1001.411765,4.588235
3182,1001.411765,4.588235
3184,1001.411765,4.588235
3186,1001.411765,4.588235
3188,1001.411765,4.529412
3190,1001.411765,4.529412
3192,1001.411765,4.470588
3194,1001.411765,4.470588
3196,1001.411765,4.470588
3198,1001.352941,4.411765
3200,1001.294118,4.352941
3202,1001.294118,4.352941
3204,1001.294118,4.352941
3206,1001.294118,4.352941
3208,1001.294118,4.352941
3210,1001.294118,4.352941
3212,1001.294118,4.352941
3214,1001.375000,4.437500
3216,1001.375000,4.437500
3218,1001.312500,4.375000
3220,1001.312500,4.375000
3222,1001.312500,4.375000
3224,1001.312500,4.375000
3226,1001.312500,4.375000
3228,1001.312500,4.375000
3230,1001.312500,4.375000
3232,1001.250000,4.312500
3234,1001.250000,4.250000
3236,1001.200000,4.333333
3238,1001.200000,4.333333
3240,1001.200000,4.333333
3242,1001.200000,4.333333
3244,1001.200000,4.266667
3246,1001.200000,4.266667
3248,1001.200000,4.266667
3250,1001.200000,4.266667
3252,1001.133333,4.200000
3254,1001.133333,4.200000
3256,1001.133333,4.200000
3258,1001.066667,4.133333
3260,1001.133333,4.133333
3262,1001.133333,4.133333
3264,1001.133333,4.133333
3266,1001.066667,4.066667
3268,1000.846154,4.000000
3270,1000.846154,4.000000
3272,1000.846154,4.000000
3274,1000.846154,4.000000
3276,1000.846154,4.000000
3278,1000.846154,4.000000
3280,1000.769231,3.923077
3282,1000.846154,3.923077
3284,1000.846154,3.923077
3286,1000.769231,3.846154
3288,1000.769231,3.846154
3290,1000.692308,3.769231
3292,1000.615385,3.692308
3294,1000.615385,3.692308
3296,1000.615385,3.692308
3298,1000.615385,3.692308
3300,1000.692308,3.692308
3302,1000.692308,3.692308
3304,1000.692308,3.692308
3306,1000.692308,3.692308
3308,1000.692308,3.692308
3310,1000.692308,3.692308
3312,1000.692308,3.692308
3314,1000.692308,3.692308
3316,1000.692308,3.692308
3318,1000.692308,3.692308
3320,1000.615385,3.615385
3322,1000.615385,3.615385
3324,1000.615385,3.615385
3326,1000.615385,3.615385
3328,1000.615385,3.615385
3330,1000.615385,3.615385
3332,1000.615385,3.615385
3334,1000.538462,3.538462
3336,1000.538462,3.538462
3338,1000.538462,3.538462
3340,1000.538462,3.538462
3342,1000.538462,3.538462
3344,1000.538462,3.538462
3346,1000.538462,3.538462
3348,1000.538462,3.538462
3350,1000.615385,3.538462
3352,1000.615385,3.538462
3354,1000.692308,3.538462
3356,1000.692308,3.538462
3358,1000.692308,3.538462
3360,1000.615385,3.461538
3362,1000.615385,3.461538
3364,1000.538462,3.384615
3366,1000.538462,3.384615
3368,1000.615385,3.384615
3370,1000.615385,3.384615
3372,1000.615385,3.384615
3374,1000.615385,3.384615
3376,1000.615385,3.384615
3378,1000.615385,3.384615
3380,1000.692308,3.384615
3382,1000.692308,3.384615
3384,1000.615385,3.307692
3386,1000.615385,3.307692
3388,1000.615385,3.307692
3390,1000.615385,3.307692
3392,1000.538462,3.230769
3394,1000.538462,3.230769
3396,1000.538462,3.230769
3398,1000.538462,3.230769
3400,1000.538462,3.153846
3402,1000.538462,3.153846
3404,1000.384615,3.000000
3406,1000.384615,3.000000
3408,1000.384615,3.000000
3410,1000.384615,3.000000
3412,1000.384615,3.000000
3414,1000.384615,3.000000
3416,1000.384615,3.000000
3418,1000.384615,3.000000
3420,1000.384615,3.000000
3422,1000.384615,3.000000
3424,1000.384615,3.000000
3426,1000.307692,2.923077
3428,1000.307692,2.923077
3430,1000.307692,2.923077
3432,1000.083333,2.750000
3434,1000.083333,2.750000
3436,1000.083333,2.750000
3438,1000.000000,2.666667
3440,1000.000000,2.666667
3442,1000.000000,2.666667
3444,999.916667,2.583333
3446,999.916667,2.583333
3448,999.916667,2.583333
3450,999.916667,2.583333
3452,999.916667,2.583333
3454,999.916667,2.583333
3456,999.750000,2.416667
3458,999.750000,2.416667
3460,999.750000,2.416667
3462,999.750000,2.416667
3464,999.750000,2.416667
3466,999.583333,2.250000
3468,999.583333,2.250000
3470,999.583333,2.250000
3472,999.583333,2.250000
3474,999.500000,2.166667
3476,999.500000,2.166667
3478,999.583333,2.083333
3480,999.583333,2.083333
3482,999.500000,2.000000
3484,999.500000,2.000000
3486,999.500000,2.000000
3488,999.333333,1.833333
3490,999.333333,1.833333
3492,999.333333,1.833333
3494,999.333333,1.833333
3496,999.333333,1.833333
3498,999.250000,1.750000
3500,999.250000,1.750000
3502,999.250000,1.750000
3504,999.250000,1.750000
3506,999.250000,1.750000
3508,999.250000,1.750000
3510,999.166667,1.666667
3512,999.166667,1.666667
3514,999.166667,1.666667
3516,999.166667,1.666667
3518,999.166667,1.666667
3520,999.166667,1.666667
3522,999.166667,1.666667
3524,999.166667,1.666667
3526,999.083333,1.583333
3528,999.083333,1.583333
3530,999.083333,1.583333
3532,999.083333,1.583333
3534,999.083333,1.583333
3536,999.083333,1.583333
3538,999.000000,1.500000
3540,999.000000,1.500000
3542,998.916667,1.416667
3544,998.916667,1.416667
3546,998.916667,1.416667
3548,998.916667,1.416667
3550,998.916667,1.416667
3552,998.916667,1.416667
3554,998.916667,1.416667
3556,998.916667,1.416667
3558,998.916667,1.416667
3560,998.916667,1.416667
3562,998.750000,1.250000
3564,998.750000,1.250000
3566,998.750000,1.250000
3568,998.750000,1.250000
3570,998.750000,1.250000
3572,998.833333,1.250000
3574,998.833333,1.250000
3576,998.833333,1.250000
3578,998.833333,1.250000
3580,998.833333,1.250000
3582,998.833333,1.250000
3584,998.833333,1.250000
3586,998.833333,1.250000
3588,998.833333,1.250000
3590,998.833333,1.250000
3592,998.833333,1.250000
3594,998.833333,1.250000
3596,998.833333,1.250000
3598,998.833333,1.250000
3600,999.000000,1.250000
3602,999.000000,1.250000
3604,999.083333,1.250000
3606,998.818182,1.090909
3608,998.818182,1.090909
3610,998.818182,1.090909
3612,998.818182,1.090909
3614,998.818182,1.090909
3616,998.818182,1.090909
3618,998.818182,1.090909
3620,998.818182,1.090909
3622,998.818182,1.090909
3624,998.818182,1.090909
3626,998.818182,1.090909
3628,998.818182,1.090909
3630,998.818182,1.090909
3632,998.818182,1.090909
3634,998.818182,1.090909
3636,998.818182,1.090909
3638,998.818182,1.090909
3640,998.818182,1.090909
3642,998.818182,1.090909
3644,998.818182,1.090909
3646,998.727273,1.000000
3648,998.727273,1.000000
3650,998.727273,1.000000
3652,998.727273,1.000000
3654,998.727273,1.000000
3656,998.727273,1.000000
3658,998.727273,1.000000
3660,998.727273,1.000000
3662,998.727273,1.000000
3664,998.818182,1.000000
3666,998.700000,1.000000
3668,998.700000,1.000000
3670,998.700000,1.000000
3672,998.700000,1.000000
3674,998.700000,1.000000
3676,998.800000,1.000000
3678,998.666667,1.000000
3680,998.666667,1.000000
3682,998.666667,1.000000
3684,998.666667,1.000000
3686,998.666667,1.000000
3688,998.666667,1.000000
3690,998.666667,1.000000
3692,998.666667,1.000000
3694,998.666667,1.000000
3696,998.666667,1.000000
3698,998.666667,1.000000
3700,998.666667,1.000000
3702,998.555556,0.888889
3704,998.555556,0.888889
3706,998.555556,0.888889
3708,998.555556,0.888889
3710,998.555556,0.888889
3712,998.555556,0.888889
3714,998.555556,0.888889
3716,998.555556,0.888889
3718,998.555556,0.888889
3720,998.555556,0.888889
3722,998.555556,0.888889
3724,998.555556,0.888889
3726,998.555556,0.888889
3728,998.555556,0.888889
3730,998.555556,0.888889
3732,998.555556,0.888889
3734,998.555556,0.888889
3736,998.555556,0.888889
3738,998.555556,0.888889
3740,998.555556,0.888889
3742,998.555556,0.888889
3744,998.555556,0.888889
3746,998.555556,0.888889
3748,998.555556,0.888889
3750,998.555556,0.888889
3752,998.555556,0.888889
3754,998.555556,0.888889
3756,998.555556,0.888889
3758,998.555556,0.888889
3760,998.555556,0.888889
3762,998.555556,0.888889
3764,998.555556,0.888889
3766,998.666667,0.888889
3768,998.666667,0.888889
3770,998.666667,0.888889
3772,998.666667,0.888889
3774,998.666667,0.888889
3776,998.666667,0.888889
3778,998.666667,0.888889
3780,998.666667,0.888889
3782,998.666667,0.888889
3784,998.666667,0.888889
3786,998.666667,0.888889
3788,998.666667,0.888889
3790,998.666667,0.888889
3792,998.666667,0.888889
3794,998.888889,1.000000
3796,998.888889,1.000000
3798,998.888889,1.000000
3800,998.888889,1.000000
3802,998.888889,1.000000
3804,998.777778,0.888889
3806,998.777778,0.888889
3808,998.777778,0.888889
3810,998.777778,0.888889
3812,998.777778,0.888889
3814,998.777778,0.888889
3816,998.777778,0.888889
3818,998.777778,0.888889
3820,998.777778,0.888889
3822,998.777778,0.888889
3824,998.777778,0.888889
3826,998.888889,0.888889
3828,998.875000,1.000000
3830,998.875000,1.000000
3832,998.875000,1.000000
3834,998.875000,1.000000
3836,998.875000,1.000000
3838,998.875000,1.000000
3840,998.875000,1.000000
3842,998.875000,1.000000
3844,998.875000,1.000000
3846,998.875000,1.000000
3848,998.875000,1.000000
3850,998.875000,1.000000
3852,998.875000,1.000000
3854,998.875000,1.000000
3856,999.000000,1.000000
3858,999.000000,1.000000
3860,999.000000,1.000000
3862,999.000000,1.000000
3864,999.000000,1.000000
3866,999.000000,1.000000
3868,999.000000,1.000000
3870,999.000000,1.000000
3872,999.000000,1.000000
3874,999.000000,1.000000
3876,999.000000,1.000000
3878,999.000000,1.000000
3880,999.000000,1.000000
3882,999.000000,1.000000
3884,999.000000,1.000000
3886,999.000000,1.000000
3888,999.000000,1.000000
3890,999.000000,1.000000
3892,999.000000,1.000000
3894,999.000000,1.000000
3896,999.000000,1.000000
3898,999.000000,1.000000
3900,999.000000,1.000000
3902,999.000000,1.000000
3904,999.000000,1.000000
3906,999.000000,1.000000
3908,999.000000,1.000000
3910,999.000000,1.000000
3912,999.000000,1.000000
3914,999.000000,1.000000
3916,999.000000,1.000000
3918,999.000000,1.000000
3920,999.000000,1.000000
3922,999.000000,1.000000
3924,999.125000,1.000000
3926,999.166667,1.166667
3928,999.166667,1.166667
3930,999.166667,1.166667
3932,999.166667,1.166667
3934,999.166667,1.166667
3936,999.166667,1.166667
3938,999.166667,1.166667
3940,999.166667,1.166667
3942,999.166667,1.166667
3944,999.166667,1.166667
3946,999.166667,1.166667
3948,999.166667,1.166667
3950,999.166667,1.166667
3952,999.166667,1.166667
3954,999.166667,1.166667
3956,999.166667,1.166667
3958,999.166667,1.166667
3960,999.166667,1.166667
3962,999.166667,1.166667
3964,999.166667,1.166667
3966,999.000000,1.000000
3968,999.000000,1.000000
3970,999.000000,1.000000
3972,999.000000,1.000000
3974,999.000000,1.000000
3976,999.000000,1.000000
3978,999.000000,1.000000
3980,999.000000,1.000000
3982,999.000000,1.000000
3984,999.000000,1.000000
3986,999.000000,1.000000
3988,999.000000,1.000000
3990,999.000000,1.000000
3992,999.200000,1.200000
3994,999.200000,1.200000
3996,999.000000,1.000000
3998,999.000000,1.000000
4000,999.000000,1.000000
4002,999.000000,1.000000
4004,999.000000,1.000000
4006,999.000000,1.000000
4008,999.000000,1.000000
4010,999.000000,1.000000
4012,999.000000,1.000000
4014,999.000000,1.000000
4016,999.000000,1.000000
4018,999.000000,1.000000
4020,999.000000,1.000000
4022,999.000000,1.000000
4024,999.000000,1.000000
4026,999.000000,1.000000
4028,999.000000,1.000000
4030,999.000000,1.000000
4032,999.000000,1.000000
4034,999.000000,1.000000
4036,999.000000,1.000000
4038,999.000000,1.000000
4040,999.000000,1.000000
4042,999.000000,1.000000
4044,999.000000,1.000000
4046,999.000000,1.000000
4048,999.000000,1.000000
4050,999.000000,1.000000
4052,999.000000,1.000000
4054,999.000000,1.000000
4056,999.000000,1.000000
4058,999.000000,1.000000
4060,999.000000,1.000000
4062,999.000000,1.000000
4064,999.000000,1.000000
4066,999.000000,1.000000
4068,999.000000,1.000000
4070,999.000000,1.000000
4072,999.000000,1.000000
4074,999.000000,1.000000
4076,999.000000,1.000000
4078,999.000000,1.000000
4080,999.000000,1.000000
4082,999.000000,1.000000
4084,999.000000,1.000000
4086,999.000000,1.000000
4088,999.000000,1.000000
4090,999.000000,1.000000
4092,999.000000,1.000000
4094,999.000000,1.000000
4096,999.000000,1.000000
4098,999.000000,1.000000
4100,999.000000,1.000000
4102,999.000000,1.000000
4104,998.800000,0.800000
4106,998.800000,0.800000
4108,998.800000,0.800000
4110,998.800000,0.800000
4112,998.800000,0.800000
4114,998.800000,0.800000
4116,998.800000,0.800000
4118,998.800000,0.800000
4120,998.800000,0.800000
4122,998.800000,0.800000
4124,998.800000,0.800000
4126,998.800000,0.800000
4128,998.800000,0.800000
4130,998.800000,0.800000
4132,998.800000,0.800000
4134,998.800000,0.800000
4136,998.800000,0.800000
4138,998.800000,0.800000
4140,998.800000,0.800000
4142,998.800000,0.800000
4144,998.800000,0.800000
4146,998.800000,0.800000
4148,998.800000,0.800000
4150,998.800000,0.800000
4152,998.800000,0.800000
4154,998.800000,0.800000
4156,998.800000,0.800000
4158,998.800000,0.800000
4160,998.800000,0.800000
4162,998.800000,0.800000
4164,998.800000,0.800000
4166,998.800000,0.800000
4168,998.800000,0.800000
4170,998.800000,0.800000
4172,998.800000,0.800000
4174,998.800000,0.800000
4176,998.800000,0.800000
4178,998.600000,0.600000
4180,998.600000,0.600000
4182,998.600000,0.600000
4184,998.600000,0.600000
4186,998.600000,0.600000
4188,998.600000,0.600000
4190,998.600000,0.600000
4192,998.600000,0.600000
4194,998.600000,0.600000
4196,998.600000,0.600000
4198,998.800000,0.600000
