#This is a CSV file containing the average TPL, TPU, and Cost values for the UW algorithm with NC path compression.
#The data was generated for n = 1000 and delta = 1.
N,Average TPL,Average TPU,Average Cost
1,0.000000,0.000000,0.000000
2,0.000000,0.000000,0.000000
3,0.000000,0.000000,0.000000
4,0.050000,0.000000,0.100000
5,0.100000,0.000000,0.200000
6,0.100000,0.000000,0.200000
7,0.150000,0.000000,0.300000
8,0.150000,0.000000,0.300000
9,0.150000,0.000000,0.300000
10,0.150000,0.000000,0.300000
11,0.150000,0.000000,0.300000
12,0.150000,0.000000,0.300000
13,0.150000,0.000000,0.300000
14,0.250000,0.000000,0.500000
15,0.250000,0.000000,0.500000
16,0.300000,0.000000,0.600000
17,0.400000,0.000000,0.800000
18,0.400000,0.000000,0.800000
19,0.400000,0.000000,0.800000
20,0.550000,0.000000,1.100000
21,0.600000,0.000000,1.200000
22,0.650000,0.000000,1.300000
23,0.650000,0.000000,1.300000
24,0.650000,0.000000,1.300000
25,0.750000,0.000000,1.500000
26,0.900000,0.000000,1.800000
27,0.900000,0.000000,1.800000
28,0.950000,0.000000,1.900000
29,1.000000,0.000000,2.000000
30,1.050000,0.000000,2.100000
31,1.100000,0.000000,2.200000
32,1.150000,0.000000,2.300000
33,1.150000,0.000000,2.300000
34,1.150000,0.000000,2.300000
35,1.150000,0.000000,2.300000
36,1.250000,0.000000,2.500000
37,1.250000,0.000000,2.500000
38,1.300000,0.000000,2.600000
39,1.350000,0.000000,2.700000
40,1.500000,0.000000,3.000000
41,1.550000,0.000000,3.100000
42,1.600000,0.000000,3.200000
43,1.800000,0.000000,3.600000
44,1.950000,0.000000,3.900000
45,2.000000,0.000000,4.000000
46,2.050000,0.000000,4.100000
47,2.100000,0.000000,4.200000
48,2.150000,0.000000,4.300000
49,2.250000,0.000000,4.500000
50,2.400000,0.000000,4.800000
51,2.450000,0.000000,4.900000
52,2.550000,0.000000,5.100000
53,2.650000,0.000000,5.300000
54,2.750000,0.000000,5.500000
55,2.850000,0.000000,5.700000
56,3.000000,0.000000,6.000000
57,3.000000,0.000000,6.000000
58,3.150000,0.000000,6.300000
59,3.200000,0.000000,6.400000
60,3.300000,0.000000,6.600000
61,3.500000,0.000000,7.000000
62,3.600000,0.000000,7.200000
63,3.800000,0.000000,7.600000
64,4.100000,0.000000,8.200000
65,4.400000,0.000000,8.800000
66,4.500000,0.000000,9.000000
67,4.600000,0.000000,9.200000
68,4.750000,0.000000,9.500000
69,4.800000,0.000000,9.600000
70,5.000000,0.000000,10.000000
71,5.250000,0.000000,10.500000
72,5.250000,0.000000,10.500000
73,5.450000,0.000000,10.900000
74,5.450000,0.000000,10.900000
75,5.600000,0.000000,11.200000
76,5.700000,0.000000,11.400000
77,5.850000,0.000000,11.700000
78,6.100000,0.000000,12.200000
79,6.300000,0.000000,12.600000
80,6.350000,0.000000,12.700000
81,6.550000,0.000000,13.100000
82,6.600000,0.000000,13.200000
83,6.650000,0.000000,13.300000
84,6.900000,0.000000,13.800000
85,7.000000,0.000000,14.000000
86,7.150000,0.000000,14.300000
87,7.300000,0.000000,14.600000
88,7.350000,0.000000,14.700000
89,7.650000,0.000000,15.300000
90,8.050000,0.000000,16.100000
91,8.350000,0.000000,16.700000
92,8.550000,0.000000,17.100000
93,8.750000,0.000000,17.500000
94,8.950000,0.000000,17.900000
95,9.150000,0.000000,18.300000
96,9.400000,0.000000,18.800000
97,9.600000,0.000000,19.200000
98,9.700000,0.000000,19.400000
99,9.950000,0.000000,19.900000
100,10.100000,0.000000,20.200000
101,10.400000,0.000000,20.800000
102,10.650000,0.000000,21.300000
103,11.000000,0.000000,22.000000
104,11.400000,0.000000,22.800000
105,11.700000,0.000000,23.400000
106,12.150000,0.000000,24.300000
107,12.550000,0.000000,25.100000
108,12.600000,0.000000,25.200000
109,12.750000,0.000000,25.500000
110,12.950000,0.000000,25.900000
111,13.300000,0.000000,26.600000
112,13.600000,0.000000,27.200000
113,14.050000,0.000000,28.100000
114,14.350000,0.000000,28.700000
115,14.550000,0.000000,29.100000
116,14.750000,0.000000,29.500000
117,15.100000,0.000000,30.200000
118,15.350000,0.000000,30.700000
119,15.700000,0.000000,31.400000
120,16.100000,0.000000,32.200000
121,16.600000,0.000000,33.200000
122,16.900000,0.000000,33.800000
123,16.950000,0.000000,33.900000
124,17.200000,0.000000,34.400000
125,17.450000,0.000000,34.900000
126,17.700000,0.000000,35.400000
127,18.050000,0.000000,36.100000
128,18.350000,0.000000,36.700000
129,18.550000,0.000000,37.100000
130,18.700000,0.000000,37.400000
131,19.000000,0.000000,38.000000
132,19.200000,0.000000,38.400000
133,19.600000,0.000000,39.200000
134,20.150000,0.000000,40.300000
135,20.300000,0.000000,40.600000
136,20.550000,0.000000,41.100000
137,20.700000,0.000000,41.400000
138,21.100000,0.000000,42.200000
139,21.450000,0.000000,42.900000
140,21.900000,0.000000,43.800000
141,22.150000,0.000000,44.300000
142,22.550000,0.000000,45.100000
143,22.850000,0.000000,45.700000
144,23.000000,0.000000,46.000000
145,23.250000,0.000000,46.500000
146,23.600000,0.000000,47.200000
147,24.050000,0.000000,48.100000
148,24.150000,0.000000,48.300000
149,24.450000,0.000000,48.900000
150,25.150000,0.000000,50.300000
151,25.500000,0.000000,51.000000
152,25.800000,0.000000,51.600000
153,26.200000,0.000000,52.400000
154,26.850000,0.000000,53.700000
155,27.150000,0.000000,54.300000
156,27.550000,0.000000,55.100000
157,27.850000,0.000000,55.700000
158,28.300000,0.000000,56.600000
159,28.700000,0.000000,57.400000
160,29.250000,0.000000,58.500000
161,29.750000,0.000000,59.500000
162,30.450000,0.000000,60.900000
163,30.800000,0.000000,61.600000
164,31.050000,0.000000,62.100000
165,31.650000,0.000000,63.300000
166,32.400000,0.000000,64.800000
167,32.800000,0.000000,65.600000
168,33.050000,0.000000,66.100000
169,33.400000,0.000000,66.800000
170,33.850000,0.000000,67.700000
171,34.150000,0.000000,68.300000
172,34.750000,0.000000,69.500000
173,35.300000,0.000000,70.600000
174,35.700000,0.000000,71.400000
175,36.000000,0.000000,72.000000
176,36.700000,0.000000,73.400000
177,37.200000,0.000000,74.400000
178,37.750000,0.000000,75.500000
179,38.400000,0.000000,76.800000
180,38.650000,0.000000,77.300000
181,39.250000,0.000000,78.500000
182,39.850000,0.000000,79.700000
183,40.100000,0.000000,80.200000
184,40.750000,0.000000,81.500000
185,41.200000,0.000000,82.400000
186,41.550000,0.000000,83.100000
187,42.100000,0.000000,84.200000
188,42.400000,0.000000,84.800000
189,42.800000,0.000000,85.600000
190,43.000000,0.000000,86.000000
191,43.700000,0.000000,87.400000
192,44.450000,0.000000,88.900000
193,44.900000,0.000000,89.800000
194,45.400000,0.000000,90.800000
195,45.600000,0.000000,91.200000
196,46.050000,0.000000,92.100000
197,46.600000,0.000000,93.200000
198,47.200000,0.000000,94.400000
199,47.800000,0.000000,95.600000
200,48.150000,0.000000,96.300000
201,48.500000,0.000000,97.000000
202,48.800000,0.000000,97.600000
203,49.150000,0.000000,98.300000
204,49.700000,0.000000,99.400000
205,50.200000,0.000000,100.400000
206,50.750000,0.000000,101.500000
207,51.500000,0.000000,103.000000
208,52.050000,0.000000,104.100000
209,52.200000,0.000000,104.400000
210,52.650000,0.000000,105.300000
211,53.550000,0.000000,107.100000
212,53.900000,0.000000,107.800000
213,54.650000,0.000000,109.300000
214,55.150000,0.000000,110.300000
215,55.450000,0.000000,110.900000
216,56.000000,0.000000,112.000000
217,56.400000,0.000000,112.800000
218,57.100000,0.000000,114.200000
219,57.800000,0.000000,115.600000
220,58.450000,0.000000,116.900000
221,59.550000,0.000000,119.100000
222,60.000000,0.000000,120.000000
223,60.250000,0.000000,120.500000
224,60.900000,0.000000,121.800000
225,61.450000,0.000000,122.900000
226,61.950000,0.000000,123.900000
227,62.700000,0.000000,125.400000
228,63.500000,0.000000,127.000000
229,64.300000,0.000000,128.600000
230,64.800000,0.000000,129.600000
231,65.350000,0.000000,130.700000
232,65.900000,0.000000,131.800000
233,66.850000,0.000000,133.700000
234,67.650000,0.000000,135.300000
235,68.000000,0.000000,136.000000
236,68.850000,0.000000,137.700000
237,69.750000,0.000000,139.500000
238,70.350000,0.000000,140.700000
239,71.050000,0.000000,142.100000
240,71.900000,0.000000,143.800000
241,72.250000,0.000000,144.500000
242,73.100000,0.000000,146.200000
243,73.700000,0.000000,147.400000
244,74.300000,0.000000,148.600000
245,75.050000,0.000000,150.100000
246,75.850000,0.000000,151.700000
247,76.400000,0.000000,152.800000
248,77.050000,0.000000,154.100000
249,77.550000,0.000000,155.100000
250,78.250000,0.000000,156.500000
251,78.800000,0.000000,157.600000
252,79.600000,0.000000,159.200000
253,80.100000,0.000000,160.200000
254,80.800000,0.000000,161.600000
255,81.350000,0.000000,162.700000
256,82.350000,0.000000,164.700000
257,83.300000,0.000000,166.600000
258,84.400000,0.000000,168.800000
259,85.400000,0.000000,170.800000
260,86.150000,0.000000,172.300000
261,86.500000,0.000000,173.000000
262,87.250000,0.000000,174.500000
263,87.900000,0.000000,175.800000
264,88.750000,0.000000,177.500000
265,89.150000,0.000000,178.300000
266,90.050000,0.000000,180.100000
267,90.850000,0.000000,181.700000
268,91.550000,0.000000,183.100000
269,92.250000,0.000000,184.500000
270,92.950000,0.000000,185.900000
271,93.800000,0.000000,187.600000
272,94.550000,0.000000,189.100000
273,95.450000,0.000000,190.900000
274,96.400000,0.000000,192.800000
275,97.650000,0.000000,195.300000
276,98.400000,0.000000,196.800000
277,99.300000,0.000000,198.600000
278,99.950000,0.000000,199.900000
279,100.550000,0.000000,201.100000
280,101.650000,0.000000,203.300000
281,102.650000,0.000000,205.300000
282,103.750000,0.000000,207.500000
283,104.650000,0.000000,209.300000
284,105.400000,0.000000,210.800000
285,106.600000,0.000000,213.200000
286,107.150000,0.000000,214.300000
287,107.900000,0.000000,215.800000
288,108.600000,0.000000,217.200000
289,109.300000,0.000000,218.600000
290,109.850000,0.000000,219.700000
291,110.700000,0.000000,221.400000
292,111.700000,0.000000,223.400000
293,112.800000,0.000000,225.600000
294,113.400000,0.000000,226.800000
295,114.850000,0.000000,229.700000
296,115.600000,0.000000,231.200000
297,116.350000,0.000000,232.700000
298,117.500000,0.000000,235.000000
299,118.450000,0.000000,236.900000
300,119.000000,0.000000,238.000000
301,120.200000,0.000000,240.400000
302,121.050000,0.000000,242.100000
303,121.800000,0.000000,243.600000
304,122.600000,0.000000,245.200000
305,123.300000,0.000000,246.600000
306,124.500000,0.000000,249.000000
307,125.200000,0.000000,250.400000
308,125.750000,0.000000,251.500000
309,126.500000,0.000000,253.000000
310,127.350000,0.000000,254.700000
311,128.150000,0.000000,256.300000
312,129.200000,0.000000,258.400000
313,130.050000,0.000000,260.100000
314,131.000000,0.000000,262.000000
315,131.900000,0.000000,263.800000
316,132.950000,0.000000,265.900000
317,134.250000,0.000000,268.500000
318,135.200000,0.000000,270.400000
319,136.500000,0.000000,273.000000
320,137.550000,0.000000,275.100000
321,138.900000,0.000000,277.800000
322,139.950000,0.000000,279.900000
323,140.750000,0.000000,281.500000
324,141.400000,0.000000,282.800000
325,141.850000,0.000000,283.700000
326,142.550000,0.000000,285.100000
327,143.150000,0.000000,286.300000
328,143.950000,0.000000,287.900000
329,144.550000,0.000000,289.100000
330,145.100000,0.000000,290.200000
331,146.450000,0.000000,292.900000
332,147.250000,0.000000,294.500000
333,148.300000,0.000000,296.600000
334,149.750000,0.000000,299.500000
335,150.950000,0.000000,301.900000
336,151.850000,0.000000,303.700000
337,152.950000,0.000000,305.900000
338,153.400000,0.000000,306.800000
339,154.550000,0.000000,309.100000
340,155.150000,0.000000,310.300000
341,156.000000,0.000000,312.000000
342,156.900000,0.000000,313.800000
343,158.450000,0.000000,316.900000
344,159.450000,0.000000,318.900000
345,160.750000,0.000000,321.500000
346,161.700000,0.000000,323.400000
347,162.950000,0.000000,325.900000
348,163.750000,0.000000,327.500000
349,165.400000,0.000000,330.800000
350,166.300000,0.000000,332.600000
351,167.600000,0.000000,335.200000
352,169.050000,0.000000,338.100000
353,170.650000,0.000000,341.300000
354,171.600000,0.000000,343.200000
355,172.500000,0.000000,345.000000
356,173.750000,0.000000,347.500000
357,174.450000,0.000000,348.900000
358,175.950000,0.000000,351.900000
359,176.950000,0.000000,353.900000
360,177.850000,0.000000,355.700000
361,178.950000,0.000000,357.900000
362,180.250000,0.000000,360.500000
363,181.000000,0.000000,362.000000
364,182.350000,0.000000,364.700000
365,183.050000,0.000000,366.100000
366,184.100000,0.000000,368.200000
367,184.950000,0.000000,369.900000
368,186.250000,0.000000,372.500000
369,187.700000,0.000000,375.400000
370,189.200000,0.000000,378.400000
371,190.900000,0.000000,381.800000
372,191.600000,0.000000,383.200000
373,193.100000,0.000000,386.200000
374,194.750000,0.000000,389.500000
375,196.250000,0.000000,392.500000
376,197.200000,0.000000,394.400000
377,198.600000,0.000000,397.200000
378,199.650000,0.000000,399.300000
379,200.750000,0.000000,401.500000
380,202.400000,0.000000,404.800000
381,204.000000,0.000000,408.000000
382,204.800000,0.000000,409.600000
383,206.000000,0.000000,412.000000
384,207.200000,0.000000,414.400000
385,208.200000,0.000000,416.400000
386,209.350000,0.000000,418.700000
387,210.600000,0.000000,421.200000
388,212.650000,0.000000,425.300000
389,214.500000,0.000000,429.000000
390,215.350000,0.000000,430.700000
391,216.800000,0.000000,433.600000
392,218.000000,0.000000,436.000000
393,218.700000,0.000000,437.400000
394,220.300000,0.000000,440.600000
395,221.550000,0.000000,443.100000
396,223.700000,0.000000,447.400000
397,225.600000,0.000000,451.200000
398,226.600000,0.000000,453.200000
399,227.950000,0.000000,455.900000
400,229.600000,0.000000,459.200000
401,231.250000,0.000000,462.500000
402,232.700000,0.000000,465.400000
403,233.700000,0.000000,467.400000
404,234.900000,0.000000,469.800000
405,236.450000,0.000000,472.900000
406,237.750000,0.000000,475.500000
407,239.300000,0.000000,478.600000
408,240.500000,0.000000,481.000000
409,241.900000,0.000000,483.800000
410,242.700000,0.000000,485.400000
411,244.150000,0.000000,488.300000
412,246.650000,0.000000,493.300000
413,247.850000,0.000000,495.700000
414,249.350000,0.000000,498.700000
415,251.400000,0.000000,502.800000
416,252.850000,0.000000,505.700000
417,254.650000,0.000000,509.300000
418,256.950000,0.000000,513.900000
419,258.150000,0.000000,516.300000
420,259.300000,0.000000,518.600000
421,261.200000,0.000000,522.400000
422,263.100000,0.000000,526.200000
423,264.650000,0.000000,529.300000
424,266.750000,0.000000,533.500000
425,267.950000,0.000000,535.900000
426,269.950000,0.000000,539.900000
427,271.300000,0.000000,542.600000
428,272.750000,0.000000,545.500000
429,275.350000,0.000000,550.700000
430,278.000000,0.000000,556.000000
431,279.350000,0.000000,558.700000
432,280.900000,0.000000,561.800000
433,282.250000,0.000000,564.500000
434,283.450000,0.000000,566.900000
435,284.600000,0.000000,569.200000
436,286.350000,0.000000,572.700000
437,287.750000,0.000000,575.500000
438,290.000000,0.000000,580.000000
439,291.850000,0.000000,583.700000
440,293.000000,0.000000,586.000000
441,294.800000,0.000000,589.600000
442,297.200000,0.000000,594.400000
443,298.550000,0.000000,597.100000
444,300.300000,0.000000,600.600000
445,301.650000,0.000000,603.300000
446,303.950000,0.000000,607.900000
447,306.350000,0.000000,612.700000
448,308.100000,0.000000,616.200000
449,309.350000,0.000000,618.700000
450,311.000000,0.000000,622.000000
451,312.950000,0.000000,625.900000
452,314.950000,0.000000,629.900000
453,316.950000,0.000000,633.900000
454,318.800000,0.000000,637.600000
455,320.400000,0.000000,640.800000
456,322.350000,0.000000,644.700000
457,324.100000,0.000000,648.200000
458,325.850000,0.000000,651.700000
459,328.500000,0.000000,657.000000
460,330.850000,0.000000,661.700000
461,333.100000,0.000000,666.200000
462,334.850000,0.000000,669.700000
463,336.700000,0.000000,673.400000
464,339.350000,0.000000,678.700000
465,341.250000,0.000000,682.500000
466,342.500000,0.000000,685.000000
467,345.250000,0.000000,690.500000
468,347.000000,0.000000,694.000000
469,349.750000,0.000000,699.500000
470,351.250000,0.000000,702.500000
471,353.250000,0.000000,706.500000
472,355.350000,0.000000,710.700000
473,358.900000,0.000000,717.800000
474,360.000000,0.000000,720.000000
475,361.450000,0.000000,722.900000
476,363.150000,0.000000,726.300000
477,364.750000,0.000000,729.500000
478,367.350000,0.000000,734.700000
479,369.450000,0.000000,738.900000
480,372.150000,0.000000,744.300000
481,374.450000,0.000000,748.900000
482,375.200000,0.000000,750.400000
483,378.350000,0.000000,756.700000
484,381.150000,0.000000,762.300000
485,382.500000,0.000000,765.000000
486,384.900000,0.000000,769.800000
487,388.000000,0.000000,776.000000
488,391.100000,0.000000,782.200000
489,394.100000,0.000000,788.200000
490,397.300000,0.000000,794.600000
491,399.450000,0.000000,798.900000
492,402.550000,0.000000,805.100000
493,405.600000,0.000000,811.200000
494,408.250000,0.000000,816.500000
495,410.350000,0.000000,820.700000
496,412.600000,0.000000,825.200000
497,415.650000,0.000000,831.300000
498,417.500000,0.000000,835.000000
499,420.300000,0.000000,840.600000
500,423.200000,0.000000,846.400000
501,425.600000,0.000000,851.200000
502,427.300000,0.000000,854.600000
503,430.700000,0.000000,861.400000
504,434.800000,0.000000,869.600000
505,437.550000,0.000000,875.100000
506,441.550000,0.000000,883.100000
507,444.450000,0.000000,888.900000
508,447.100000,0.000000,894.200000
509,450.200000,0.000000,900.400000
510,452.650000,0.000000,905.300000
511,455.900000,0.000000,911.800000
512,458.000000,0.000000,916.000000
513,461.700000,0.000000,923.400000
514,467.200000,0.000000,934.400000
515,470.000000,0.000000,940.000000
516,472.600000,0.000000,945.200000
517,475.350000,0.000000,950.700000
518,478.550000,0.000000,957.100000
519,482.500000,0.000000,965.000000
520,486.700000,0.000000,973.400000
521,490.400000,0.000000,980.800000
522,493.050000,0.000000,986.100000
523,496.200000,0.000000,992.400000
524,499.050000,0.000000,998.100000
525,502.650000,0.000000,1005.300000
526,505.100000,0.000000,1010.200000
527,509.650000,0.000000,1019.300000
528,512.750000,0.000000,1025.500000
529,517.100000,0.000000,1034.200000
530,519.600000,0.000000,1039.200000
531,523.700000,0.000000,1047.400000
532,526.150000,0.000000,1052.300000
533,529.500000,0.000000,1059.000000
534,532.150000,0.000000,1064.300000
535,535.800000,0.000000,1071.600000
536,539.600000,0.000000,1079.200000
537,542.200000,0.000000,1084.400000
538,546.200000,0.000000,1092.400000
539,550.600000,0.000000,1101.200000
540,554.750000,0.000000,1109.500000
541,560.050000,0.000000,1120.100000
542,563.550000,0.000000,1127.100000
543,567.350000,0.000000,1134.700000
544,573.700000,0.000000,1147.400000
545,576.750000,0.000000,1153.500000
546,580.350000,0.000000,1160.700000
547,583.200000,0.000000,1166.400000
548,587.300000,0.000000,1174.600000
549,591.000000,0.000000,1182.000000
550,595.350000,0.000000,1190.700000
551,599.650000,0.000000,1199.300000
552,604.200000,0.000000,1208.400000
553,609.450000,0.000000,1218.900000
554,614.400000,0.000000,1228.800000
555,621.650000,0.000000,1243.300000
556,625.800000,0.000000,1251.600000
557,628.850000,0.000000,1257.700000
558,634.050000,0.000000,1268.100000
559,640.750000,0.000000,1281.500000
560,645.300000,0.000000,1290.600000
561,650.850000,0.000000,1301.700000
562,657.450000,0.000000,1314.900000
563,662.950000,0.000000,1325.900000
564,669.150000,0.000000,1338.300000
565,673.350000,0.000000,1346.700000
566,680.900000,0.000000,1361.800000
567,688.600000,0.000000,1377.200000
568,693.350000,0.000000,1386.700000
569,698.000000,0.000000,1396.000000
570,701.850000,0.000000,1403.700000
571,709.150000,0.000000,1418.300000
572,714.550000,0.000000,1429.100000
573,720.850000,0.000000,1441.700000
574,728.200000,0.000000,1456.400000
575,734.250000,0.000000,1468.500000
576,739.350000,0.000000,1478.700000
577,745.300000,0.000000,1490.600000
578,752.150000,0.000000,1504.300000
579,757.400000,0.000000,1514.800000
580,763.350000,0.000000,1526.700000
581,769.800000,0.000000,1539.600000
582,773.200000,0.000000,1546.400000
583,778.700000,0.000000,1557.400000
584,785.800000,0.000000,1571.600000
585,790.250000,0.000000,1580.500000
586,797.950000,0.000000,1595.900000
587,803.700000,0.000000,1607.400000
588,811.550000,0.000000,1623.100000
589,818.150000,0.000000,1636.300000
590,822.750000,0.000000,1645.500000
591,829.750000,0.000000,1659.500000
592,836.100000,0.000000,1672.200000
593,846.900000,0.000000,1693.800000
594,854.450000,0.000000,1708.900000
595,860.050000,0.000000,1720.100000
596,867.400000,0.000000,1734.800000
597,876.900000,0.000000,1753.800000
598,884.300000,0.000000,1768.600000
599,891.900000,0.000000,1783.800000
600,903.550000,0.000000,1807.100000
601,912.650000,0.000000,1825.300000
602,921.200000,0.000000,1842.400000
603,930.100000,0.000000,1860.200000
604,938.950000,0.000000,1877.900000
605,948.150000,0.000000,1896.300000
606,955.400000,0.000000,1910.800000
607,962.450000,0.000000,1924.900000
608,971.400000,0.000000,1942.800000
609,982.150000,0.000000,1964.300000
610,993.150000,0.000000,1986.300000
611,1004.350000,0.000000,2008.700000
612,1013.950000,0.000000,2027.900000
613,1022.000000,0.000000,2044.000000
614,1031.550000,0.000000,2063.100000
615,1043.000000,0.000000,2086.000000
616,1051.800000,0.000000,2103.600000
617,1059.250000,0.000000,2118.500000
618,1068.000000,0.000000,2136.000000
619,1075.850000,0.000000,2151.700000
620,1084.400000,0.000000,2168.800000
621,1092.500000,0.000000,2185.000000
622,1098.800000,0.000000,2197.600000
623,1111.500000,0.000000,2223.000000
624,1124.450000,0.000000,2248.900000
625,1132.350000,0.000000,2264.700000
626,1143.200000,0.000000,2286.400000
627,1150.700000,0.000000,2301.400000
628,1159.800000,0.000000,2319.600000
629,1170.100000,0.000000,2340.200000
630,1186.950000,0.000000,2373.900000
631,1196.000000,0.000000,2392.000000
632,1211.700000,0.000000,2423.400000
633,1221.250000,0.000000,2442.500000
634,1233.000000,0.000000,2466.000000
635,1247.700000,0.000000,2495.400000
636,1257.950000,0.000000,2515.900000
637,1270.200000,0.000000,2540.400000
638,1279.550000,0.000000,2559.100000
639,1291.250000,0.000000,2582.500000
640,1306.150000,0.000000,2612.300000
641,1320.700000,0.000000,2641.400000
642,1335.050000,0.000000,2670.100000
643,1342.400000,0.000000,2684.800000
644,1352.700000,0.000000,2705.400000
645,1367.900000,0.000000,2735.800000
646,1383.450000,0.000000,2766.900000
647,1398.200000,0.000000,2796.400000
648,1409.550000,0.000000,2819.100000
649,1422.550000,0.000000,2845.100000
650,1437.700000,0.000000,2875.400000
651,1451.150000,0.000000,2902.300000
652,1463.900000,0.000000,2927.800000
653,1476.400000,0.000000,2952.800000
654,1484.950000,0.000000,2969.900000
655,1501.800000,0.000000,3003.600000
656,1520.600000,0.000000,3041.200000
657,1535.400000,0.000000,3070.800000
658,1550.950000,0.000000,3101.900000
659,1564.200000,0.000000,3128.400000
660,1585.250000,0.000000,3170.500000
661,1600.000000,0.000000,3200.000000
662,1613.600000,0.000000,3227.200000
663,1632.650000,0.000000,3265.300000
664,1642.000000,0.000000,3284.000000
665,1659.600000,0.000000,3319.200000
666,1678.350000,0.000000,3356.700000
667,1696.600000,0.000000,3393.200000
668,1716.500000,0.000000,3433.000000
669,1738.550000,0.000000,3477.100000
670,1755.450000,0.000000,3510.900000
671,1775.400000,0.000000,3550.800000
672,1795.700000,0.000000,3591.400000
673,1812.200000,0.000000,3624.400000
674,1829.000000,0.000000,3658.000000
675,1843.050000,0.000000,3686.100000
676,1864.550000,0.000000,3729.100000
677,1884.800000,0.000000,3769.600000
678,1901.600000,0.000000,3803.200000
679,1915.700000,0.000000,3831.400000
680,1929.900000,0.000000,3859.800000
681,1954.600000,0.000000,3909.200000
682,1970.900000,0.000000,3941.800000
683,1990.200000,0.000000,3980.400000
684,2010.850000,0.000000,4021.700000
685,2032.950000,0.000000,4065.900000
686,2058.150000,0.000000,4116.300000
687,2085.300000,0.000000,4170.600000
688,2109.750000,0.000000,4219.500000
689,2133.500000,0.000000,4267.000000
690,2156.900000,0.000000,4313.800000
691,2176.950000,0.000000,4353.900000
692,2198.550000,0.000000,4397.100000
693,2223.350000,0.000000,4446.700000
694,2245.700000,0.000000,4491.400000
695,2271.650000,0.000000,4543.300000
696,2294.350000,0.000000,4588.700000
697,2316.500000,0.000000,4633.000000
698,2333.450000,0.000000,4666.900000
699,2357.950000,0.000000,4715.900000
700,2379.700000,0.000000,4759.400000
701,2410.250000,0.000000,4820.500000
702,2437.750000,0.000000,4875.500000
703,2462.650000,0.000000,4925.300000
704,2488.100000,0.000000,4976.200000
705,2510.300000,0.000000,5020.600000
706,2529.850000,0.000000,5059.700000
707,2556.000000,0.000000,5112.000000
708,2584.650000,0.000000,5169.300000
709,2610.800000,0.000000,5221.600000
710,2643.250000,0.000000,5286.500000
711,2663.100000,0.000000,5326.200000
712,2692.850000,0.000000,5385.700000
713,2712.100000,0.000000,5424.200000
714,2741.350000,0.000000,5482.700000
715,2778.650000,0.000000,5557.300000
716,2810.200000,0.000000,5620.400000
717,2836.000000,0.000000,5672.000000
718,2862.150000,0.000000,5724.300000
719,2897.300000,0.000000,5794.600000
720,2930.750000,0.000000,5861.500000
721,2957.850000,0.000000,5915.700000
722,2997.100000,0.000000,5994.200000
723,3032.950000,0.000000,6065.900000
724,3063.350000,0.000000,6126.700000
725,3095.700000,0.000000,6191.400000
726,3127.100000,0.000000,6254.200000
727,3162.150000,0.000000,6324.300000
728,3191.000000,0.000000,6382.000000
729,3220.800000,0.000000,6441.600000
730,3260.300000,0.000000,6520.600000
731,3297.650000,0.000000,6595.300000
732,3326.200000,0.000000,6652.400000
733,3362.100000,0.000000,6724.200000
734,3392.400000,0.000000,6784.800000
735,3432.150000,0.000000,6864.300000
736,3460.500000,0.000000,6921.000000
737,3486.850000,0.000000,6973.700000
738,3524.500000,0.000000,7049.000000
739,3556.600000,0.000000,7113.200000
740,3595.850000,0.000000,7191.700000
741,3630.350000,0.000000,7260.700000
742,3667.300000,0.000000,7334.600000
743,3707.250000,0.000000,7414.500000
744,3742.150000,0.000000,7484.300000
745,3777.000000,0.000000,7554.000000
746,3817.600000,0.000000,7635.200000
747,3857.500000,0.000000,7715.000000
748,3892.450000,0.000000,7784.900000
749,3927.400000,0.000000,7854.800000
750,3960.700000,0.000000,7921.400000
751,3998.700000,0.000000,7997.400000
752,4041.300000,0.000000,8082.600000
753,4077.800000,0.000000,8155.600000
754,4119.350000,0.000000,8238.700000
755,4154.350000,0.000000,8308.700000
756,4201.000000,0.000000,8402.000000
757,4245.800000,0.000000,8491.600000
758,4286.350000,0.000000,8572.700000
759,4318.400000,0.000000,8636.800000
760,4358.900000,0.000000,8717.800000
761,4408.850000,0.000000,8817.700000
762,4463.250000,0.000000,8926.500000
763,4504.950000,0.000000,9009.900000
764,4550.500000,0.000000,9101.000000
765,4594.050000,0.000000,9188.100000
766,4649.550000,0.000000,9299.100000
767,4701.150000,0.000000,9402.300000
768,4742.300000,0.000000,9484.600000
769,4780.500000,0.000000,9561.000000
770,4817.000000,0.000000,9634.000000
771,4861.700000,0.000000,9723.400000
772,4904.550000,0.000000,9809.100000
773,4952.200000,0.000000,9904.400000
774,4998.150000,0.000000,9996.300000
775,5044.100000,0.000000,10088.200000
776,5089.200000,0.000000,10178.400000
777,5135.200000,0.000000,10270.400000
778,5177.650000,0.000000,10355.300000
779,5232.450000,0.000000,10464.900000
780,5283.650000,0.000000,10567.300000
781,5326.850000,0.000000,10653.700000
782,5374.250000,0.000000,10748.500000
783,5419.000000,0.000000,10838.000000
784,5474.800000,0.000000,10949.600000
785,5524.000000,0.000000,11048.000000
786,5569.450000,0.000000,11138.900000
787,5606.450000,0.000000,11212.900000
788,5648.650000,0.000000,11297.300000
789,5699.300000,0.000000,11398.600000
790,5752.100000,0.000000,11504.200000
791,5803.850000,0.000000,11607.700000
792,5860.100000,0.000000,11720.200000
793,5914.300000,0.000000,11828.600000
794,5967.000000,0.000000,11934.000000
795,6023.400000,0.000000,12046.800000
796,6070.900000,0.000000,12141.800000
797,6115.950000,0.000000,12231.900000
798,6167.350000,0.000000,12334.700000
799,6202.600000,0.000000,12405.200000
800,6255.800000,0.000000,12511.600000
801,6319.250000,0.000000,12638.500000
802,6377.600000,0.000000,12755.200000
803,6429.550000,0.000000,12859.100000
804,6498.700000,0.000000,12997.400000
805,6552.650000,0.000000,13105.300000
806,6610.850000,0.000000,13221.700000
807,6661.900000,0.000000,13323.800000
808,6714.900000,0.000000,13429.800000
809,6772.950000,0.000000,13545.900000
810,6836.400000,0.000000,13672.800000
811,6898.800000,0.000000,13797.600000
812,6943.500000,0.000000,13887.000000
813,6992.500000,0.000000,13985.000000
814,7038.100000,0.000000,14076.200000
815,7097.950000,0.000000,14195.900000
816,7161.050000,0.000000,14322.100000
817,7230.250000,0.000000,14460.500000
818,7290.650000,0.000000,14581.300000
819,7352.050000,0.000000,14704.100000
820,7415.550000,0.000000,14831.100000
821,7474.050000,0.000000,14948.100000
822,7534.600000,0.000000,15069.200000
823,7598.400000,0.000000,15196.800000
824,7664.850000,0.000000,15329.700000
825,7712.000000,0.000000,15424.000000
826,7764.850000,0.000000,15529.700000
827,7816.750000,0.000000,15633.500000
828,7868.800000,0.000000,15737.600000
829,7927.150000,0.000000,15854.300000
830,7994.000000,0.000000,15988.000000
831,8049.100000,0.000000,16098.200000
832,8105.700000,0.000000,16211.400000
833,8177.900000,0.000000,16355.800000
834,8257.050000,0.000000,16514.100000
835,8331.350000,0.000000,16662.700000
836,8388.950000,0.000000,16777.900000
837,8457.600000,0.000000,16915.200000
838,8522.450000,0.000000,17044.900000
839,8584.250000,0.000000,17168.500000
840,8658.200000,0.000000,17316.400000
841,8729.350000,0.000000,17458.700000
842,8799.050000,0.000000,17598.100000
843,8882.150000,0.000000,17764.300000
844,8938.300000,0.000000,17876.600000
845,8996.950000,0.000000,17993.900000
846,9066.550000,0.000000,18133.100000
847,9133.350000,0.000000,18266.700000
848,9194.300000,0.000000,18388.600000
849,9257.050000,0.000000,18514.100000
850,9333.050000,0.000000,18666.100000
851,9412.500000,0.000000,18825.000000
852,9486.650000,0.000000,18973.300000
853,9560.200000,0.000000,19120.400000
854,9622.150000,0.000000,19244.300000
855,9696.350000,0.000000,19392.700000
856,9781.900000,0.000000,19563.800000
857,9855.700000,0.000000,19711.400000
858,9932.250000,0.000000,19864.500000
859,9992.850000,0.000000,19985.700000
860,10062.200000,0.000000,20124.400000
861,10144.550000,0.000000,20289.100000
862,10212.100000,0.000000,20424.200000
863,10308.100000,0.000000,20616.200000
864,10389.100000,0.000000,20778.200000
865,10451.350000,0.000000,20902.700000
866,10528.050000,0.000000,21056.100000
867,10607.250000,0.000000,21214.500000
868,10698.150000,0.000000,21396.300000
869,10766.900000,0.000000,21533.800000
870,10844.000000,0.000000,21688.000000
871,10921.050000,0.000000,21842.100000
872,10993.750000,0.000000,21987.500000
873,11085.300000,0.000000,22170.600000
874,11163.700000,0.000000,22327.400000
875,11243.950000,0.000000,22487.900000
876,11322.150000,0.000000,22644.300000
877,11407.700000,0.000000,22815.400000
878,11479.650000,0.000000,22959.300000
879,11563.500000,0.000000,23127.000000
880,11645.050000,0.000000,23290.100000
881,11705.450000,0.000000,23410.900000
882,11775.750000,0.000000,23551.500000
883,11852.350000,0.000000,23704.700000
884,11955.200000,0.000000,23910.400000
885,12039.650000,0.000000,24079.300000
886,12124.200000,0.000000,24248.400000
887,12209.750000,0.000000,24419.500000
888,12283.250000,0.000000,24566.500000
889,12375.900000,0.000000,24751.800000
890,12456.850000,0.000000,24913.700000
891,12550.750000,0.000000,25101.500000
892,12625.700000,0.000000,25251.400000
893,12715.200000,0.000000,25430.400000
894,12784.800000,0.000000,25569.600000
895,12865.550000,0.000000,25731.100000
896,12955.700000,0.000000,25911.400000
897,13052.250000,0.000000,26104.500000
898,13140.500000,0.000000,26281.000000
899,13235.250000,0.000000,26470.500000
900,13311.400000,0.000000,26622.800000
901,13390.650000,0.000000,26781.300000
902,13464.550000,0.000000,26929.100000
903,13549.150000,0.000000,27098.300000
904,13649.000000,0.000000,27298.000000
905,13731.800000,0.000000,27463.600000
906,13829.900000,0.000000,27659.800000
907,13919.700000,0.000000,27839.400000
908,14014.100000,0.000000,28028.200000
909,14107.850000,0.000000,28215.700000
910,14214.900000,0.000000,28429.800000
911,14327.750000,0.000000,28655.500000
912,14410.200000,0.000000,28820.400000
913,14503.250000,0.000000,29006.500000
914,14614.100000,0.000000,29228.200000
915,14710.850000,0.000000,29421.700000
916,14811.550000,0.000000,29623.100000
917,14912.950000,0.000000,29825.900000
918,15019.750000,0.000000,30039.500000
919,15107.050000,0.000000,30214.100000
920,15233.700000,0.000000,30467.400000
921,15330.150000,0.000000,30660.300000
922,15428.850000,0.000000,30857.700000
923,15534.150000,0.000000,31068.300000
924,15624.700000,0.000000,31249.400000
925,15732.800000,0.000000,31465.600000
926,15837.300000,0.000000,31674.600000
927,15944.450000,0.000000,31888.900000
928,16048.450000,0.000000,32096.900000
929,16132.750000,0.000000,32265.500000
930,16244.900000,0.000000,32489.800000
931,16357.850000,0.000000,32715.700000
932,16449.550000,0.000000,32899.100000
933,16560.800000,0.000000,33121.600000
934,16657.150000,0.000000,33314.300000
935,16760.000000,0.000000,33520.000000
936,16868.900000,0.000000,33737.800000
937,16974.550000,0.000000,33949.100000
938,17090.100000,0.000000,34180.200000
939,17201.350000,0.000000,34402.700000
940,17307.200000,0.000000,34614.400000
941,17420.550000,0.000000,34841.100000
942,17515.250000,0.000000,35030.500000
943,17614.350000,0.000000,35228.700000
944,17704.500000,0.000000,35409.000000
945,17804.850000,0.000000,35609.700000
946,17897.550000,0.000000,35795.100000
947,18008.100000,0.000000,36016.200000
948,18109.250000,0.000000,36218.500000
949,18225.400000,0.000000,36450.800000
950,18342.300000,0.000000,36684.600000
951,18431.200000,0.000000,36862.400000
952,18548.100000,0.000000,37096.200000
953,18668.600000,0.000000,37337.200000
954,18782.050000,0.000000,37564.100000
955,18899.400000,0.000000,37798.800000
956,18999.750000,0.000000,37999.500000
957,19093.750000,0.000000,38187.500000
958,19212.600000,0.000000,38425.200000
959,19338.150000,0.000000,38676.300000
960,19439.950000,0.000000,38879.900000
961,19564.300000,0.000000,39128.600000
962,19670.400000,0.000000,39340.800000
963,19803.000000,0.000000,39606.000000
964,19922.650000,0.000000,39845.300000
965,20041.700000,0.000000,40083.400000
966,20179.750000,0.000000,40359.500000
967,20311.150000,0.000000,40622.300000
968,20422.300000,0.000000,40844.600000
969,20536.450000,0.000000,41072.900000
970,20661.150000,0.000000,41322.300000
971,20793.050000,0.000000,41586.100000
972,20913.050000,0.000000,41826.100000
973,21048.100000,0.000000,42096.200000
974,21138.650000,0.000000,42277.300000
975,21259.000000,0.000000,42518.000000
976,21364.050000,0.000000,42728.100000
977,21488.600000,0.000000,42977.200000
978,21599.350000,0.000000,43198.700000
979,21731.000000,0.000000,43462.000000
980,21859.450000,0.000000,43718.900000
981,21982.450000,0.000000,43964.900000
982,22108.850000,0.000000,44217.700000
983,22239.300000,0.000000,44478.600000
984,22363.500000,0.000000,44727.000000
985,22498.450000,0.000000,44996.900000
986,22603.950000,0.000000,45207.900000
987,22729.950000,0.000000,45459.900000
988,22859.300000,0.000000,45718.600000
989,22985.450000,0.000000,45970.900000
990,23109.650000,0.000000,46219.300000
991,23237.150000,0.000000,46474.300000
992,23362.100000,0.000000,46724.200000
993,23498.900000,0.000000,46997.800000
994,23646.950000,0.000000,47293.900000
995,23788.550000,0.000000,47577.100000
996,23910.900000,0.000000,47821.800000
997,24048.400000,0.000000,48096.800000
998,24180.100000,0.000000,48360.200000
999,24294.250000,0.000000,48588.500000
