#This is a CSV file containing the average TPL, TPU, and Cost values for the UW algorithm with PH path compression.
#The data was generated for n = 1000 and delta = 2.
N,Average TPL,Average TPU
2,2.000000,0.000000
4,4.000000,0.000000
6,6.000000,0.000000
8,8.000000,0.000000
10,10.000000,0.000000
12,12.000000,0.000000
14,14.000000,0.000000
16,16.000000,0.000000
18,18.000000,0.000000
20,20.000000,0.000000
22,22.000000,0.000000
24,24.000000,0.000000
26,26.050000,0.050000
28,28.050000,0.050000
30,30.050000,0.050000
32,32.050000,0.050000
34,34.050000,0.050000
36,36.100000,0.100000
38,38.100000,0.100000
40,40.100000,0.100000
42,42.100000,0.100000
44,44.150000,0.150000
46,46.150000,0.150000
48,48.150000,0.150000
50,50.200000,0.200000
52,52.200000,0.200000
54,54.200000,0.200000
56,56.200000,0.200000
58,58.200000,0.200000
60,60.200000,0.200000
62,62.250000,0.250000
64,64.400000,0.400000
66,66.450000,0.450000
68,68.500000,0.500000
70,70.500000,0.500000
72,72.550000,0.550000
74,74.550000,0.550000
76,76.550000,0.550000
78,78.600000,0.600000
80,80.600000,0.600000
82,82.650000,0.650000
84,84.750000,0.750000
86,86.750000,0.750000
88,88.850000,0.850000
90,90.900000,0.900000
92,92.900000,0.900000
94,94.900000,0.900000
96,97.050000,1.050000
98,99.050000,1.050000
100,101.050000,1.050000
102,103.050000,1.050000
104,105.200000,1.200000
106,107.250000,1.250000
108,109.350000,1.350000
110,111.350000,1.350000
112,113.450000,1.450000
114,115.550000,1.550000
116,117.650000,1.650000
118,119.800000,1.800000
120,121.950000,1.950000
122,124.050000,2.050000
124,126.250000,2.250000
126,128.350000,2.350000
128,130.450000,2.450000
130,132.500000,2.500000
132,134.550000,2.550000
134,136.650000,2.650000
136,138.700000,2.700000
138,140.850000,2.850000
140,142.950000,2.950000
142,145.000000,3.000000
144,147.150000,3.150000
146,149.200000,3.200000
148,151.400000,3.400000
150,153.800000,3.800000
152,156.050000,4.050000
154,158.200000,4.200000
156,160.350000,4.350000
158,162.500000,4.500000
160,164.700000,4.700000
162,166.950000,4.900000
164,169.100000,5.050000
166,171.300000,5.250000
168,173.650000,5.600000
170,175.800000,5.750000
172,178.000000,5.950000
174,180.300000,6.250000
176,182.400000,6.350000
178,184.600000,6.550000
180,186.700000,6.650000
182,188.900000,6.850000
184,191.250000,7.200000
186,193.500000,7.450000
188,195.650000,7.600000
190,197.850000,7.800000
192,200.350000,8.250000
194,202.700000,8.600000
196,204.700000,8.600000
198,207.000000,8.900000
200,209.200000,9.100000
202,211.550000,9.450000
204,213.650000,9.550000
206,215.900000,9.800000
208,218.300000,10.200000
210,220.550000,10.450000
212,222.650000,10.550000
214,225.200000,11.050000
216,227.550000,11.400000
218,229.950000,11.800000
220,232.400000,12.250000
222,234.950000,12.750000
224,237.150000,12.950000
226,239.250000,13.050000
228,241.800000,13.600000
230,243.950000,13.750000
232,246.200000,14.000000
234,248.600000,14.400000
236,250.750000,14.550000
238,253.050000,14.850000
240,255.350000,15.150000
242,257.900000,15.700000
244,260.100000,15.900000
246,262.500000,16.300000
248,264.950000,16.750000
250,267.550000,17.350000
252,269.900000,17.700000
254,272.150000,17.950000
256,274.700000,18.500000
258,277.200000,19.000000
260,280.150000,19.950000
262,282.700000,20.450000
264,285.150000,20.900000
266,287.650000,21.350000
268,290.150000,21.850000
270,292.500000,22.200000
272,295.250000,22.900000
274,298.000000,23.600000
276,300.650000,24.250000
278,303.050000,24.600000
280,305.550000,25.100000
282,308.100000,25.650000
284,310.750000,26.300000
286,313.150000,26.700000
288,315.700000,27.250000
290,318.050000,27.600000
292,320.450000,28.000000
294,323.150000,28.700000
296,326.250000,29.700000
298,329.300000,30.750000
300,331.650000,31.100000
302,334.400000,31.900000
304,336.850000,32.350000
306,339.400000,32.900000
308,341.800000,33.300000
310,344.350000,33.850000
312,347.000000,34.450000
314,349.300000,34.750000
316,353.050000,36.200000
318,355.950000,37.000000
320,359.050000,38.100000
322,361.700000,38.750000
324,364.050000,39.100000
326,366.850000,39.900000
328,369.000000,40.050000
330,371.500000,40.550000
332,374.500000,41.500000
334,377.750000,42.700000
336,380.300000,43.250000
338,382.800000,43.750000
340,385.500000,44.450000
342,388.100000,45.050000
344,390.800000,45.800000
346,394.050000,46.950000
348,396.650000,47.550000
350,399.800000,48.650000
352,403.100000,49.900000
354,405.650000,50.500000
356,408.450000,51.200000
358,410.750000,51.600000
360,413.850000,52.650000
362,417.450000,53.950000
364,420.850000,55.100000
366,423.250000,55.500000
368,425.900000,56.150000
370,429.550000,57.650000
372,433.000000,58.900000
374,436.400000,60.250000
376,439.050000,60.850000
378,442.500000,62.100000
380,445.700000,63.300000
382,448.400000,64.000000
384,451.500000,65.000000
386,454.700000,66.050000
388,458.150000,67.250000
390,461.300000,68.300000
392,465.100000,69.650000
394,468.200000,70.700000
396,471.700000,71.800000
398,475.500000,73.250000
400,479.800000,75.250000
402,483.050000,76.400000
404,486.650000,77.750000
406,490.250000,79.050000
408,493.850000,80.400000
410,496.950000,81.400000
412,500.800000,83.000000
414,504.300000,84.450000
416,508.150000,86.100000
418,512.200000,87.850000
420,515.500000,89.000000
422,519.650000,91.000000
424,523.850000,93.050000
426,527.950000,94.700000
428,531.350000,95.950000
430,536.000000,98.200000
432,539.100000,99.200000
434,542.150000,100.250000
436,545.000000,101.000000
438,548.900000,102.600000
440,552.150000,103.750000
442,556.200000,105.350000
444,559.400000,106.350000
446,562.950000,107.850000
448,567.400000,109.850000
450,570.700000,111.000000
452,574.700000,112.500000
454,579.350000,114.400000
456,584.050000,116.500000
458,588.150000,118.250000
460,593.150000,120.350000
462,596.250000,121.350000
464,601.800000,123.850000
466,605.050000,124.900000
468,609.850000,127.000000
470,614.300000,129.000000
472,617.950000,130.550000
474,621.250000,131.600000
476,626.500000,133.250000
478,630.150000,134.650000
480,633.950000,136.250000
482,638.450000,137.750000
484,643.100000,139.400000
486,646.350000,140.650000
488,651.500000,143.050000
490,656.900000,145.600000
492,661.050000,147.750000
494,668.000000,151.000000
496,672.400000,152.700000
498,675.650000,153.950000
500,679.700000,155.650000
502,684.550000,157.900000
504,691.550000,161.650000
506,696.300000,163.950000
508,701.350000,166.550000
510,705.850000,168.250000
512,711.850000,171.200000
514,716.700000,172.900000
516,729.550000,179.250000
518,734.400000,181.400000
520,739.700000,184.100000
522,744.850000,186.650000
524,748.800000,188.300000
526,758.250000,193.050000
528,770.400000,198.900000
530,774.450000,200.550000
532,781.150000,203.400000
534,788.600000,207.300000
536,791.500000,208.200000
538,795.250000,209.550000
540,804.500000,213.950000
542,812.200000,217.350000
544,823.450000,222.550000
546,832.550000,227.300000
548,837.900000,229.800000
550,846.800000,233.750000
552,851.000000,235.750000
554,860.550000,240.100000
556,871.500000,245.500000
558,877.200000,248.550000
560,894.050000,256.750000
562,898.800000,259.050000
564,904.000000,261.950000
566,911.800000,265.400000
568,921.400000,270.550000
570,933.700000,276.550000
572,940.300000,280.250000
574,945.800000,282.600000
576,951.400000,285.150000
578,961.900000,289.450000
580,973.650000,295.400000
582,982.950000,299.650000
584,991.900000,303.400000
586,996.050000,305.450000
588,1001.050000,307.900000
590,1013.800000,313.900000
592,1020.950000,317.850000
594,1025.800000,320.150000
596,1031.000000,322.850000
598,1035.850000,325.250000
600,1047.250000,330.950000
602,1057.100000,335.850000
604,1063.500000,339.750000
606,1066.100000,340.850000
608,1070.200000,343.000000
610,1078.650000,347.350000
612,1084.250000,350.350000
614,1094.650000,355.300000
616,1099.200000,357.850000
618,1105.100000,361.200000
620,1110.900000,364.350000
622,1119.850000,368.800000
624,1126.050000,372.100000
626,1130.700000,374.550000
628,1133.600000,375.850000
630,1141.150000,379.450000
632,1152.400000,384.550000
634,1160.250000,388.350000
636,1171.350000,394.000000
638,1175.350000,395.900000
640,1180.000000,398.400000
642,1184.850000,400.700000
644,1198.700000,407.050000
646,1201.950000,408.700000
648,1205.800000,411.000000
650,1211.750000,414.200000
652,1217.900000,417.450000
654,1222.100000,419.900000
656,1226.450000,421.850000
658,1232.250000,425.000000
660,1235.250000,426.800000
662,1238.500000,428.400000
664,1240.450000,429.150000
666,1244.800000,431.100000
668,1252.550000,434.450000
670,1255.350000,436.050000
672,1257.950000,437.300000
674,1261.050000,439.150000
676,1265.200000,441.000000
678,1267.850000,442.150000
680,1272.850000,444.350000
682,1276.350000,446.300000
684,1278.550000,447.700000
686,1283.500000,450.400000
688,1288.550000,453.250000
690,1292.800000,455.650000
692,1296.650000,457.700000
694,1300.200000,459.250000
696,1302.650000,460.650000
698,1304.300000,461.100000
700,1307.800000,463.150000
702,1310.050000,464.350000
704,1314.450000,466.700000
706,1317.250000,468.150000
708,1319.300000,469.000000
710,1324.550000,471.700000
712,1330.450000,475.100000
714,1335.200000,478.000000
716,1337.750000,479.450000
718,1339.600000,480.400000
720,1343.500000,482.500000
722,1345.950000,483.550000
724,1347.850000,484.550000
726,1353.550000,487.400000
728,1355.600000,488.300000
730,1359.450000,490.600000
732,1362.500000,492.200000
734,1365.550000,494.050000
736,1369.450000,495.800000
738,1372.900000,497.400000
740,1375.300000,498.600000
742,1377.050000,499.450000
744,1380.950000,501.950000
746,1384.350000,503.800000
748,1387.450000,505.500000
750,1390.400000,507.250000
752,1392.450000,508.300000
754,1393.650000,508.700000
756,1395.800000,510.000000
758,1398.700000,512.050000
760,1400.800000,513.400000
762,1401.950000,514.250000
764,1403.950000,515.300000
766,1405.850000,516.250000
768,1408.900000,518.150000
770,1410.550000,519.000000
772,1412.750000,520.650000
774,1414.550000,521.750000
776,1416.900000,523.100000
778,1419.000000,524.200000
780,1420.450000,524.900000
782,1421.800000,526.050000
784,1423.950000,527.100000
786,1425.400000,527.950000
788,1426.800000,528.350000
790,1428.250000,529.200000
792,1429.750000,529.900000
794,1431.300000,530.600000
796,1433.100000,531.300000
798,1434.950000,532.400000
800,1436.500000,533.250000
802,1440.800000,535.300000
804,1443.000000,536.550000
806,1443.200000,536.450000
808,1444.650000,537.300000
810,1445.500000,537.550000
812,1447.450000,538.700000
814,1450.750000,540.350000
816,1453.700000,541.700000
818,1456.000000,543.200000
820,1457.200000,543.900000
822,1457.300000,543.850000
824,1459.050000,545.250000
826,1460.100000,545.850000
828,1461.650000,546.600000
830,1462.750000,547.000000
832,1464.900000,548.100000
834,1465.900000,548.350000
836,1467.100000,548.850000
838,1468.900000,549.850000
840,1469.950000,550.350000
842,1471.300000,551.150000
844,1472.600000,551.550000
846,1474.450000,552.500000
848,1476.300000,553.700000
850,1476.900000,554.100000
852,1478.300000,555.050000
854,1479.250000,555.600000
856,1480.300000,556.000000
858,1481.850000,556.850000
860,1483.000000,557.350000
862,1484.500000,558.200000
864,1486.500000,559.200000
866,1486.850000,559.400000
868,1488.550000,560.200000
870,1490.300000,561.000000
872,1490.550000,561.100000
874,1492.800000,562.150000
876,1493.750000,562.500000
878,1495.700000,563.850000
880,1497.000000,564.550000
882,1497.600000,564.900000
884,1498.600000,565.300000
886,1500.000000,566.200000
888,1500.450000,566.300000
890,1501.500000,566.850000
892,1502.750000,567.300000
894,1503.400000,567.450000
896,1504.350000,567.950000
898,1505.850000,568.850000
900,1507.150000,569.300000
902,1507.950000,569.750000
904,1508.750000,570.300000
906,1509.950000,570.750000
908,1510.700000,571.300000
910,1512.300000,572.450000
912,1513.650000,572.950000
914,1514.450000,573.300000
916,1515.950000,574.100000
918,1516.550000,574.300000
920,1517.050000,574.450000
922,1517.850000,575.050000
924,1518.450000,575.100000
926,1519.800000,576.000000
928,1520.500000,576.450000
930,1521.250000,576.950000
932,1521.950000,577.250000
934,1522.900000,577.650000
936,1523.250000,578.050000
938,1523.950000,578.400000
940,1525.150000,579.250000
942,1526.550000,579.950000
944,1527.600000,580.550000
946,1528.100000,580.850000
948,1528.800000,581.100000
950,1528.700000,581.100000
952,1529.250000,581.300000
954,1529.650000,581.350000
956,1531.150000,582.150000
958,1531.700000,582.350000
960,1531.450000,582.450000
962,1532.250000,582.900000
964,1533.400000,583.650000
966,1533.550000,584.000000
968,1534.800000,584.600000
970,1536.000000,585.400000
972,1537.700000,586.150000
974,1538.350000,586.500000
976,1539.250000,586.950000
978,1539.900000,587.150000
980,1541.000000,587.600000
982,1542.300000,588.150000
984,1543.500000,589.000000
986,1544.200000,589.450000
988,1545.100000,589.800000
990,1545.550000,590.000000
992,1546.150000,590.300000
994,1546.400000,590.400000
996,1546.750000,590.650000
998,1546.800000,590.750000
1000,1548.050000,591.450000
1002,1548.500000,591.500000
1004,1549.100000,591.600000
1006,1549.950000,592.000000
1008,1550.500000,592.400000
1010,1551.100000,592.600000
1012,1551.450000,592.800000
1014,1552.450000,593.200000
1016,1553.000000,593.400000
1018,1553.500000,593.500000
1020,1554.000000,593.750000
1022,1554.150000,593.750000
1024,1554.600000,594.050000
1026,1554.700000,594.050000
1028,1555.750000,594.650000
1030,1556.650000,595.100000
1032,1557.350000,595.550000
1034,1557.500000,595.750000
1036,1558.200000,596.050000
1038,1558.950000,596.400000
1040,1560.200000,596.750000
1042,1560.250000,596.900000
1044,1560.400000,597.100000
1046,1561.500000,597.500000
1048,1561.950000,597.750000
1050,1562.250000,597.900000
1052,1562.150000,597.950000
1054,1562.850000,598.150000
1056,1563.000000,598.250000
1058,1564.100000,598.850000
1060,1564.300000,598.750000
1062,1565.050000,599.100000
1064,1565.500000,599.300000
1066,1566.150000,599.600000
1068,1566.600000,599.800000
1070,1567.600000,600.500000
1072,1568.200000,600.750000
1074,1568.550000,600.800000
1076,1568.450000,600.850000
1078,1568.650000,600.750000
1080,1568.800000,600.800000
1082,1569.200000,601.150000
1084,1569.350000,601.150000
1086,1569.800000,601.300000
1088,1570.000000,601.550000
1090,1570.250000,601.750000
1092,1570.350000,601.800000
1094,1571.050000,602.150000
1096,1571.150000,602.150000
1098,1571.550000,602.400000
1100,1571.550000,602.500000
1102,1572.000000,602.750000
1104,1572.300000,602.850000
1106,1572.750000,603.150000
1108,1572.950000,603.200000
1110,1573.100000,603.400000
1112,1573.350000,603.600000
1114,1573.900000,603.750000
1116,1574.600000,604.250000
1118,1575.150000,604.500000
1120,1575.600000,604.700000
1122,1576.050000,604.850000
1124,1576.500000,605.000000
1126,1577.250000,605.300000
1128,1577.700000,605.450000
1130,1577.800000,605.500000
1132,1578.400000,605.600000
1134,1578.850000,605.650000
1136,1579.300000,606.000000
1138,1579.950000,606.250000
1140,1579.950000,606.300000
1142,1580.150000,606.400000
1144,1580.900000,606.950000
1146,1581.850000,607.500000
1148,1582.150000,607.650000
1150,1582.750000,608.150000
1152,1583.250000,608.300000
1154,1583.350000,608.450000
1156,1583.950000,608.650000
1158,1584.400000,608.850000
1160,1584.650000,609.050000
1162,1584.850000,609.050000
1164,1585.400000,609.250000
1166,1586.100000,609.650000
1168,1587.150000,610.150000
1170,1587.300000,610.300000
1172,1587.550000,610.500000
1174,1587.800000,610.600000
1176,1587.950000,610.850000
1178,1588.750000,611.350000
1180,1588.750000,611.350000
1182,1589.100000,611.500000
1184,1589.200000,611.500000
1186,1589.600000,611.750000
1188,1589.550000,611.750000
1190,1589.950000,611.950000
1192,1590.250000,612.050000
1194,1590.650000,612.300000
1196,1590.700000,612.350000
1198,1590.500000,612.300000
1200,1590.500000,612.400000
1202,1591.300000,612.900000
1204,1591.900000,613.050000
1206,1592.350000,613.150000
1208,1592.500000,613.350000
1210,1593.150000,613.600000
1212,1593.050000,613.550000
1214,1593.000000,613.600000
1216,1593.400000,613.750000
1218,1593.550000,613.750000
1220,1593.850000,613.750000
1222,1594.000000,613.700000
1224,1593.900000,613.750000
1226,1594.000000,613.850000
1228,1594.300000,613.900000
1230,1594.700000,614.050000
1232,1594.750000,613.950000
1234,1595.400000,614.350000
1236,1595.700000,614.450000
1238,1595.950000,614.400000
1240,1595.450000,614.200000
1242,1596.000000,614.500000
1244,1595.850000,614.550000
1246,1595.950000,614.550000
1248,1596.100000,614.650000
1250,1595.800000,614.700000
1252,1595.650000,614.700000
1254,1595.950000,614.800000
1256,1596.350000,615.050000
1258,1596.750000,615.100000
1260,1597.250000,615.350000
1262,1597.850000,615.750000
1264,1597.650000,615.650000
1266,1597.500000,615.700000
1268,1597.400000,615.850000
1270,1598.250000,616.300000
1272,1597.750000,616.100000
1274,1597.800000,616.100000
1276,1598.050000,616.200000
1278,1598.300000,616.350000
1280,1598.500000,616.350000
1282,1598.750000,616.350000
1284,1598.450000,616.500000
1286,1598.900000,616.550000
1288,1599.050000,616.600000
1290,1599.350000,616.650000
1292,1599.450000,616.750000
1294,1599.950000,616.950000
1296,1600.200000,617.100000
1298,1600.650000,617.150000
1300,1601.250000,617.350000
1302,1601.250000,617.400000
1304,1601.550000,617.450000
1306,1601.900000,617.550000
1308,1602.150000,617.600000
1310,1602.200000,617.700000
1312,1602.300000,617.800000
1314,1602.250000,617.750000
1316,1602.600000,617.950000
1318,1602.600000,618.000000
1320,1602.650000,618.050000
1322,1603.200000,618.250000
1324,1603.300000,618.350000
1326,1603.650000,618.350000
1328,1603.400000,618.250000
1330,1603.500000,618.300000
1332,1603.450000,618.300000
1334,1604.100000,618.550000
1336,1604.500000,618.750000
1338,1604.600000,618.850000
1340,1604.650000,618.850000
1342,1604.900000,618.900000
1344,1605.100000,618.950000
1346,1604.800000,618.950000
1348,1604.850000,618.950000
1350,1604.850000,619.000000
1352,1604.900000,619.000000
1354,1605.250000,619.050000
1356,1605.700000,619.150000
1358,1605.700000,619.200000
1360,1605.950000,619.200000
1362,1606.150000,619.200000
1364,1606.500000,619.300000
1366,1606.800000,619.400000
1368,1606.850000,619.450000
1370,1607.100000,619.450000
1372,1607.050000,619.500000
1374,1607.150000,619.600000
1376,1607.000000,619.550000
1378,1607.150000,619.550000
1380,1606.950000,619.500000
1382,1607.200000,619.600000
1384,1607.700000,619.650000
1386,1607.700000,619.750000
1388,1607.650000,619.800000
1390,1607.900000,619.850000
1392,1607.950000,620.000000
1394,1608.250000,620.100000
1396,1608.150000,620.050000
1398,1607.950000,620.050000
1400,1607.950000,620.000000
1402,1608.100000,620.100000
1404,1608.500000,620.250000
1406,1608.450000,620.250000
1408,1608.900000,620.300000
1410,1609.000000,620.250000
1412,1608.950000,620.250000
1414,1609.050000,620.150000
1416,1609.200000,620.250000
1418,1609.000000,620.250000
1420,1609.100000,620.250000
1422,1609.000000,620.250000
1424,1609.000000,620.200000
1426,1609.050000,620.200000
1428,1609.150000,620.350000
1430,1609.400000,620.450000
1432,1609.700000,620.600000
1434,1609.900000,620.600000
1436,1609.700000,620.650000
1438,1609.850000,620.750000
1440,1609.700000,620.800000
1442,1609.950000,620.950000
1444,1610.300000,621.100000
1446,1610.750000,621.150000
1448,1610.750000,621.200000
1450,1610.450000,621.200000
1452,1610.950000,621.450000
1454,1611.100000,621.550000
1456,1611.200000,621.650000
1458,1611.250000,621.750000
1460,1611.500000,621.750000
1462,1611.450000,621.700000
1464,1611.450000,621.800000
1466,1611.400000,621.800000
1468,1611.150000,621.850000
1470,1611.150000,621.900000
1472,1611.200000,621.900000
1474,1611.200000,621.900000
1476,1611.200000,621.900000
1478,1611.400000,621.900000
1480,1611.750000,621.900000
1482,1612.050000,622.050000
1484,1612.400000,622.100000
1486,1612.450000,622.100000
1488,1612.700000,622.050000
1490,1612.800000,622.100000
1492,1612.850000,622.250000
1494,1612.950000,622.250000
1496,1613.000000,622.250000
1498,1613.000000,622.250000
1500,1612.750000,622.250000
1502,1613.000000,622.350000
1504,1612.950000,622.300000
1506,1612.850000,622.350000
1508,1613.000000,622.450000
1510,1613.050000,622.450000
1512,1613.150000,622.500000
1514,1613.400000,622.600000
1516,1613.550000,622.650000
1518,1613.850000,622.700000
1520,1613.650000,622.700000
1522,1613.700000,622.700000
1524,1613.750000,622.750000
1526,1613.700000,622.750000
1528,1613.850000,622.750000
1530,1614.100000,622.750000
1532,1614.300000,622.850000
1534,1614.250000,622.850000
1536,1614.350000,622.900000
1538,1614.300000,622.900000
1540,1614.350000,622.900000
1542,1614.300000,622.900000
1544,1614.250000,622.900000
1546,1614.250000,623.000000
1548,1614.250000,623.000000
1550,1614.550000,623.150000
1552,1614.550000,623.150000
1554,1614.550000,623.100000
1556,1614.450000,623.100000
1558,1614.750000,623.250000
1560,1614.650000,623.200000
1562,1614.750000,623.200000
1564,1614.950000,623.200000
1566,1614.950000,623.200000
1568,1615.050000,623.250000
1570,1615.200000,623.350000
1572,1615.100000,623.300000
1574,1615.150000,623.300000
1576,1615.300000,623.400000
1578,1615.300000,623.400000
1580,1615.350000,623.400000
1582,1615.400000,623.500000
1584,1615.200000,623.500000
1586,1615.000000,623.500000
1588,1615.250000,623.700000
1590,1615.450000,623.850000
1592,1615.550000,623.850000
1594,1615.700000,623.850000
1596,1615.600000,623.900000
1598,1615.800000,623.950000
1600,1615.800000,623.950000
1602,1616.100000,624.000000
1604,1616.200000,624.100000
1606,1616.450000,624.150000
1608,1616.300000,624.150000
1610,1616.450000,624.150000
1612,1616.550000,624.200000
1614,1616.550000,624.200000
1616,1616.550000,624.200000
1618,1616.750000,624.250000
1620,1616.800000,624.250000
1622,1617.050000,624.250000
1624,1617.000000,624.250000
1626,1616.900000,624.300000
1628,1616.950000,624.300000
1630,1617.100000,624.250000
1632,1616.900000,624.250000
1634,1616.950000,624.300000
1636,1617.250000,624.400000
1638,1617.100000,624.350000
1640,1617.150000,624.350000
1642,1617.000000,624.300000
1644,1616.800000,624.300000
1646,1617.000000,624.300000
1648,1616.850000,624.300000
1650,1617.000000,624.400000
1652,1617.000000,624.350000
1654,1617.200000,624.450000
1656,1617.400000,624.450000
1658,1617.350000,624.450000
1660,1617.800000,624.650000
1662,1617.700000,624.650000
1664,1618.200000,624.750000
1666,1618.200000,624.750000
1668,1618.100000,624.750000
1670,1618.100000,624.750000
1672,1618.150000,624.850000
1674,1618.100000,624.850000
1676,1618.200000,624.900000
1678,1618.250000,624.900000
1680,1618.000000,624.900000
1682,1618.100000,624.900000
1684,1618.200000,624.950000
1686,1618.300000,624.950000
1688,1618.400000,624.900000
1690,1618.500000,625.050000
1692,1618.500000,625.000000
1694,1618.550000,625.000000
1696,1618.650000,625.000000
1698,1618.800000,625.000000
1700,1618.950000,625.000000
1702,1618.850000,625.000000
1704,1619.250000,625.200000
1706,1619.250000,625.200000
1708,1619.450000,625.250000
1710,1619.350000,625.250000
1712,1619.400000,625.250000
1714,1619.550000,625.250000
1716,1619.600000,625.250000
1718,1619.650000,625.250000
1720,1619.700000,625.250000
1722,1619.950000,625.350000
1724,1620.050000,625.350000
1726,1620.050000,625.350000
1728,1620.100000,625.400000
1730,1620.050000,625.350000
1732,1620.150000,625.350000
1734,1620.100000,625.350000
1736,1620.050000,625.350000
1738,1620.250000,625.400000
1740,1620.050000,625.400000
1742,1620.100000,625.400000
1744,1620.150000,625.400000
1746,1620.100000,625.400000
1748,1620.150000,625.450000
1750,1620.250000,625.450000
1752,1620.400000,625.450000
1754,1620.300000,625.450000
1756,1620.200000,625.450000
1758,1620.100000,625.450000
1760,1620.200000,625.450000
1762,1620.400000,625.450000
1764,1620.350000,625.450000
1766,1620.300000,625.450000
1768,1620.450000,625.450000
1770,1620.350000,625.450000
1772,1620.450000,625.500000
1774,1620.450000,625.500000
1776,1620.500000,625.500000
1778,1620.600000,625.500000
1780,1620.600000,625.500000
1782,1620.600000,625.550000
1784,1620.800000,625.550000
1786,1620.950000,625.550000
1788,1621.000000,625.550000
1790,1621.100000,625.550000
1792,1621.050000,625.500000
1794,1621.300000,625.500000
1796,1621.400000,625.550000
1798,1621.400000,625.550000
1800,1621.500000,625.600000
1802,1621.600000,625.600000
1804,1621.500000,625.600000
1806,1621.650000,625.600000
1808,1621.800000,625.650000
1810,1621.950000,625.650000
1812,1622.000000,625.650000
1814,1622.200000,625.750000
1816,1622.200000,625.750000
1818,1622.150000,625.750000
1820,1622.250000,625.750000
1822,1622.400000,625.800000
1824,1622.650000,625.800000
1826,1622.750000,625.800000
1828,1622.750000,625.800000
1830,1622.950000,625.850000
1832,1622.900000,625.850000
1834,1622.900000,625.850000
1836,1623.100000,625.850000
1838,1623.100000,625.850000
1840,1623.200000,625.850000
1842,1623.150000,625.850000
1844,1623.150000,625.850000
1846,1623.250000,625.900000
1848,1623.250000,625.900000
1850,1623.100000,625.900000
1852,1622.950000,625.850000
1854,1623.050000,625.850000
1856,1623.150000,625.850000
1858,1623.200000,625.850000
1860,1623.100000,625.900000
1862,1623.200000,625.900000
1864,1623.150000,625.900000
1866,1623.100000,625.850000
1868,1623.250000,625.900000
1870,1623.200000,625.900000
1872,1623.400000,625.950000
1874,1623.450000,625.950000
1876,1623.500000,625.900000
1878,1623.350000,625.900000
1880,1623.350000,625.900000
1882,1623.400000,625.900000
1884,1623.450000,625.900000
1886,1623.500000,625.900000
1888,1623.400000,625.900000
1890,1623.350000,625.900000
1892,1623.250000,625.900000
1894,1623.150000,625.900000
1896,1623.350000,625.950000
1898,1623.250000,625.950000
1900,1623.450000,626.000000
1902,1623.500000,626.000000
1904,1623.500000,626.000000
1906,1623.450000,626.000000
1908,1623.400000,626.000000
1910,1623.500000,626.000000
1912,1623.550000,626.000000
1914,1623.600000,626.000000
1916,1623.800000,626.000000
1918,1623.650000,626.000000
1920,1623.650000,626.000000
1922,1623.850000,626.100000
1924,1623.850000,626.100000
1926,1623.750000,626.100000
1928,1623.650000,626.100000
1930,1623.550000,626.100000
1932,1623.600000,626.100000
1934,1623.650000,626.100000
1936,1623.400000,626.000000
1938,1623.300000,626.000000
1940,1623.200000,626.000000
1942,1623.150000,626.000000
1944,1623.050000,626.000000
1946,1623.000000,626.000000
1948,1623.000000,626.000000
1950,1622.950000,626.000000
1952,1622.900000,626.000000
1954,1623.000000,626.000000
1956,1622.900000,626.000000
1958,1622.950000,626.000000
1960,1622.900000,626.000000
1962,1622.900000,626.000000
1964,1622.950000,626.000000
1966,1622.950000,626.000000
1968,1623.000000,626.000000
1970,1623.200000,626.100000
1972,1623.350000,626.150000
1974,1623.550000,626.150000
1976,1623.600000,626.150000
1978,1623.650000,626.150000
1980,1623.550000,626.150000
1982,1623.750000,626.200000
1984,1623.750000,626.200000
1986,1623.650000,626.200000
1988,1623.650000,626.150000
1990,1623.550000,626.150000
1992,1623.500000,626.150000
1994,1623.550000,626.150000
1996,1623.550000,626.150000
1998,1623.500000,626.150000
2000,1623.550000,626.150000
2002,1623.650000,626.150000
2004,1623.450000,626.150000
2006,1623.450000,626.150000
2008,1623.400000,626.150000
2010,1623.600000,626.150000
2012,1623.550000,626.150000
2014,1623.400000,626.150000
2016,1623.200000,626.150000
2018,1623.200000,626.150000
2020,1623.300000,626.200000
2022,1623.400000,626.200000
2024,1623.500000,626.200000
2026,1623.450000,626.200000
2028,1623.400000,626.200000
2030,1623.450000,626.200000
2032,1623.450000,626.200000
2034,1623.700000,626.400000
2036,1623.650000,626.400000
2038,1623.800000,626.450000
2040,1623.900000,626.450000
2042,1623.750000,626.450000
2044,1623.850000,626.450000
2046,1623.800000,626.450000
2048,1623.850000,626.450000
2050,1623.850000,626.450000
2052,1623.900000,626.450000
2054,1624.100000,626.450000
2056,1624.000000,626.450000
2058,1623.950000,626.450000
2060,1624.000000,626.450000
2062,1623.900000,626.450000
2064,1623.950000,626.450000
2066,1623.900000,626.450000
2068,1623.950000,626.450000
2070,1624.100000,626.500000
2072,1624.150000,626.500000
2074,1624.200000,626.500000
2076,1624.300000,626.500000
2078,1624.300000,626.500000
2080,1624.300000,626.500000
2082,1624.300000,626.500000
2084,1624.300000,626.500000
2086,1624.250000,626.500000
2088,1624.150000,626.500000
2090,1624.200000,626.500000
2092,1624.200000,626.500000
2094,1624.350000,626.500000
2096,1624.400000,626.500000
2098,1624.450000,626.500000
2100,1624.500000,626.500000
2102,1624.650000,626.500000
2104,1624.600000,626.450000
2106,1624.600000,626.450000
2108,1624.650000,626.450000
2110,1624.700000,626.450000
2112,1624.600000,626.450000
2114,1624.500000,626.450000
2116,1624.500000,626.450000
2118,1624.500000,626.450000
2120,1624.600000,626.450000
2122,1624.450000,626.450000
2124,1624.450000,626.450000
2126,1624.500000,626.500000
2128,1624.450000,626.500000
2130,1624.500000,626.500000
2132,1624.550000,626.500000
2134,1624.650000,626.500000
2136,1624.750000,626.500000
2138,1624.750000,626.500000
2140,1624.750000,626.500000
2142,1624.850000,626.500000
2144,1624.950000,626.500000
2146,1624.950000,626.500000
2148,1625.050000,626.500000
2150,1625.050000,626.500000
2152,1624.900000,626.500000
2154,1624.900000,626.500000
2156,1624.800000,626.500000
2158,1624.850000,626.500000
2160,1624.950000,626.500000
2162,1624.950000,626.500000
2164,1625.000000,626.500000
2166,1625.000000,626.500000
2168,1624.900000,626.500000
2170,1624.900000,626.500000
2172,1624.950000,626.500000
2174,1624.900000,626.500000
2176,1625.100000,626.550000
2178,1625.250000,626.550000
2180,1625.250000,626.550000
2182,1625.450000,626.550000
2184,1625.450000,626.550000
2186,1625.500000,626.550000
2188,1625.600000,626.550000
2190,1625.650000,626.550000
2192,1625.650000,626.500000
2194,1625.750000,626.500000
2196,1625.800000,626.500000
2198,1625.650000,626.500000
2200,1625.500000,626.500000
2202,1625.500000,626.500000
2204,1625.400000,626.500000
2206,1625.500000,626.550000
2208,1625.450000,626.550000
2210,1625.450000,626.550000
2212,1625.450000,626.550000
2214,1625.400000,626.550000
2216,1625.400000,626.550000
2218,1625.350000,626.550000
2220,1625.450000,626.550000
2222,1625.400000,626.550000
2224,1625.450000,626.550000
2226,1625.450000,626.550000
2228,1625.600000,626.550000
2230,1625.700000,626.600000
2232,1625.800000,626.600000
2234,1625.900000,626.600000
2236,1625.850000,626.600000
2238,1625.750000,626.600000
2240,1625.700000,626.600000
2242,1625.700000,626.600000
2244,1625.750000,626.600000
2246,1625.550000,626.600000
2248,1625.500000,626.600000
2250,1625.500000,626.600000
2252,1625.500000,626.600000
2254,1625.550000,626.600000
2256,1625.450000,626.600000
2258,1625.500000,626.600000
2260,1625.550000,626.600000
2262,1625.650000,626.600000
2264,1625.600000,626.600000
2266,1625.550000,626.600000
2268,1625.400000,626.600000
2270,1625.350000,626.600000
2272,1625.300000,626.600000
2274,1625.400000,626.600000
2276,1625.450000,626.600000
2278,1625.500000,626.600000
2280,1625.600000,626.600000
2282,1625.550000,626.600000
2284,1625.500000,626.600000
2286,1625.600000,626.600000
2288,1625.650000,626.600000
2290,1625.600000,626.600000
2292,1625.550000,626.600000
2294,1625.550000,626.600000
2296,1625.550000,626.600000
2298,1625.500000,626.600000
2300,1625.600000,626.600000
2302,1625.600000,626.600000
2304,1625.700000,626.600000
2306,1625.750000,626.600000
2308,1625.750000,626.600000
2310,1625.800000,626.600000
2312,1625.850000,626.600000
2314,1625.900000,626.600000
2316,1625.850000,626.600000
2318,1625.850000,626.600000
2320,1625.800000,626.600000
2322,1625.800000,626.600000
2324,1625.850000,626.600000
2326,1625.850000,626.600000
2328,1625.900000,626.600000
2330,1625.900000,626.600000
2332,1625.850000,626.600000
2334,1625.800000,626.600000
2336,1625.850000,626.600000
2338,1625.850000,626.600000
2340,1625.850000,626.600000
2342,1625.900000,626.600000
2344,1625.950000,626.600000
2346,1625.950000,626.600000
2348,1625.950000,626.600000
2350,1625.900000,626.600000
2352,1625.750000,626.600000
2354,1625.750000,626.600000
2356,1625.700000,626.600000
2358,1625.650000,626.600000
2360,1625.700000,626.600000
2362,1625.600000,626.600000
2364,1625.650000,626.600000
2366,1625.600000,626.600000
2368,1625.600000,626.600000
2370,1625.600000,626.600000
2372,1625.600000,626.600000
2374,1625.650000,626.600000
2376,1625.700000,626.600000
2378,1625.750000,626.600000
2380,1625.700000,626.600000
2382,1625.700000,626.600000
2384,1625.650000,626.600000
2386,1625.650000,626.600000
2388,1625.650000,626.600000
2390,1625.600000,626.600000
2392,1625.600000,626.600000
2394,1625.500000,626.600000
2396,1625.450000,626.600000
2398,1625.500000,626.600000
2400,1625.600000,626.600000
2402,1625.700000,626.600000
2404,1625.700000,626.600000
2406,1625.650000,626.600000
2408,1625.650000,626.600000
2410,1625.750000,626.600000
2412,1625.700000,626.600000
2414,1625.750000,626.600000
2416,1625.750000,626.600000
2418,1625.750000,626.600000
2420,1625.750000,626.600000
2422,1625.650000,626.600000
2424,1625.650000,626.600000
2426,1625.550000,626.600000
2428,1625.500000,626.600000
2430,1625.550000,626.600000
2432,1625.600000,626.600000
2434,1625.600000,626.600000
2436,1625.450000,626.600000
2438,1625.500000,626.600000
2440,1625.450000,626.600000
2442,1625.450000,626.600000
2444,1625.450000,626.600000
2446,1625.350000,626.600000
2448,1625.350000,626.600000
2450,1625.350000,626.600000
2452,1625.300000,626.600000
2454,1625.300000,626.600000
2456,1625.350000,626.600000
2458,1625.300000,626.600000
2460,1625.300000,626.600000
2462,1625.250000,626.600000
2464,1625.250000,626.600000
2466,1625.250000,626.600000
2468,1625.150000,626.600000
2470,1625.100000,626.600000
2472,1625.050000,626.600000
2474,1625.100000,626.600000
2476,1625.250000,626.600000
2478,1625.250000,626.600000
2480,1625.350000,626.600000
2482,1625.300000,626.600000
2484,1625.200000,626.600000
2486,1625.200000,626.600000
2488,1625.150000,626.600000
2490,1625.200000,626.600000
2492,1625.200000,626.600000
2494,1625.250000,626.600000
2496,1625.250000,626.600000
2498,1625.350000,626.600000
2500,1625.350000,626.600000
2502,1625.400000,626.600000
2504,1625.350000,626.600000
2506,1625.300000,626.600000
2508,1625.300000,626.600000
2510,1625.200000,626.600000
2512,1625.200000,626.600000
2514,1625.150000,626.600000
2516,1625.050000,626.550000
2518,1625.050000,626.550000
2520,1625.100000,626.550000
2522,1625.100000,626.550000
2524,1625.100000,626.550000
2526,1625.150000,626.550000
2528,1625.150000,626.550000
2530,1625.100000,626.550000
2532,1625.100000,626.550000
2534,1625.100000,626.550000
2536,1625.100000,626.550000
2538,1625.100000,626.550000
2540,1625.100000,626.550000
2542,1625.150000,626.550000
2544,1625.000000,626.550000
2546,1625.000000,626.550000
2548,1625.000000,626.550000
2550,1625.000000,626.550000
2552,1625.000000,626.550000
2554,1624.950000,626.550000
2556,1624.950000,626.550000
2558,1625.050000,626.550000
2560,1625.050000,626.550000
2562,1625.000000,626.550000
2564,1625.000000,626.550000
2566,1625.000000,626.550000
2568,1625.000000,626.550000
2570,1624.950000,626.550000
2572,1625.000000,626.550000
2574,1625.000000,626.550000
2576,1625.000000,626.550000
2578,1625.100000,626.550000
2580,1625.100000,626.550000
2582,1625.100000,626.550000
2584,1625.100000,626.550000
2586,1625.100000,626.550000
2588,1625.100000,626.550000
2590,1625.100000,626.550000
2592,1625.100000,626.550000
2594,1625.000000,626.550000
2596,1625.000000,626.550000
2598,1625.000000,626.550000
2600,1625.000000,626.550000
2602,1625.000000,626.550000
2604,1624.950000,626.550000
2606,1624.950000,626.550000
2608,1624.850000,626.550000
2610,1624.850000,626.550000
2612,1624.950000,626.600000
2614,1624.950000,626.600000
2616,1624.900000,626.600000
2618,1624.900000,626.600000
2620,1624.950000,626.600000
2622,1624.950000,626.600000
2624,1625.000000,626.600000
2626,1625.000000,626.600000
2628,1625.000000,626.600000
2630,1625.050000,626.600000
2632,1625.000000,626.600000
2634,1624.950000,626.600000
2636,1624.950000,626.600000
2638,1624.900000,626.600000
2640,1625.000000,626.600000
2642,1625.000000,626.600000
2644,1625.050000,626.600000
2646,1625.050000,626.600000
2648,1625.050000,626.600000
2650,1625.050000,626.600000
2652,1625.000000,626.600000
2654,1624.950000,626.600000
2656,1625.000000,626.600000
2658,1625.000000,626.600000
2660,1625.000000,626.600000
2662,1625.000000,626.600000
2664,1624.950000,626.600000
2666,1624.950000,626.600000
2668,1624.900000,626.600000
2670,1624.950000,626.600000
2672,1625.100000,626.650000
2674,1625.050000,626.650000
2676,1625.100000,626.650000
2678,1625.100000,626.650000
2680,1625.050000,626.650000
2682,1625.050000,626.650000
2684,1625.000000,626.650000
2686,1625.000000,626.650000
2688,1625.000000,626.650000
2690,1625.050000,626.650000
2692,1625.000000,626.650000
2694,1625.000000,626.650000
2696,1624.950000,626.650000
2698,1625.000000,626.650000
2700,1625.000000,626.650000
2702,1625.000000,626.650000
2704,1625.050000,626.650000
2706,1625.100000,626.650000
2708,1625.150000,626.650000
2710,1625.200000,626.650000
2712,1625.200000,626.650000
2714,1625.200000,626.650000
2716,1625.300000,626.650000
2718,1625.300000,626.650000
2720,1625.300000,626.650000
2722,1625.300000,626.650000
2724,1625.350000,626.650000
2726,1625.350000,626.650000
2728,1625.300000,626.650000
2730,1625.250000,626.650000
2732,1625.250000,626.650000
2734,1625.250000,626.650000
2736,1625.300000,626.650000
2738,1625.300000,626.650000
2740,1625.300000,626.650000
2742,1625.400000,626.650000
2744,1625.450000,626.650000
2746,1625.400000,626.650000
2748,1625.450000,626.650000
2750,1625.400000,626.650000
2752,1625.400000,626.650000
2754,1625.400000,626.650000
2756,1625.400000,626.650000
2758,1625.450000,626.650000
2760,1625.450000,626.650000
2762,1625.400000,626.650000
2764,1625.400000,626.650000
2766,1625.450000,626.650000
2768,1625.450000,626.650000
2770,1625.450000,626.650000
2772,1625.450000,626.650000
2774,1625.450000,626.650000
2776,1625.350000,626.650000
2778,1625.350000,626.650000
2780,1625.300000,626.650000
2782,1625.300000,626.650000
2784,1624.421053,626.052632
2786,1624.421053,626.052632
2788,1624.421053,626.052632
2790,1624.315789,626.052632
2792,1624.315789,626.052632
2794,1624.315789,626.052632
2796,1624.368421,626.052632
2798,1624.368421,626.052632
2800,1624.368421,626.052632
2802,1624.368421,626.052632
2804,1624.368421,626.052632
2806,1624.421053,626.052632
2808,1624.421053,626.052632
2810,1624.473684,626.052632
2812,1624.421053,626.052632
2814,1624.421053,626.052632
2816,1624.421053,626.052632
2818,1624.421053,626.052632
2820,1624.421053,626.052632
2822,1624.473684,626.052632
2824,1624.526316,626.052632
2826,1624.526316,626.052632
2828,1624.526316,626.052632
2830,1624.526316,626.052632
2832,1624.526316,626.052632
2834,1624.578947,626.052632
2836,1624.578947,626.052632
2838,1624.578947,626.052632
2840,1624.631579,626.052632
2842,1624.631579,626.052632
2844,1624.578947,626.052632
2846,1624.578947,626.052632
2848,1624.578947,626.052632
2850,1624.526316,626.052632
2852,1624.473684,626.052632
2854,1624.421053,626.052632
2856,1624.421053,626.052632
2858,1624.368421,626.052632
2860,1624.473684,626.052632
2862,1624.526316,626.052632
2864,1624.578947,626.052632
2866,1624.526316,626.052632
2868,1624.526316,626.052632
2870,1624.473684,626.052632
2872,1624.473684,626.052632
2874,1624.421053,626.052632
2876,1624.473684,626.052632
2878,1624.473684,626.052632
2880,1624.473684,626.052632
2882,1624.368421,626.052632
2884,1624.368421,626.052632
2886,1624.368421,626.052632
2888,1624.368421,626.052632
2890,1624.368421,626.052632
2892,1624.368421,626.052632
2894,1624.368421,626.052632
2896,1624.368421,626.052632
2898,1624.368421,626.052632
2900,1624.368421,626.052632
2902,1624.315789,626.052632
2904,1624.315789,626.052632
2906,1624.315789,626.052632
2908,1624.315789,626.052632
2910,1624.315789,626.052632
2912,1624.368421,626.052632
2914,1624.421053,626.052632
2916,1624.368421,626.052632
2918,1624.368421,626.052632
2920,1624.368421,626.052632
2922,1624.421053,626.052632
2924,1624.421053,626.052632
2926,1624.421053,626.052632
2928,1624.473684,626.052632
2930,1624.526316,626.052632
2932,1624.578947,626.052632
2934,1624.578947,626.052632
2936,1624.631579,626.052632
2938,1624.684211,626.052632
2940,1624.631579,626.052632
2942,1624.631579,626.052632
2944,1624.684211,626.052632
2946,1624.684211,626.052632
2948,1624.736842,626.052632
2950,1624.736842,626.052632
2952,1624.736842,626.052632
2954,1624.684211,626.052632
2956,1624.684211,626.052632
2958,1624.631579,626.052632
2960,1624.631579,626.052632
2962,1624.631579,626.052632
2964,1624.631579,626.052632
2966,1624.631579,626.052632
2968,1624.684211,626.052632
2970,1624.684211,626.052632
2972,1624.684211,626.052632
2974,1624.684211,626.052632
2976,1624.631579,626.052632
2978,1624.684211,626.052632
2980,1624.684211,626.052632
2982,1624.684211,626.052632
2984,1624.684211,626.052632
2986,1624.736842,626.052632
2988,1624.736842,626.052632
2990,1624.789474,626.052632
2992,1624.842105,626.052632
2994,1624.842105,626.052632
2996,1624.894737,626.052632
2998,1624.894737,626.052632
3000,1624.947368,626.052632
3002,1624.947368,626.052632
3004,1624.947368,626.052632
3006,1624.947368,626.052632
3008,1624.947368,626.052632
3010,1625.000000,626.052632
3012,1625.000000,626.052632
3014,1625.000000,626.052632
3016,1625.000000,626.052632
3018,1625.000000,626.052632
3020,1624.947368,626.052632
3022,1624.947368,626.052632
3024,1624.222222,625.388889
3026,1624.222222,625.388889
3028,1624.222222,625.388889
3030,1624.222222,625.388889
3032,1624.166667,625.388889
3034,1624.222222,625.388889
3036,1624.222222,625.388889
3038,1624.166667,625.388889
3040,1624.166667,625.388889
3042,1624.166667,625.388889
3044,1624.111111,625.388889
3046,1624.055556,625.388889
3048,1624.055556,625.388889
3050,1624.055556,625.388889
3052,1624.055556,625.388889
3054,1624.111111,625.388889
3056,1624.111111,625.388889
3058,1624.111111,625.388889
3060,1624.111111,625.388889
3062,1624.111111,625.388889
3064,1624.111111,625.388889
3066,1624.111111,625.388889
3068,1624.111111,625.388889
3070,1624.111111,625.388889
3072,1624.111111,625.388889
3074,1624.111111,625.388889
3076,1624.111111,625.388889
3078,1624.111111,625.388889
3080,1624.111111,625.388889
3082,1624.111111,625.388889
3084,1624.111111,625.388889
3086,1624.111111,625.388889
3088,1624.111111,625.388889
3090,1624.111111,625.388889
3092,1624.055556,625.388889
3094,1624.055556,625.388889
3096,1624.166667,625.388889
3098,1624.166667,625.388889
3100,1624.166667,625.388889
3102,1624.166667,625.388889
3104,1624.111111,625.388889
3106,1624.111111,625.388889
3108,1624.166667,625.388889
3110,1624.111111,625.388889
3112,1624.111111,625.388889
3114,1624.111111,625.388889
3116,1624.111111,625.388889
3118,1624.055556,625.388889
3120,1624.055556,625.388889
3122,1624.000000,625.388889
3124,1624.055556,625.388889
3126,1624.055556,625.388889
3128,1624.055556,625.388889
3130,1624.055556,625.388889
3132,1624.111111,625.388889
3134,1624.111111,625.388889
3136,1624.111111,625.388889
3138,1624.222222,625.388889
3140,1624.166667,625.388889
3142,1624.222222,625.388889
3144,1624.222222,625.388889
3146,1624.222222,625.388889
3148,1624.222222,625.388889
3150,1624.222222,625.388889
3152,1623.823529,625.058824
3154,1623.764706,625.058824
3156,1623.764706,625.058824
3158,1623.764706,625.058824
3160,1623.764706,625.058824
3162,1623.764706,625.058824
3164,1623.705882,625.058824
3166,1623.705882,625.058824
3168,1623.705882,625.058824
3170,1623.705882,625.058824
3172,1623.705882,625.058824
3174,1623.705882,625.058824
3176,1623.647059,625.058824
3178,1623.647059,625.058824
3180,1623.647059,625.058824
3182,1623.647059,625.058824
3184,1623.647059,625.058824
3186,1623.647059,625.058824
3188,1623.705882,625.058824
3190,1623.705882,625.058824
3192,1623.764706,625.058824
3194,1623.764706,625.058824
3196,1623.705882,625.058824
3198,1623.705882,625.058824
3200,1623.705882,625.058824
3202,1623.705882,625.058824
3204,1623.705882,625.058824
3206,1623.705882,625.058824
3208,1623.705882,625.058824
3210,1623.705882,625.058824
3212,1623.705882,625.058824
3214,1623.500000,624.812500
3216,1623.500000,624.812500
3218,1623.500000,624.812500
3220,1623.500000,624.812500
3222,1623.500000,624.812500
3224,1623.500000,624.812500
3226,1623.437500,624.812500
3228,1623.437500,624.812500
3230,1623.437500,624.812500
3232,1623.437500,624.812500
3234,1623.500000,624.812500
3236,1621.400000,622.800000
3238,1621.400000,622.800000
3240,1621.400000,622.800000
3242,1621.400000,622.800000
3244,1621.466667,622.800000
3246,1621.466667,622.800000
3248,1621.466667,622.800000
3250,1621.466667,622.800000
3252,1621.466667,622.800000
3254,1621.466667,622.800000
3256,1621.466667,622.800000
3258,1621.466667,622.800000
3260,1621.533333,622.800000
3262,1621.533333,622.800000
3264,1621.533333,622.800000
3266,1621.466667,622.800000
3268,1620.307692,621.923077
3270,1620.307692,621.923077
3272,1620.307692,621.923077
3274,1620.307692,621.923077
3276,1620.307692,621.923077
3278,1620.307692,621.923077
3280,1620.307692,621.923077
3282,1620.384615,621.923077
3284,1620.384615,621.923077
3286,1620.307692,621.923077
3288,1620.307692,621.923077
3290,1620.307692,621.923077
3292,1620.307692,621.923077
3294,1620.307692,621.923077
3296,1620.307692,621.923077
3298,1620.307692,621.923077
3300,1620.384615,621.923077
3302,1620.307692,621.923077
3304,1620.307692,621.923077
3306,1620.307692,621.923077
3308,1620.307692,621.923077
3310,1620.307692,621.923077
3312,1620.307692,621.923077
3314,1620.307692,621.923077
3316,1620.307692,621.923077
3318,1620.307692,621.923077
3320,1620.307692,621.923077
3322,1620.307692,621.923077
3324,1620.307692,621.923077
3326,1620.307692,621.923077
3328,1620.307692,621.923077
3330,1620.307692,621.923077
3332,1620.307692,621.923077
3334,1620.307692,621.923077
3336,1620.307692,621.923077
3338,1620.307692,621.923077
3340,1620.307692,621.923077
3342,1620.307692,621.923077
3344,1620.307692,621.923077
3346,1620.307692,621.923077
3348,1620.307692,621.923077
3350,1620.384615,621.923077
3352,1620.384615,621.923077
3354,1620.461538,621.923077
3356,1620.461538,621.923077
3358,1620.461538,621.923077
3360,1620.461538,621.923077
3362,1620.461538,621.923077
3364,1620.384615,621.923077
3366,1620.384615,621.923077
3368,1620.461538,621.923077
3370,1620.461538,621.923077
3372,1620.461538,621.923077
3374,1620.461538,621.923077
3376,1620.461538,621.923077
3378,1620.461538,621.923077
3380,1620.538462,621.923077
3382,1620.538462,621.923077
3384,1620.538462,621.923077
3386,1620.538462,621.923077
3388,1620.538462,621.923077
3390,1620.538462,621.923077
3392,1620.538462,621.923077
3394,1620.538462,621.923077
3396,1620.538462,621.923077
3398,1620.538462,621.923077
3400,1620.615385,621.923077
3402,1620.615385,621.923077
3404,1620.615385,621.923077
3406,1620.615385,621.923077
3408,1620.615385,621.923077
3410,1620.615385,621.923077
3412,1620.615385,621.923077
3414,1620.615385,621.923077
3416,1620.615385,621.923077
3418,1620.615385,621.923077
3420,1620.615385,621.923077
3422,1620.615385,621.923077
3424,1620.615385,621.923077
3426,1620.615385,621.923077
3428,1620.615385,621.923077
3430,1620.615385,621.923077
3432,1622.666667,624.083333
3434,1622.666667,624.083333
3436,1622.666667,624.083333
3438,1622.666667,624.083333
3440,1622.666667,624.083333
3442,1622.666667,624.083333
3444,1622.583333,624.083333
3446,1622.583333,624.083333
3448,1622.583333,624.083333
3450,1622.583333,624.083333
3452,1622.583333,624.083333
3454,1622.583333,624.083333
3456,1622.500000,624.083333
3458,1622.500000,624.083333
3460,1622.500000,624.083333
3462,1622.500000,624.083333
3464,1622.500000,624.083333
3466,1622.500000,624.083333
3468,1622.500000,624.083333
3470,1622.500000,624.083333
3472,1622.500000,624.083333
3474,1622.416667,624.083333
3476,1622.416667,624.083333
3478,1622.500000,624.083333
3480,1622.500000,624.083333
3482,1622.500000,624.083333
3484,1622.500000,624.083333
3486,1622.500000,624.083333
3488,1622.500000,624.083333
3490,1622.500000,624.083333
3492,1622.500000,624.083333
3494,1622.500000,624.083333
3496,1622.500000,624.083333
3498,1622.500000,624.083333
3500,1622.500000,624.083333
3502,1622.500000,624.083333
3504,1622.500000,624.083333
3506,1622.500000,624.083333
3508,1622.500000,624.083333
3510,1622.416667,624.083333
3512,1622.416667,624.083333
3514,1622.416667,624.083333
3516,1622.416667,624.083333
3518,1622.416667,624.083333
3520,1622.416667,624.083333
3522,1622.416667,624.083333
3524,1622.416667,624.083333
3526,1622.416667,624.083333
3528,1622.416667,624.083333
3530,1622.416667,624.083333
3532,1622.416667,624.083333
3534,1622.416667,624.083333
3536,1622.416667,624.083333
3538,1622.416667,624.083333
3540,1622.416667,624.083333
3542,1622.416667,624.083333
3544,1622.416667,624.083333
3546,1622.416667,624.083333
3548,1622.416667,624.083333
3550,1622.416667,624.083333
3552,1622.416667,624.083333
3554,1622.416667,624.083333
3556,1622.416667,624.083333
3558,1622.416667,624.083333
3560,1622.416667,624.083333
3562,1622.416667,624.083333
3564,1622.416667,624.083333
3566,1622.416667,624.083333
3568,1622.416667,624.083333
3570,1622.416667,624.083333
3572,1622.500000,624.083333
3574,1622.500000,624.083333
3576,1622.500000,624.083333
3578,1622.500000,624.083333
3580,1622.500000,624.083333
3582,1622.500000,624.083333
3584,1622.500000,624.083333
3586,1622.500000,624.083333
3588,1622.500000,624.083333
3590,1622.500000,624.083333
3592,1622.500000,624.083333
3594,1622.500000,624.083333
3596,1622.500000,624.083333
3598,1622.500000,624.083333
3600,1622.666667,624.083333
3602,1622.666667,624.083333
3604,1622.750000,624.083333
3606,1623.272727,624.727273
3608,1623.272727,624.727273
3610,1623.272727,624.727273
3612,1623.272727,624.727273
3614,1623.272727,624.727273
3616,1623.272727,624.727273
3618,1623.272727,624.727273
3620,1623.272727,624.727273
3622,1623.272727,624.727273
3624,1623.272727,624.727273
3626,1623.272727,624.727273
3628,1623.272727,624.727273
3630,1623.272727,624.727273
3632,1623.272727,624.727273
3634,1623.272727,624.727273
3636,1623.272727,624.727273
3638,1623.272727,624.727273
3640,1623.272727,624.727273
3642,1623.272727,624.727273
3644,1623.272727,624.727273
3646,1623.272727,624.727273
3648,1623.272727,624.727273
3650,1623.272727,624.727273
3652,1623.181818,624.727273
3654,1623.181818,624.727273
3656,1623.181818,624.727273
3658,1623.181818,624.727273
3660,1623.090909,624.727273
3662,1623.090909,624.727273
3664,1623.181818,624.727273
3666,1624.800000,626.600000
3668,1624.800000,626.600000
3670,1624.800000,626.600000
3672,1624.800000,626.600000
3674,1624.800000,626.600000
3676,1624.900000,626.600000
3678,1622.777778,624.666667
3680,1622.777778,624.666667
3682,1622.777778,624.666667
3684,1622.777778,624.666667
3686,1622.777778,624.666667
3688,1622.777778,624.666667
3690,1622.777778,624.666667
3692,1622.777778,624.666667
3694,1622.777778,624.666667
3696,1622.777778,624.666667
3698,1622.777778,624.666667
3700,1622.777778,624.666667
3702,1622.666667,624.666667
3704,1622.666667,624.666667
3706,1622.666667,624.666667
3708,1622.666667,624.666667
3710,1622.666667,624.666667
3712,1622.666667,624.666667
3714,1622.666667,624.666667
3716,1622.666667,624.666667
3718,1622.666667,624.666667
3720,1622.666667,624.666667
3722,1622.666667,624.666667
3724,1622.666667,624.666667
3726,1622.666667,624.666667
3728,1622.666667,624.666667
3730,1622.666667,624.666667
3732,1622.666667,624.666667
3734,1622.666667,624.666667
3736,1622.666667,624.666667
3738,1622.666667,624.666667
3740,1622.666667,624.666667
3742,1622.666667,624.666667
3744,1622.666667,624.666667
3746,1622.666667,624.666667
3748,1622.666667,624.666667
3750,1622.666667,624.666667
3752,1622.666667,624.666667
3754,1622.666667,624.666667
3756,1622.666667,624.666667
3758,1622.666667,624.666667
3760,1622.666667,624.666667
3762,1622.666667,624.666667
3764,1622.666667,624.666667
3766,1622.777778,624.666667
3768,1622.777778,624.666667
3770,1622.777778,624.666667
3772,1622.777778,624.666667
3774,1622.777778,624.666667
3776,1622.777778,624.666667
3778,1622.777778,624.666667
3780,1622.777778,624.666667
3782,1622.777778,624.666667
3784,1622.777778,624.666667
3786,1622.777778,624.666667
3788,1622.777778,624.666667
3790,1622.777778,624.666667
3792,1622.777778,624.666667
3794,1623.000000,624.777778
3796,1623.000000,624.777778
3798,1623.000000,624.777778
3800,1623.000000,624.777778
3802,1623.000000,624.777778
3804,1623.000000,624.777778
3806,1623.000000,624.777778
3808,1623.000000,624.777778
3810,1623.000000,624.777778
3812,1623.000000,624.777778
3814,1623.000000,624.777778
3816,1623.000000,624.777778
3818,1623.000000,624.777778
3820,1623.000000,624.777778
3822,1623.000000,624.777778
3824,1623.000000,624.777778
3826,1623.111111,624.777778
3828,1621.250000,623.000000
3830,1621.250000,623.000000
3832,1621.250000,623.000000
3834,1621.250000,623.000000
3836,1621.250000,623.000000
3838,1621.250000,623.000000
3840,1621.250000,623.000000
3842,1621.250000,623.000000
3844,1621.250000,623.000000
3846,1621.250000,623.000000
3848,1621.250000,623.000000
3850,1621.250000,623.000000
3852,1621.250000,623.000000
3854,1621.250000,623.000000
3856,1621.375000,623.000000
3858,1621.375000,623.000000
3860,1621.375000,623.000000
3862,1621.375000,623.000000
3864,1621.375000,623.000000
3866,1621.375000,623.000000
3868,1621.375000,623.000000
3870,1621.375000,623.000000
3872,1621.375000,623.000000
3874,1621.375000,623.000000
3876,1621.375000,623.000000
3878,1621.375000,623.000000
3880,1621.375000,623.000000
3882,1621.375000,623.000000
3884,1621.375000,623.000000
3886,1621.375000,623.000000
3888,1621.375000,623.000000
3890,1621.375000,623.000000
3892,1621.375000,623.000000
3894,1621.375000,623.000000
3896,1621.375000,623.000000
3898,1621.375000,623.000000
3900,1621.375000,623.000000
3902,1621.375000,623.000000
3904,1621.375000,623.000000
3906,1621.375000,623.000000
3908,1621.375000,623.000000
3910,1621.375000,623.000000
3912,1621.375000,623.000000
3914,1621.375000,623.000000
3916,1621.375000,623.000000
3918,1621.375000,623.000000
3920,1621.375000,623.000000
3922,1621.375000,623.000000
3924,1621.500000,623.000000
3926,1627.333333,628.833333
3928,1627.333333,628.833333
3930,1627.333333,628.833333
3932,1627.333333,628.833333
3934,1627.333333,628.833333
3936,1627.333333,628.833333
3938,1627.333333,628.833333
3940,1627.333333,628.833333
3942,1627.333333,628.833333
3944,1627.333333,628.833333
3946,1627.333333,628.833333
3948,1627.333333,628.833333
3950,1627.333333,628.833333
3952,1627.333333,628.833333
3954,1627.333333,628.833333
3956,1627.333333,628.833333
3958,1627.333333,628.833333
3960,1627.333333,628.833333
3962,1627.333333,628.833333
3964,1627.333333,628.833333
3966,1627.166667,628.833333
3968,1627.166667,628.833333
3970,1627.166667,628.833333
3972,1627.166667,628.833333
3974,1627.166667,628.833333
3976,1627.166667,628.833333
3978,1627.166667,628.833333
3980,1627.166667,628.833333
3982,1627.166667,628.833333
3984,1627.166667,628.833333
3986,1627.166667,628.833333
3988,1627.166667,628.833333
3990,1627.166667,628.833333
3992,1627.200000,628.800000
3994,1627.200000,628.800000
3996,1627.200000,628.800000
3998,1627.200000,628.800000
4000,1627.200000,628.800000
4002,1627.200000,628.800000
4004,1627.200000,628.800000
4006,1627.200000,628.800000
4008,1627.200000,628.800000
4010,1627.200000,628.800000
4012,1627.200000,628.800000
4014,1627.200000,628.800000
4016,1627.200000,628.800000
4018,1627.200000,628.800000
4020,1627.200000,628.800000
4022,1627.200000,628.800000
4024,1627.200000,628.800000
4026,1627.200000,628.800000
4028,1627.200000,628.800000
4030,1627.200000,628.800000
4032,1627.200000,628.800000
4034,1627.200000,628.800000
4036,1627.200000,628.800000
4038,1627.200000,628.800000
4040,1627.200000,628.800000
4042,1627.200000,628.800000
4044,1627.200000,628.800000
4046,1627.200000,628.800000
4048,1627.200000,628.800000
4050,1627.200000,628.800000
4052,1627.200000,628.800000
4054,1627.200000,628.800000
4056,1627.200000,628.800000
4058,1627.200000,628.800000
4060,1627.200000,628.800000
4062,1627.200000,628.800000
4064,1627.200000,628.800000
4066,1627.200000,628.800000
4068,1627.200000,628.800000
4070,1627.200000,628.800000
4072,1627.200000,628.800000
4074,1627.200000,628.800000
4076,1627.200000,628.800000
4078,1627.200000,628.800000
4080,1627.200000,628.800000
4082,1627.200000,628.800000
4084,1627.200000,628.800000
4086,1627.200000,628.800000
4088,1627.200000,628.800000
4090,1627.200000,628.800000
4092,1627.200000,628.800000
4094,1627.200000,628.800000
4096,1627.200000,628.800000
4098,1627.200000,628.800000
4100,1627.200000,628.800000
4102,1627.200000,628.800000
4104,1627.200000,628.800000
4106,1627.200000,628.800000
4108,1627.200000,628.800000
4110,1627.200000,628.800000
4112,1627.200000,628.800000
4114,1627.200000,628.800000
4116,1627.200000,628.800000
4118,1627.200000,628.800000
4120,1627.200000,628.800000
4122,1627.200000,628.800000
4124,1627.200000,628.800000
4126,1627.200000,628.800000
4128,1627.200000,628.800000
4130,1627.200000,628.800000
4132,1627.200000,628.800000
4134,1627.200000,628.800000
4136,1627.200000,628.800000
4138,1627.200000,628.800000
4140,1627.200000,628.800000
4142,1627.200000,628.800000
4144,1627.200000,628.800000
4146,1627.200000,628.800000
4148,1627.200000,628.800000
4150,1627.200000,628.800000
4152,1627.200000,628.800000
4154,1627.200000,628.800000
4156,1627.200000,628.800000
4158,1627.200000,628.800000
4160,1627.200000,628.800000
4162,1627.200000,628.800000
4164,1627.200000,628.800000
4166,1627.200000,628.800000
4168,1627.200000,628.800000
4170,1627.200000,628.800000
4172,1627.200000,628.800000
4174,1627.200000,628.800000
4176,1627.200000,628.800000
4178,1627.000000,628.800000
4180,1627.000000,628.800000
4182,1627.000000,628.800000
4184,1627.000000,628.800000
4186,1627.000000,628.800000
4188,1627.000000,628.800000
4190,1627.000000,628.800000
4192,1627.000000,628.800000
4194,1627.000000,628.800000
4196,1627.000000,628.800000
4198,1627.200000,628.800000
