#This is a CSV file containing the average TPL, TPU, and Cost values for the UW algorithm with PS path compression.
#The data was generated for n = 1000 and delta = 2.
N,Average TPL,Average TPU
2,2.000000,0.000000
4,4.000000,0.000000
6,6.000000,0.000000
8,8.000000,0.000000
10,10.000000,0.000000
12,12.000000,0.000000
14,14.000000,0.000000
16,16.000000,0.000000
18,18.000000,0.000000
20,20.000000,0.000000
22,22.000000,0.000000
24,24.000000,0.000000
26,26.050000,0.050000
28,28.050000,0.050000
30,30.050000,0.050000
32,32.050000,0.050000
34,34.050000,0.050000
36,36.100000,0.100000
38,38.100000,0.100000
40,40.100000,0.100000
42,42.100000,0.100000
44,44.150000,0.150000
46,46.150000,0.150000
48,48.150000,0.150000
50,50.200000,0.200000
52,52.200000,0.200000
54,54.200000,0.200000
56,56.200000,0.200000
58,58.200000,0.200000
60,60.200000,0.200000
62,62.250000,0.250000
64,64.400000,0.400000
66,66.450000,0.450000
68,68.500000,0.500000
70,70.500000,0.500000
72,72.550000,0.550000
74,74.550000,0.550000
76,76.550000,0.550000
78,78.600000,0.600000
80,80.600000,0.600000
82,82.650000,0.650000
84,84.750000,0.750000
86,86.750000,0.750000
88,88.850000,0.850000
90,90.900000,0.900000
92,92.900000,0.900000
94,94.900000,0.900000
96,97.050000,1.050000
98,99.050000,1.050000
100,101.050000,1.050000
102,103.050000,1.050000
104,105.200000,1.200000
106,107.250000,1.250000
108,109.350000,1.350000
110,111.350000,1.350000
112,113.450000,1.450000
114,115.550000,1.550000
116,117.650000,1.650000
118,119.800000,1.800000
120,121.950000,1.950000
122,124.050000,2.050000
124,126.250000,2.250000
126,128.350000,2.350000
128,130.450000,2.450000
130,132.500000,2.500000
132,134.550000,2.550000
134,136.650000,2.650000
136,138.700000,2.700000
138,140.850000,2.850000
140,142.950000,2.950000
142,145.000000,3.000000
144,147.150000,3.150000
146,149.200000,3.200000
148,151.400000,3.400000
150,153.800000,3.800000
152,156.050000,4.050000
154,158.200000,4.200000
156,160.350000,4.350000
158,162.500000,4.500000
160,164.700000,4.700000
162,166.950000,4.950000
164,169.100000,5.100000
166,171.300000,5.300000
168,173.650000,5.650000
170,175.800000,5.800000
172,178.000000,6.000000
174,180.300000,6.300000
176,182.400000,6.400000
178,184.600000,6.600000
180,186.700000,6.700000
182,188.900000,6.900000
184,191.250000,7.250000
186,193.500000,7.500000
188,195.650000,7.650000
190,197.850000,7.850000
192,200.350000,8.350000
194,202.700000,8.700000
196,204.700000,8.700000
198,207.000000,9.000000
200,209.200000,9.200000
202,211.550000,9.550000
204,213.650000,9.650000
206,215.900000,9.900000
208,218.300000,10.300000
210,220.550000,10.550000
212,222.650000,10.650000
214,225.200000,11.200000
216,227.550000,11.550000
218,229.950000,11.950000
220,232.400000,12.400000
222,234.950000,12.950000
224,237.150000,13.150000
226,239.250000,13.250000
228,241.800000,13.800000
230,243.950000,13.950000
232,246.200000,14.200000
234,248.600000,14.600000
236,250.750000,14.750000
238,253.050000,15.050000
240,255.350000,15.350000
242,257.900000,15.900000
244,260.100000,16.100000
246,262.500000,16.500000
248,264.950000,16.950000
250,267.550000,17.550000
252,269.900000,17.900000
254,272.150000,18.150000
256,274.700000,18.700000
258,277.200000,19.200000
260,280.150000,20.150000
262,282.700000,20.700000
264,285.150000,21.150000
266,287.650000,21.650000
268,290.150000,22.150000
270,292.500000,22.500000
272,295.250000,23.250000
274,298.000000,24.000000
276,300.650000,24.650000
278,303.050000,25.050000
280,305.550000,25.550000
282,308.100000,26.100000
284,310.750000,26.750000
286,313.150000,27.150000
288,315.700000,27.700000
290,318.050000,28.050000
292,320.450000,28.450000
294,323.150000,29.150000
296,326.250000,30.250000
298,329.300000,31.300000
300,331.650000,31.650000
302,334.400000,32.400000
304,336.850000,32.850000
306,339.400000,33.400000
308,341.800000,33.800000
310,344.350000,34.350000
312,347.000000,35.000000
314,349.300000,35.300000
316,353.050000,37.050000
318,355.950000,37.950000
320,359.050000,39.050000
322,361.700000,39.700000
324,364.050000,40.050000
326,366.850000,40.850000
328,369.000000,41.000000
330,371.500000,41.500000
332,374.500000,42.500000
334,377.750000,43.750000
336,380.300000,44.300000
338,382.800000,44.800000
340,385.500000,45.500000
342,388.100000,46.100000
344,390.800000,46.800000
346,394.050000,48.050000
348,396.650000,48.650000
350,399.800000,49.800000
352,403.100000,51.100000
354,405.650000,51.650000
356,408.450000,52.450000
358,410.750000,52.850000
360,413.850000,53.950000
362,417.450000,55.550000
364,420.850000,56.950000
366,423.250000,57.350000
368,425.900000,58.000000
370,429.550000,59.650000
372,433.000000,61.100000
374,436.400000,62.500000
376,439.050000,63.150000
378,442.500000,64.600000
380,445.700000,65.800000
382,448.400000,66.500000
384,451.500000,67.600000
386,454.700000,68.800000
388,458.150000,70.250000
390,461.300000,71.400000
392,465.100000,73.200000
394,468.200000,74.300000
396,471.700000,75.800000
398,475.500000,77.600000
400,479.800000,79.900000
402,483.050000,81.150000
404,486.650000,82.750000
406,490.250000,84.350000
408,493.850000,85.950000
410,496.950000,87.050000
412,500.800000,88.900000
414,504.300000,90.400000
416,508.150000,92.250000
418,512.200000,94.300000
420,515.500000,95.600000
422,519.650000,97.750000
424,523.850000,99.950000
426,527.950000,102.050000
428,531.350000,103.450000
430,536.000000,106.100000
432,539.100000,107.200000
434,542.150000,108.250000
436,545.000000,109.100000
438,548.850000,111.000000
440,552.100000,112.250000
442,556.150000,114.300000
444,559.350000,115.500000
446,562.900000,117.050000
448,567.350000,119.500000
450,570.650000,120.800000
452,574.650000,122.800000
454,579.300000,125.450000
456,584.000000,128.150000
458,588.100000,130.250000
460,593.100000,133.250000
462,596.200000,134.350000
464,601.750000,137.900000
466,605.000000,139.200000
468,609.800000,142.000000
470,614.250000,144.450000
472,617.900000,146.150000
474,621.200000,147.450000
476,626.450000,150.700000
478,630.100000,152.400000
480,633.900000,154.300000
482,638.400000,156.800000
484,643.050000,159.500000
486,646.300000,160.850000
488,651.450000,164.100000
490,656.850000,167.500000
492,660.950000,169.600000
494,667.900000,174.600000
496,672.300000,177.000000
498,675.550000,178.250000
500,679.550000,180.250000
502,684.400000,183.100000
504,691.400000,188.150000
506,696.150000,190.900000
508,701.200000,193.950000
510,705.600000,196.400000
512,711.600000,200.400000
514,716.400000,203.300000
516,729.250000,214.150000
518,734.100000,217.000000
520,739.400000,220.300000
522,744.500000,223.450000
524,748.450000,225.400000
526,757.900000,232.950000
528,770.050000,243.100000
530,774.100000,245.150000
532,780.800000,249.850000
534,788.250000,255.400000
536,791.150000,256.400000
538,794.900000,258.200000
540,804.150000,265.550000
542,811.600000,271.050000
544,822.800000,280.300000
546,831.650000,287.200000
548,836.950000,290.500000
550,845.850000,297.550000
552,850.050000,299.850000
554,859.400000,307.350000
556,870.350000,316.350000
558,875.800000,320.000000
560,892.650000,334.850000
562,897.500000,337.800000
564,902.700000,341.150000
566,910.450000,346.950000
568,920.000000,354.500000
570,931.450000,364.000000
572,937.800000,368.350000
574,943.100000,371.750000
576,948.450000,375.100000
578,958.950000,383.650000
580,970.600000,393.400000
582,979.800000,400.700000
584,989.350000,408.250000
586,993.500000,410.550000
588,998.400000,413.850000
590,1010.750000,424.250000
592,1017.850000,429.450000
594,1022.250000,431.950000
596,1027.400000,435.350000
598,1032.150000,438.300000
600,1043.850000,448.200000
602,1053.450000,455.950000
604,1059.600000,460.250000
606,1062.350000,461.150000
608,1066.400000,463.400000
610,1074.700000,469.850000
612,1080.300000,473.750000
614,1090.500000,482.150000
616,1094.750000,484.900000
618,1100.050000,488.600000
620,1105.150000,491.850000
622,1114.100000,498.950000
624,1120.300000,503.350000
626,1124.850000,506.250000
628,1127.750000,507.500000
630,1135.200000,513.150000
632,1146.200000,522.300000
634,1153.700000,527.950000
636,1164.250000,536.800000
638,1168.000000,539.000000
640,1172.350000,541.450000
642,1177.150000,544.650000
644,1191.000000,556.750000
646,1193.650000,557.750000
648,1197.650000,560.050000
650,1203.300000,564.100000
652,1209.800000,568.850000
654,1213.900000,571.500000
656,1218.350000,574.200000
658,1223.900000,578.000000
660,1226.350000,578.900000
662,1229.400000,580.450000
664,1231.450000,580.800000
666,1235.650000,583.350000
668,1243.250000,589.200000
670,1246.000000,590.200000
672,1248.550000,591.050000
674,1251.650000,592.500000
676,1255.750000,595.000000
678,1258.200000,595.850000
680,1263.150000,599.350000
682,1266.600000,600.950000
684,1269.250000,602.050000
686,1274.250000,605.350000
688,1279.250000,608.800000
690,1283.450000,611.450000
692,1287.200000,613.600000
694,1290.650000,615.700000
696,1293.100000,616.700000
698,1294.750000,616.650000
700,1298.150000,618.850000
702,1300.600000,619.800000
704,1305.100000,622.850000
706,1307.750000,623.900000
708,1309.450000,624.250000
710,1314.550000,627.600000
712,1320.450000,632.000000
714,1325.050000,634.950000
716,1327.600000,636.000000
718,1329.400000,636.350000
720,1333.000000,638.550000
722,1335.400000,639.500000
724,1337.150000,639.800000
726,1342.800000,644.100000
728,1344.750000,644.550000
730,1348.600000,647.250000
732,1351.600000,648.850000
734,1354.500000,650.250000
736,1358.350000,652.400000
738,1361.800000,654.250000
740,1364.200000,655.250000
742,1365.750000,655.450000
744,1369.550000,658.050000
746,1372.800000,660.000000
748,1375.800000,661.700000
750,1378.650000,663.350000
752,1380.700000,664.100000
754,1381.750000,663.800000
756,1384.000000,664.950000
758,1386.400000,666.250000
760,1388.400000,666.900000
762,1389.350000,666.900000
764,1391.450000,667.650000
766,1393.400000,668.250000
768,1396.300000,669.850000
770,1397.900000,670.250000
772,1400.100000,671.400000
774,1401.800000,671.900000
776,1404.150000,672.950000
778,1406.350000,673.750000
780,1407.750000,674.050000
782,1409.150000,674.550000
784,1411.300000,675.500000
786,1412.700000,675.750000
788,1414.050000,675.750000
790,1415.800000,676.450000
792,1417.250000,676.650000
794,1418.450000,676.600000
796,1420.200000,676.900000
798,1421.850000,677.450000
800,1423.250000,677.700000
802,1427.450000,680.350000
804,1429.750000,681.350000
806,1429.550000,680.200000
808,1431.200000,680.900000
810,1432.050000,680.750000
812,1433.800000,681.250000
814,1437.150000,683.050000
816,1440.050000,684.450000
818,1442.250000,685.500000
820,1443.300000,685.600000
822,1443.300000,684.600000
824,1445.000000,685.200000
826,1446.250000,685.500000
828,1447.750000,685.800000
830,1448.700000,685.800000
832,1451.000000,686.950000
834,1452.050000,686.900000
836,1453.350000,687.050000
838,1455.100000,687.750000
840,1456.150000,687.900000
842,1457.600000,688.100000
844,1458.850000,688.250000
846,1460.800000,689.050000
848,1462.600000,689.900000
850,1463.250000,689.650000
852,1464.650000,690.150000
854,1465.400000,690.150000
856,1466.450000,690.200000
858,1468.050000,690.650000
860,1469.150000,690.700000
862,1470.500000,690.950000
864,1472.600000,691.950000
866,1472.950000,691.200000
868,1474.650000,691.850000
870,1476.450000,692.550000
872,1476.700000,691.900000
874,1478.750000,692.650000
876,1479.700000,692.550000
878,1481.550000,693.250000
880,1482.600000,693.150000
882,1483.050000,692.750000
884,1484.250000,692.950000
886,1485.650000,693.450000
888,1486.050000,692.950000
890,1487.050000,693.200000
892,1488.350000,693.250000
894,1489.150000,693.050000
896,1490.100000,693.000000
898,1491.600000,693.750000
900,1492.800000,694.100000
902,1493.600000,694.150000
904,1494.450000,694.100000
906,1495.600000,694.200000
908,1496.150000,694.050000
910,1497.800000,694.750000
912,1499.150000,694.950000
914,1499.850000,694.750000
916,1501.150000,695.000000
918,1501.700000,694.800000
920,1502.250000,694.450000
922,1503.150000,694.600000
924,1503.750000,694.350000
926,1505.100000,694.900000
928,1505.800000,694.700000
930,1506.500000,694.600000
932,1507.100000,694.450000
934,1507.900000,694.350000
936,1508.300000,694.200000
938,1509.050000,694.050000
940,1510.200000,694.500000
942,1511.650000,695.050000
944,1512.700000,695.250000
946,1513.150000,694.950000
948,1513.950000,694.900000
950,1513.900000,694.350000
952,1514.650000,694.450000
954,1515.050000,694.150000
956,1516.500000,694.550000
958,1516.950000,694.250000
960,1516.700000,693.500000
962,1517.500000,693.600000
964,1518.700000,693.950000
966,1518.950000,693.550000
968,1520.250000,693.950000
970,1521.450000,694.500000
972,1523.100000,694.950000
974,1523.750000,695.000000
976,1524.600000,694.900000
978,1525.250000,694.700000
980,1526.250000,694.700000
982,1527.550000,695.150000
984,1528.750000,695.600000
986,1529.450000,695.550000
988,1530.350000,695.700000
990,1530.850000,695.450000
992,1531.600000,695.450000
994,1532.050000,695.150000
996,1532.400000,694.900000
998,1532.400000,694.350000
1000,1533.600000,694.800000
1002,1534.100000,694.350000
1004,1534.750000,694.200000
1006,1535.600000,694.300000
1008,1536.150000,694.200000
1010,1536.750000,694.050000
1012,1537.150000,693.700000
1014,1538.200000,693.700000
1016,1538.750000,693.600000
1018,1539.250000,693.300000
1020,1539.900000,693.100000
1022,1540.150000,692.700000
1024,1540.600000,692.650000
1026,1540.600000,692.250000
1028,1541.650000,692.450000
1030,1542.550000,692.700000
1032,1543.200000,692.700000
1034,1543.350000,692.250000
1036,1544.100000,692.300000
1038,1544.850000,692.300000
1040,1546.100000,692.550000
1042,1546.100000,692.150000
1044,1546.300000,692.100000
1046,1547.300000,692.150000
1048,1547.850000,692.150000
1050,1548.150000,691.900000
1052,1548.050000,691.500000
1054,1548.750000,691.600000
1056,1549.050000,691.350000
1058,1550.150000,691.800000
1060,1550.550000,691.600000
1062,1551.300000,691.750000
1064,1551.800000,691.650000
1066,1552.500000,691.650000
1068,1553.000000,691.450000
1070,1554.050000,691.850000
1072,1554.650000,691.900000
1074,1555.000000,691.650000
1076,1554.900000,691.050000
1078,1555.100000,690.650000
1080,1555.300000,690.200000
1082,1555.750000,690.150000
1084,1555.900000,689.650000
1086,1556.400000,689.550000
1088,1556.650000,689.250000
1090,1556.950000,689.100000
1092,1557.200000,688.900000
1094,1557.950000,688.850000
1096,1558.150000,688.400000
1098,1558.550000,688.350000
1100,1558.550000,687.800000
1102,1559.100000,687.650000
1104,1559.350000,687.300000
1106,1559.850000,687.150000
1108,1560.050000,686.900000
1110,1560.250000,686.650000
1112,1560.500000,686.400000
1114,1561.050000,686.300000
1116,1561.850000,686.450000
1118,1562.350000,686.300000
1120,1562.800000,686.350000
1122,1563.150000,686.050000
1124,1563.600000,685.950000
1126,1564.350000,686.050000
1128,1564.850000,685.950000
1130,1565.150000,685.750000
1132,1565.750000,685.650000
1134,1566.300000,685.500000
1136,1566.750000,685.350000
1138,1567.400000,685.450000
1140,1567.450000,685.150000
1142,1567.700000,684.900000
1144,1568.500000,685.200000
1146,1569.500000,685.700000
1148,1569.800000,685.450000
1150,1570.400000,685.550000
1152,1570.950000,685.550000
1154,1570.950000,685.200000
1156,1571.550000,685.300000
1158,1572.000000,685.300000
1160,1572.450000,685.300000
1162,1572.650000,685.050000
1164,1573.200000,685.000000
1166,1573.900000,685.100000
1168,1574.900000,685.450000
1170,1575.150000,685.300000
1172,1575.400000,685.000000
1174,1575.650000,684.800000
1176,1575.850000,684.800000
1178,1576.700000,685.200000
1180,1576.750000,684.900000
1182,1577.150000,684.800000
1184,1577.250000,684.500000
1186,1577.800000,684.600000
1188,1577.800000,684.250000
1190,1578.250000,684.250000
1192,1578.600000,684.150000
1194,1579.050000,684.150000
1196,1579.100000,683.950000
1198,1578.950000,683.550000
1200,1579.050000,683.150000
1202,1579.800000,683.350000
1204,1580.400000,683.350000
1206,1580.950000,683.300000
1208,1581.350000,683.250000
1210,1582.000000,683.350000
1212,1581.900000,683.050000
1214,1581.950000,682.800000
1216,1582.450000,682.700000
1218,1582.600000,682.500000
1220,1583.000000,682.450000
1222,1583.050000,682.000000
1224,1583.100000,681.700000
1226,1583.250000,681.550000
1228,1583.550000,681.500000
1230,1584.000000,681.400000
1232,1584.050000,681.100000
1234,1584.700000,681.250000
1236,1584.950000,681.150000
1238,1585.000000,680.650000
1240,1584.550000,680.000000
1242,1585.250000,680.100000
1244,1585.150000,679.750000
1246,1585.150000,679.300000
1248,1585.350000,679.150000
1250,1585.100000,678.600000
1252,1584.950000,678.250000
1254,1585.250000,678.200000
1256,1585.650000,678.200000
1258,1586.050000,678.050000
1260,1586.550000,678.050000
1262,1587.150000,678.350000
1264,1587.000000,677.900000
1266,1586.950000,677.600000
1268,1586.850000,677.250000
1270,1587.700000,677.650000
1272,1587.450000,677.250000
1274,1587.650000,677.100000
1276,1587.900000,676.850000
1278,1588.200000,676.850000
1280,1588.400000,676.600000
1282,1588.700000,676.550000
1284,1588.450000,676.100000
1286,1588.900000,675.950000
1288,1589.050000,675.550000
1290,1589.350000,675.450000
1292,1589.500000,675.350000
1294,1590.050000,675.550000
1296,1590.400000,675.500000
1298,1590.900000,675.450000
1300,1591.600000,675.400000
1302,1591.600000,675.100000
1304,1591.850000,674.900000
1306,1592.200000,674.850000
1308,1592.450000,674.800000
1310,1592.500000,674.450000
1312,1592.600000,674.250000
1314,1592.700000,674.050000
1316,1593.100000,674.000000
1318,1593.150000,673.900000
1320,1593.250000,673.650000
1322,1593.850000,673.800000
1324,1594.000000,673.650000
1326,1594.250000,673.400000
1328,1594.100000,672.950000
1330,1594.250000,672.850000
1332,1594.350000,672.800000
1334,1595.000000,672.850000
1336,1595.400000,672.950000
1338,1595.600000,673.000000
1340,1595.650000,672.850000
1342,1595.900000,672.750000
1344,1596.100000,672.550000
1346,1595.800000,672.150000
1348,1595.850000,671.950000
1350,1595.850000,671.850000
1352,1595.900000,671.650000
1354,1596.250000,671.550000
1356,1596.700000,671.550000
1358,1596.700000,671.300000
1360,1596.950000,671.250000
1362,1597.150000,671.000000
1364,1597.450000,670.900000
1366,1597.750000,670.850000
1368,1597.850000,670.800000
1370,1598.100000,670.750000
1372,1598.100000,670.550000
1374,1598.200000,670.400000
1376,1598.050000,670.150000
1378,1598.200000,669.950000
1380,1598.000000,669.550000
1382,1598.250000,669.650000
1384,1598.750000,669.650000
1386,1598.750000,669.550000
1388,1598.750000,669.350000
1390,1599.000000,669.250000
1392,1599.050000,669.050000
1394,1599.400000,669.050000
1396,1599.250000,668.700000
1398,1599.100000,668.350000
1400,1599.050000,668.150000
1402,1599.200000,667.950000
1404,1599.600000,667.800000
1406,1599.600000,667.700000
1408,1600.050000,667.750000
1410,1600.250000,667.550000
1412,1600.200000,667.250000
1414,1600.450000,667.100000
1416,1600.650000,667.050000
1418,1600.450000,666.700000
1420,1600.700000,666.650000
1422,1600.650000,666.450000
1424,1600.650000,666.250000
1426,1600.750000,666.100000
1428,1600.950000,666.000000
1430,1601.200000,665.900000
1432,1601.500000,665.900000
1434,1601.700000,665.800000
1436,1601.550000,665.400000
1438,1601.750000,665.300000
1440,1601.800000,665.150000
1442,1602.100000,665.100000
1444,1602.500000,665.050000
1446,1602.950000,665.100000
1448,1602.950000,664.950000
1450,1602.700000,664.650000
1452,1603.200000,664.800000
1454,1603.350000,664.750000
1456,1603.550000,664.700000
1458,1603.600000,664.550000
1460,1603.900000,664.400000
1462,1604.000000,664.250000
1464,1604.100000,664.100000
1466,1604.100000,664.000000
1468,1604.000000,663.800000
1470,1604.050000,663.700000
1472,1604.100000,663.500000
1474,1604.100000,663.400000
1476,1604.150000,663.300000
1478,1604.400000,663.100000
1480,1604.750000,663.050000
1482,1605.050000,663.050000
1484,1605.400000,663.050000
1486,1605.450000,662.900000
1488,1605.650000,662.750000
1490,1605.800000,662.700000
1492,1605.850000,662.500000
1494,1606.000000,662.350000
1496,1606.050000,662.050000
1498,1606.100000,661.850000
1500,1606.000000,661.700000
1502,1606.250000,661.550000
1504,1606.400000,661.400000
1506,1606.300000,661.200000
1508,1606.450000,661.150000
1510,1606.500000,661.000000
1512,1606.600000,660.900000
1514,1606.850000,660.800000
1516,1607.000000,660.700000
1518,1607.300000,660.700000
1520,1607.150000,660.300000
1522,1607.250000,660.050000
1524,1607.300000,659.800000
1526,1607.350000,659.750000
1528,1607.550000,659.600000
1530,1607.800000,659.600000
1532,1608.000000,659.650000
1534,1607.950000,659.450000
1536,1608.000000,659.250000
1538,1608.000000,659.000000
1540,1608.050000,658.850000
1542,1608.050000,658.600000
1544,1608.000000,658.400000
1546,1608.050000,658.250000
1548,1608.100000,658.150000
1550,1608.400000,658.100000
1552,1608.400000,657.950000
1554,1608.400000,657.750000
1556,1608.350000,657.600000
1558,1608.650000,657.650000
1560,1608.650000,657.600000
1562,1608.750000,657.500000
1564,1608.950000,657.450000
1566,1609.050000,657.450000
1568,1609.200000,657.400000
1570,1609.350000,657.350000
1572,1609.200000,657.150000
1574,1609.250000,657.050000
1576,1609.400000,657.000000
1578,1609.450000,656.850000
1580,1609.600000,656.800000
1582,1609.650000,656.750000
1584,1609.450000,656.500000
1586,1609.250000,656.300000
1588,1609.500000,656.300000
1590,1609.700000,656.250000
1592,1609.800000,656.100000
1594,1609.950000,656.100000
1596,1609.850000,655.950000
1598,1610.050000,655.900000
1600,1610.100000,655.850000
1602,1610.400000,655.850000
1604,1610.550000,655.850000
1606,1610.800000,655.750000
1608,1610.700000,655.600000
1610,1610.850000,655.450000
1612,1610.950000,655.400000
1614,1611.000000,655.300000
1616,1611.000000,655.250000
1618,1611.200000,655.250000
1620,1611.250000,655.150000
1622,1611.500000,655.100000
1624,1611.500000,655.000000
1626,1611.400000,654.850000
1628,1611.450000,654.750000
1630,1611.650000,654.700000
1632,1611.500000,654.500000
1634,1611.600000,654.450000
1636,1611.900000,654.500000
1638,1611.700000,654.250000
1640,1611.750000,654.100000
1642,1611.700000,653.850000
1644,1611.600000,653.600000
1646,1611.800000,653.550000
1648,1611.700000,653.350000
1650,1611.900000,653.350000
1652,1611.900000,653.150000
1654,1612.100000,653.050000
1656,1612.350000,653.000000
1658,1612.400000,652.950000
1660,1612.850000,653.050000
1662,1612.800000,652.900000
1664,1613.300000,653.000000
1666,1613.300000,652.900000
1668,1613.200000,652.700000
1670,1613.200000,652.550000
1672,1613.250000,652.450000
1674,1613.200000,652.300000
1676,1613.350000,652.200000
1678,1613.400000,652.150000
1680,1613.200000,651.950000
1682,1613.300000,651.900000
1684,1613.450000,651.950000
1686,1613.550000,651.850000
1688,1613.650000,651.750000
1690,1613.800000,651.650000
1692,1613.800000,651.500000
1694,1613.850000,651.450000
1696,1613.950000,651.400000
1698,1614.100000,651.350000
1700,1614.250000,651.350000
1702,1614.150000,651.150000
1704,1614.550000,651.200000
1706,1614.600000,651.200000
1708,1614.800000,651.200000
1710,1614.750000,651.100000
1712,1614.800000,650.950000
1714,1614.950000,650.850000
1716,1615.000000,650.750000
1718,1615.050000,650.750000
1720,1615.100000,650.700000
1722,1615.400000,650.750000
1724,1615.500000,650.650000
1726,1615.500000,650.500000
1728,1615.600000,650.450000
1730,1615.550000,650.250000
1732,1615.700000,650.150000
1734,1615.650000,650.050000
1736,1615.600000,649.950000
1738,1615.800000,649.950000
1740,1615.650000,649.750000
1742,1615.700000,649.650000
1744,1615.750000,649.600000
1746,1615.750000,649.500000
1748,1615.800000,649.350000
1750,1615.900000,649.300000
1752,1616.050000,649.250000
1754,1615.950000,649.150000
1756,1615.850000,649.000000
1758,1615.750000,648.800000
1760,1615.850000,648.750000
1762,1616.050000,648.750000
1764,1616.000000,648.600000
1766,1615.950000,648.550000
1768,1616.100000,648.500000
1770,1616.050000,648.350000
1772,1616.150000,648.350000
1774,1616.150000,648.100000
1776,1616.200000,648.050000
1778,1616.300000,648.000000
1780,1616.300000,647.900000
1782,1616.350000,647.800000
1784,1616.600000,647.750000
1786,1616.750000,647.750000
1788,1616.850000,647.700000
1790,1616.950000,647.500000
1792,1616.900000,647.350000
1794,1617.150000,647.350000
1796,1617.250000,647.350000
1798,1617.300000,647.200000
1800,1617.400000,647.250000
1802,1617.500000,647.250000
1804,1617.400000,647.000000
1806,1617.600000,647.000000
1808,1617.750000,647.050000
1810,1617.900000,647.050000
1812,1617.950000,646.950000
1814,1618.150000,646.950000
1816,1618.150000,646.900000
1818,1618.100000,646.800000
1820,1618.200000,646.750000
1822,1618.350000,646.800000
1824,1618.600000,646.800000
1826,1618.700000,646.750000
1828,1618.700000,646.750000
1830,1618.900000,646.750000
1832,1618.900000,646.750000
1834,1618.900000,646.750000
1836,1619.100000,646.700000
1838,1619.100000,646.650000
1840,1619.200000,646.650000
1842,1619.200000,646.500000
1844,1619.200000,646.450000
1846,1619.300000,646.400000
1848,1619.300000,646.350000
1850,1619.150000,646.200000
1852,1618.950000,645.950000
1854,1619.100000,645.900000
1856,1619.200000,645.850000
1858,1619.250000,645.800000
1860,1619.150000,645.650000
1862,1619.250000,645.550000
1864,1619.200000,645.500000
1866,1619.150000,645.350000
1868,1619.300000,645.400000
1870,1619.250000,645.350000
1872,1619.450000,645.400000
1874,1619.500000,645.350000
1876,1619.550000,645.250000
1878,1619.400000,645.050000
1880,1619.450000,644.950000
1882,1619.500000,644.850000
1884,1619.550000,644.800000
1886,1619.600000,644.700000
1888,1619.500000,644.600000
1890,1619.450000,644.550000
1892,1619.400000,644.500000
1894,1619.300000,644.350000
1896,1619.500000,644.400000
1898,1619.400000,644.300000
1900,1619.600000,644.250000
1902,1619.650000,644.250000
1904,1619.650000,644.200000
1906,1619.600000,644.150000
1908,1619.550000,644.100000
1910,1619.650000,644.050000
1912,1619.700000,644.000000
1914,1619.750000,644.000000
1916,1619.950000,644.000000
1918,1619.850000,643.900000
1920,1619.850000,643.700000
1922,1620.050000,643.750000
1924,1620.100000,643.700000
1926,1620.050000,643.650000
1928,1619.950000,643.550000
1930,1619.850000,643.400000
1932,1619.900000,643.400000
1934,1619.950000,643.400000
1936,1619.700000,643.150000
1938,1619.650000,643.100000
1940,1619.550000,642.850000
1942,1619.500000,642.800000
1944,1619.400000,642.700000
1946,1619.350000,642.600000
1948,1619.350000,642.600000
1950,1619.300000,642.500000
1952,1619.250000,642.450000
1954,1619.350000,642.400000
1956,1619.350000,642.400000
1958,1619.400000,642.400000
1960,1619.350000,642.300000
1962,1619.400000,642.300000
1964,1619.450000,642.250000
1966,1619.450000,642.150000
1968,1619.500000,642.100000
1970,1619.700000,642.150000
1972,1619.900000,642.200000
1974,1620.100000,642.150000
1976,1620.150000,642.100000
1978,1620.200000,642.100000
1980,1620.100000,642.000000
1982,1620.300000,642.050000
1984,1620.300000,641.950000
1986,1620.200000,641.800000
1988,1620.200000,641.700000
1990,1620.100000,641.600000
1992,1620.050000,641.550000
1994,1620.100000,641.550000
1996,1620.150000,641.550000
1998,1620.100000,641.500000
2000,1620.150000,641.450000
2002,1620.250000,641.400000
2004,1620.100000,641.250000
2006,1620.100000,641.200000
2008,1620.050000,641.100000
2010,1620.250000,641.050000
2012,1620.250000,641.000000
2014,1620.150000,640.900000
2016,1619.950000,640.700000
2018,1620.000000,640.700000
2020,1620.100000,640.700000
2022,1620.200000,640.650000
2024,1620.300000,640.650000
2026,1620.250000,640.550000
2028,1620.200000,640.500000
2030,1620.250000,640.500000
2032,1620.250000,640.450000
2034,1620.500000,640.500000
2036,1620.500000,640.450000
2038,1620.650000,640.450000
2040,1620.750000,640.400000
2042,1620.600000,640.250000
2044,1620.700000,640.250000
2046,1620.700000,640.250000
2048,1620.800000,640.250000
2050,1620.800000,640.200000
2052,1620.850000,640.200000
2054,1621.050000,640.200000
2056,1620.950000,640.050000
2058,1620.950000,640.000000
2060,1621.000000,639.900000
2062,1620.900000,639.750000
2064,1620.950000,639.700000
2066,1620.900000,639.650000
2068,1620.950000,639.500000
2070,1621.100000,639.550000
2072,1621.150000,639.550000
2074,1621.200000,639.500000
2076,1621.300000,639.500000
2078,1621.350000,639.400000
2080,1621.350000,639.350000
2082,1621.350000,639.350000
2084,1621.350000,639.250000
2086,1621.350000,639.150000
2088,1621.250000,639.050000
2090,1621.300000,639.050000
2092,1621.350000,638.900000
2094,1621.500000,638.900000
2096,1621.550000,638.900000
2098,1621.600000,638.850000
2100,1621.650000,638.850000
2102,1621.850000,638.850000
2104,1621.900000,638.850000
2106,1621.900000,638.750000
2108,1622.000000,638.700000
2110,1622.050000,638.650000
2112,1621.950000,638.550000
2114,1621.900000,638.500000
2116,1621.900000,638.450000
2118,1621.900000,638.450000
2120,1622.000000,638.450000
2122,1621.900000,638.350000
2124,1621.900000,638.350000
2126,1621.950000,638.350000
2128,1621.950000,638.350000
2130,1622.000000,638.350000
2132,1622.050000,638.300000
2134,1622.150000,638.300000
2136,1622.250000,638.250000
2138,1622.250000,638.200000
2140,1622.250000,638.100000
2142,1622.350000,638.100000
2144,1622.450000,638.100000
2146,1622.450000,638.100000
2148,1622.550000,638.050000
2150,1622.600000,638.050000
2152,1622.450000,637.900000
2154,1622.450000,637.800000
2156,1622.350000,637.650000
2158,1622.400000,637.650000
2160,1622.500000,637.650000
2162,1622.500000,637.650000
2164,1622.550000,637.550000
2166,1622.600000,637.500000
2168,1622.500000,637.350000
2170,1622.500000,637.300000
2172,1622.550000,637.300000
2174,1622.500000,637.200000
2176,1622.700000,637.250000
2178,1622.850000,637.250000
2180,1622.850000,637.250000
2182,1623.050000,637.250000
2184,1623.050000,637.200000
2186,1623.100000,637.200000
2188,1623.200000,637.200000
2190,1623.250000,637.200000
2192,1623.200000,637.100000
2194,1623.300000,637.050000
2196,1623.350000,637.050000
2198,1623.250000,636.950000
2200,1623.150000,636.850000
2202,1623.200000,636.850000
2204,1623.150000,636.750000
2206,1623.250000,636.750000
2208,1623.200000,636.700000
2210,1623.200000,636.700000
2212,1623.200000,636.700000
2214,1623.150000,636.650000
2216,1623.150000,636.650000
2218,1623.150000,636.650000
2220,1623.250000,636.650000
2222,1623.200000,636.500000
2224,1623.250000,636.500000
2226,1623.300000,636.500000
2228,1623.450000,636.450000
2230,1623.550000,636.450000
2232,1623.650000,636.450000
2234,1623.750000,636.450000
2236,1623.700000,636.400000
2238,1623.650000,636.300000
2240,1623.600000,636.250000
2242,1623.600000,636.250000
2244,1623.650000,636.250000
2246,1623.550000,636.150000
2248,1623.500000,636.050000
2250,1623.500000,636.050000
2252,1623.500000,636.050000
2254,1623.600000,636.050000
2256,1623.500000,635.950000
2258,1623.550000,635.950000
2260,1623.600000,635.950000
2262,1623.700000,635.950000
2264,1623.650000,635.900000
2266,1623.600000,635.850000
2268,1623.450000,635.700000
2270,1623.400000,635.650000
2272,1623.350000,635.600000
2274,1623.450000,635.600000
2276,1623.500000,635.600000
2278,1623.600000,635.600000
2280,1623.700000,635.600000
2282,1623.650000,635.500000
2284,1623.600000,635.450000
2286,1623.700000,635.450000
2288,1623.750000,635.400000
2290,1623.700000,635.300000
2292,1623.650000,635.250000
2294,1623.650000,635.250000
2296,1623.650000,635.250000
2298,1623.650000,635.250000
2300,1623.750000,635.250000
2302,1623.750000,635.200000
2304,1623.850000,635.200000
2306,1623.900000,635.200000
2308,1623.900000,635.150000
2310,1623.950000,635.150000
2312,1624.000000,635.100000
2314,1624.050000,635.100000
2316,1624.000000,635.050000
2318,1624.000000,635.000000
2320,1623.950000,634.850000
2322,1623.950000,634.850000
2324,1624.000000,634.850000
2326,1624.000000,634.850000
2328,1624.050000,634.850000
2330,1624.050000,634.850000
2332,1624.000000,634.800000
2334,1624.000000,634.800000
2336,1624.050000,634.800000
2338,1624.050000,634.800000
2340,1624.050000,634.800000
2342,1624.100000,634.800000
2344,1624.150000,634.800000
2346,1624.150000,634.800000
2348,1624.150000,634.800000
2350,1624.100000,634.750000
2352,1624.000000,634.650000
2354,1624.000000,634.650000
2356,1623.950000,634.600000
2358,1623.900000,634.550000
2360,1623.950000,634.550000
2362,1623.850000,634.450000
2364,1623.900000,634.450000
2366,1623.850000,634.400000
2368,1623.850000,634.350000
2370,1623.850000,634.300000
2372,1623.850000,634.300000
2374,1623.900000,634.300000
2376,1623.950000,634.300000
2378,1624.000000,634.250000
2380,1623.950000,634.200000
2382,1623.950000,634.150000
2384,1623.900000,634.100000
2386,1623.900000,634.050000
2388,1623.900000,634.050000
2390,1623.850000,634.000000
2392,1623.850000,634.000000
2394,1623.800000,633.900000
2396,1623.750000,633.850000
2398,1623.800000,633.850000
2400,1623.900000,633.850000
2402,1624.000000,633.850000
2404,1624.000000,633.800000
2406,1623.950000,633.750000
2408,1623.950000,633.750000
2410,1624.050000,633.750000
2412,1624.050000,633.700000
2414,1624.100000,633.700000
2416,1624.100000,633.650000
2418,1624.100000,633.650000
2420,1624.100000,633.650000
2422,1624.100000,633.600000
2424,1624.100000,633.550000
2426,1624.000000,633.450000
2428,1623.950000,633.400000
2430,1624.000000,633.400000
2432,1624.050000,633.350000
2434,1624.050000,633.300000
2436,1623.950000,633.200000
2438,1624.000000,633.200000
2440,1623.950000,633.150000
2442,1623.950000,633.100000
2444,1623.950000,633.100000
2446,1623.850000,633.000000
2448,1623.850000,632.900000
2450,1623.900000,632.850000
2452,1623.850000,632.800000
2454,1623.850000,632.750000
2456,1623.900000,632.750000
2458,1623.850000,632.700000
2460,1623.850000,632.700000
2462,1623.850000,632.650000
2464,1623.850000,632.650000
2466,1623.850000,632.650000
2468,1623.750000,632.550000
2470,1623.700000,632.500000
2472,1623.650000,632.450000
2474,1623.700000,632.450000
2476,1623.850000,632.450000
2478,1623.850000,632.450000
2480,1623.950000,632.450000
2482,1623.900000,632.400000
2484,1623.800000,632.300000
2486,1623.800000,632.300000
2488,1623.800000,632.250000
2490,1623.850000,632.250000
2492,1623.850000,632.250000
2494,1623.950000,632.250000
2496,1623.950000,632.250000
2498,1624.050000,632.250000
2500,1624.050000,632.250000
2502,1624.100000,632.250000
2504,1624.050000,632.200000
2506,1624.000000,632.150000
2508,1624.000000,632.150000
2510,1623.900000,632.050000
2512,1623.900000,632.050000
2514,1623.850000,632.000000
2516,1623.850000,632.000000
2518,1623.900000,632.000000
2520,1623.950000,632.000000
2522,1623.950000,632.000000
2524,1623.950000,632.000000
2526,1624.000000,632.000000
2528,1624.000000,632.000000
2530,1623.950000,631.950000
2532,1623.950000,631.950000
2534,1623.950000,631.900000
2536,1623.950000,631.900000
2538,1623.950000,631.900000
2540,1623.950000,631.900000
2542,1624.000000,631.850000
2544,1623.850000,631.650000
2546,1623.850000,631.600000
2548,1623.850000,631.600000
2550,1623.850000,631.600000
2552,1623.850000,631.600000
2554,1623.800000,631.550000
2556,1623.800000,631.500000
2558,1623.900000,631.450000
2560,1623.900000,631.450000
2562,1623.900000,631.400000
2564,1623.900000,631.400000
2566,1623.900000,631.350000
2568,1623.900000,631.350000
2570,1623.850000,631.250000
2572,1623.900000,631.250000
2574,1623.900000,631.200000
2576,1623.900000,631.200000
2578,1624.000000,631.200000
2580,1624.000000,631.200000
2582,1624.050000,631.200000
2584,1624.050000,631.200000
2586,1624.050000,631.200000
2588,1624.050000,631.200000
2590,1624.050000,631.200000
2592,1624.050000,631.200000
2594,1624.050000,631.200000
2596,1624.050000,631.200000
2598,1624.050000,631.200000
2600,1624.100000,631.200000
2602,1624.100000,631.200000
2604,1624.050000,631.150000
2606,1624.050000,631.100000
2608,1623.950000,631.000000
2610,1623.950000,631.000000
2612,1624.050000,631.000000
2614,1624.050000,631.000000
2616,1624.050000,631.000000
2618,1624.050000,631.000000
2620,1624.100000,631.000000
2622,1624.100000,631.000000
2624,1624.150000,631.000000
2626,1624.150000,631.000000
2628,1624.150000,630.950000
2630,1624.200000,630.950000
2632,1624.150000,630.900000
2634,1624.100000,630.850000
2636,1624.100000,630.850000
2638,1624.050000,630.800000
2640,1624.150000,630.800000
2642,1624.150000,630.800000
2644,1624.200000,630.800000
2646,1624.200000,630.750000
2648,1624.200000,630.700000
2650,1624.200000,630.700000
2652,1624.150000,630.650000
2654,1624.100000,630.600000
2656,1624.150000,630.600000
2658,1624.150000,630.600000
2660,1624.150000,630.600000
2662,1624.150000,630.600000
2664,1624.100000,630.550000
2666,1624.100000,630.550000
2668,1624.050000,630.500000
2670,1624.100000,630.500000
2672,1624.250000,630.550000
2674,1624.200000,630.500000
2676,1624.250000,630.450000
2678,1624.250000,630.450000
2680,1624.200000,630.400000
2682,1624.200000,630.400000
2684,1624.200000,630.400000
2686,1624.200000,630.400000
2688,1624.200000,630.400000
2690,1624.250000,630.400000
2692,1624.200000,630.300000
2694,1624.200000,630.250000
2696,1624.150000,630.200000
2698,1624.200000,630.200000
2700,1624.200000,630.200000
2702,1624.200000,630.200000
2704,1624.250000,630.200000
2706,1624.300000,630.200000
2708,1624.350000,630.200000
2710,1624.400000,630.200000
2712,1624.400000,630.200000
2714,1624.400000,630.200000
2716,1624.500000,630.200000
2718,1624.500000,630.200000
2720,1624.500000,630.200000
2722,1624.500000,630.200000
2724,1624.550000,630.200000
2726,1624.600000,630.200000
2728,1624.550000,630.150000
2730,1624.500000,630.100000
2732,1624.500000,630.100000
2734,1624.500000,630.100000
2736,1624.550000,630.100000
2738,1624.550000,630.100000
2740,1624.550000,630.100000
2742,1624.650000,630.100000
2744,1624.700000,630.100000
2746,1624.650000,630.050000
2748,1624.700000,630.050000
2750,1624.650000,630.000000
2752,1624.650000,630.000000
2754,1624.650000,630.000000
2756,1624.650000,629.950000
2758,1624.700000,629.950000
2760,1624.700000,629.950000
2762,1624.700000,629.950000
2764,1624.700000,629.950000
2766,1624.750000,629.950000
2768,1624.750000,629.950000
2770,1624.750000,629.950000
2772,1624.750000,629.950000
2774,1624.750000,629.950000
2776,1624.650000,629.850000
2778,1624.650000,629.850000
2780,1624.600000,629.800000
2782,1624.600000,629.800000
2784,1623.684211,629.052632
2786,1623.684211,629.052632
2788,1623.684211,629.052632
2790,1623.578947,628.947368
2792,1623.578947,628.947368
2794,1623.578947,628.947368
2796,1623.631579,628.947368
2798,1623.631579,628.947368
2800,1623.631579,628.947368
2802,1623.631579,628.947368
2804,1623.631579,628.947368
2806,1623.684211,628.947368
2808,1623.684211,628.947368
2810,1623.736842,628.947368
2812,1623.684211,628.894737
2814,1623.684211,628.894737
2816,1623.684211,628.894737
2818,1623.684211,628.894737
2820,1623.684211,628.894737
2822,1623.736842,628.894737
2824,1623.789474,628.894737
2826,1623.789474,628.894737
2828,1623.789474,628.894737
2830,1623.789474,628.894737
2832,1623.789474,628.894737
2834,1623.842105,628.894737
2836,1623.842105,628.894737
2838,1623.842105,628.894737
2840,1623.894737,628.894737
2842,1623.894737,628.842105
2844,1623.842105,628.789474
2846,1623.842105,628.789474
2848,1623.842105,628.789474
2850,1623.789474,628.736842
2852,1623.789474,628.736842
2854,1623.736842,628.684211
2856,1623.736842,628.684211
2858,1623.684211,628.631579
2860,1623.789474,628.631579
2862,1623.842105,628.631579
2864,1623.894737,628.631579
2866,1623.894737,628.631579
2868,1623.894737,628.631579
2870,1623.842105,628.578947
2872,1623.842105,628.578947
2874,1623.789474,628.473684
2876,1623.842105,628.473684
2878,1623.842105,628.473684
2880,1623.842105,628.473684
2882,1623.736842,628.368421
2884,1623.736842,628.368421
2886,1623.736842,628.368421
2888,1623.736842,628.368421
2890,1623.736842,628.368421
2892,1623.736842,628.368421
2894,1623.736842,628.368421
2896,1623.736842,628.368421
2898,1623.736842,628.368421
2900,1623.736842,628.368421
2902,1623.684211,628.263158
2904,1623.684211,628.263158
2906,1623.684211,628.263158
2908,1623.684211,628.263158
2910,1623.684211,628.263158
2912,1623.736842,628.263158
2914,1623.789474,628.263158
2916,1623.736842,628.210526
2918,1623.736842,628.210526
2920,1623.736842,628.210526
2922,1623.789474,628.210526
2924,1623.789474,628.210526
2926,1623.789474,628.210526
2928,1623.842105,628.210526
2930,1623.894737,628.210526
2932,1623.947368,628.210526
2934,1623.947368,628.210526
2936,1624.000000,628.210526
2938,1624.052632,628.210526
2940,1624.000000,628.157895
2942,1624.000000,628.157895
2944,1624.052632,628.157895
2946,1624.052632,628.157895
2948,1624.105263,628.157895
2950,1624.105263,628.157895
2952,1624.105263,628.157895
2954,1624.052632,628.105263
2956,1624.052632,628.105263
2958,1624.000000,628.052632
2960,1624.000000,628.052632
2962,1624.000000,628.052632
2964,1624.000000,628.052632
2966,1624.000000,628.052632
2968,1624.052632,628.052632
2970,1624.052632,628.052632
2972,1624.052632,628.052632
2974,1624.052632,628.052632
2976,1624.000000,628.000000
2978,1624.052632,628.000000
2980,1624.052632,628.000000
2982,1624.052632,628.000000
2984,1624.052632,628.000000
2986,1624.105263,628.000000
2988,1624.105263,628.000000
2990,1624.157895,628.000000
2992,1624.210526,628.000000
2994,1624.210526,628.000000
2996,1624.263158,628.000000
2998,1624.263158,628.000000
3000,1624.315789,628.000000
3002,1624.315789,628.000000
3004,1624.315789,628.000000
3006,1624.315789,628.000000
3008,1624.315789,628.000000
3010,1624.368421,628.000000
3012,1624.368421,628.000000
3014,1624.368421,628.000000
3016,1624.368421,628.000000
3018,1624.368421,628.000000
3020,1624.368421,628.000000
3022,1624.368421,628.000000
3024,1623.666667,627.388889
3026,1623.666667,627.388889
3028,1623.666667,627.388889
3030,1623.666667,627.388889
3032,1623.666667,627.388889
3034,1623.722222,627.388889
3036,1623.722222,627.388889
3038,1623.666667,627.333333
3040,1623.666667,627.333333
3042,1623.666667,627.333333
3044,1623.611111,627.277778
3046,1623.555556,627.222222
3048,1623.555556,627.222222
3050,1623.555556,627.222222
3052,1623.555556,627.222222
3054,1623.611111,627.222222
3056,1623.611111,627.222222
3058,1623.611111,627.222222
3060,1623.611111,627.222222
3062,1623.611111,627.222222
3064,1623.611111,627.222222
3066,1623.611111,627.222222
3068,1623.611111,627.222222
3070,1623.611111,627.222222
3072,1623.611111,627.222222
3074,1623.611111,627.222222
3076,1623.611111,627.222222
3078,1623.611111,627.222222
3080,1623.611111,627.222222
3082,1623.611111,627.222222
3084,1623.611111,627.222222
3086,1623.611111,627.222222
3088,1623.611111,627.222222
3090,1623.611111,627.222222
3092,1623.555556,627.166667
3094,1623.555556,627.166667
3096,1623.666667,627.166667
3098,1623.666667,627.166667
3100,1623.666667,627.166667
3102,1623.666667,627.166667
3104,1623.611111,627.111111
3106,1623.611111,627.111111
3108,1623.666667,627.111111
3110,1623.666667,627.111111
3112,1623.666667,627.111111
3114,1623.666667,627.111111
3116,1623.666667,627.111111
3118,1623.611111,627.055556
3120,1623.611111,627.055556
3122,1623.555556,627.000000
3124,1623.611111,627.000000
3126,1623.611111,627.000000
3128,1623.611111,627.000000
3130,1623.611111,627.000000
3132,1623.666667,627.000000
3134,1623.666667,627.000000
3136,1623.666667,627.000000
3138,1623.777778,627.000000
3140,1623.722222,626.944444
3142,1623.777778,626.944444
3144,1623.777778,626.944444
3146,1623.777778,626.944444
3148,1623.777778,626.944444
3150,1623.833333,626.944444
3152,1623.411765,626.647059
3154,1623.352941,626.588235
3156,1623.352941,626.588235
3158,1623.352941,626.529412
3160,1623.352941,626.529412
3162,1623.352941,626.529412
3164,1623.294118,626.470588
3166,1623.294118,626.470588
3168,1623.294118,626.470588
3170,1623.294118,626.470588
3172,1623.294118,626.470588
3174,1623.294118,626.470588
3176,1623.235294,626.411765
3178,1623.235294,626.411765
3180,1623.235294,626.411765
3182,1623.235294,626.411765
3184,1623.235294,626.411765
3186,1623.235294,626.411765
3188,1623.294118,626.411765
3190,1623.294118,626.411765
3192,1623.352941,626.411765
3194,1623.352941,626.411765
3196,1623.352941,626.411765
3198,1623.352941,626.411765
3200,1623.352941,626.411765
3202,1623.352941,626.411765
3204,1623.352941,626.411765
3206,1623.352941,626.411765
3208,1623.352941,626.411765
3210,1623.352941,626.411765
3212,1623.352941,626.411765
3214,1623.125000,626.187500
3216,1623.125000,626.187500
3218,1623.125000,626.187500
3220,1623.125000,626.187500
3222,1623.125000,626.187500
3224,1623.125000,626.187500
3226,1623.125000,626.187500
3228,1623.125000,626.187500
3230,1623.125000,626.187500
3232,1623.125000,626.187500
3234,1623.187500,626.187500
3236,1621.066667,624.200000
3238,1621.066667,624.200000
3240,1621.066667,624.200000
3242,1621.066667,624.200000
3244,1621.133333,624.200000
3246,1621.133333,624.200000
3248,1621.133333,624.200000
3250,1621.133333,624.200000
3252,1621.133333,624.200000
3254,1621.133333,624.200000
3256,1621.133333,624.200000
3258,1621.133333,624.200000
3260,1621.200000,624.200000
3262,1621.200000,624.200000
3264,1621.200000,624.200000
3266,1621.133333,624.133333
3268,1619.923077,623.076923
3270,1619.923077,623.076923
3272,1619.923077,623.076923
3274,1619.923077,623.076923
3276,1619.923077,623.076923
3278,1619.923077,623.076923
3280,1619.923077,623.076923
3282,1620.000000,623.076923
3284,1620.000000,623.076923
3286,1619.923077,623.000000
3288,1619.923077,623.000000
3290,1619.923077,623.000000
3292,1619.923077,623.000000
3294,1619.923077,623.000000
3296,1619.923077,623.000000
3298,1619.923077,623.000000
3300,1620.000000,623.000000
3302,1620.000000,623.000000
3304,1620.000000,623.000000
3306,1620.000000,623.000000
3308,1620.000000,623.000000
3310,1620.000000,623.000000
3312,1620.000000,623.000000
3314,1620.000000,623.000000
3316,1620.000000,623.000000
3318,1620.000000,623.000000
3320,1620.000000,623.000000
3322,1620.000000,623.000000
3324,1620.000000,623.000000
3326,1620.000000,623.000000
3328,1620.000000,623.000000
3330,1620.000000,623.000000
3332,1620.000000,623.000000
3334,1620.000000,623.000000
3336,1620.000000,623.000000
3338,1620.000000,623.000000
3340,1620.000000,623.000000
3342,1620.000000,623.000000
3344,1620.000000,623.000000
3346,1620.000000,623.000000
3348,1620.000000,623.000000
3350,1620.076923,623.000000
3352,1620.076923,623.000000
3354,1620.153846,623.000000
3356,1620.153846,623.000000
3358,1620.153846,623.000000
3360,1620.153846,623.000000
3362,1620.153846,623.000000
3364,1620.076923,622.923077
3366,1620.076923,622.923077
3368,1620.153846,622.923077
3370,1620.153846,622.923077
3372,1620.153846,622.923077
3374,1620.153846,622.923077
3376,1620.153846,622.923077
3378,1620.153846,622.923077
3380,1620.230769,622.923077
3382,1620.230769,622.923077
3384,1620.230769,622.923077
3386,1620.230769,622.923077
3388,1620.230769,622.923077
3390,1620.230769,622.923077
3392,1620.230769,622.923077
3394,1620.230769,622.923077
3396,1620.230769,622.923077
3398,1620.230769,622.923077
3400,1620.307692,622.923077
3402,1620.307692,622.923077
3404,1620.307692,622.923077
3406,1620.307692,622.923077
3408,1620.307692,622.923077
3410,1620.307692,622.923077
3412,1620.307692,622.923077
3414,1620.307692,622.923077
3416,1620.307692,622.923077
3418,1620.307692,622.923077
3420,1620.307692,622.923077
3422,1620.307692,622.923077
3424,1620.307692,622.923077
3426,1620.307692,622.923077
3428,1620.307692,622.923077
3430,1620.307692,622.923077
3432,1622.333333,625.000000
3434,1622.333333,625.000000
3436,1622.333333,625.000000
3438,1622.333333,625.000000
3440,1622.333333,625.000000
3442,1622.333333,625.000000
3444,1622.250000,624.916667
3446,1622.250000,624.916667
3448,1622.250000,624.916667
3450,1622.250000,624.916667
3452,1622.250000,624.916667
3454,1622.250000,624.916667
3456,1622.166667,624.833333
3458,1622.166667,624.833333
3460,1622.166667,624.833333
3462,1622.166667,624.833333
3464,1622.166667,624.833333
3466,1622.166667,624.833333
3468,1622.166667,624.833333
3470,1622.166667,624.833333
3472,1622.166667,624.833333
3474,1622.083333,624.750000
3476,1622.083333,624.750000
3478,1622.250000,624.750000
3480,1622.250000,624.750000
3482,1622.250000,624.750000
3484,1622.250000,624.750000
3486,1622.250000,624.750000
3488,1622.250000,624.750000
3490,1622.250000,624.750000
3492,1622.250000,624.750000
3494,1622.250000,624.750000
3496,1622.250000,624.750000
3498,1622.250000,624.750000
3500,1622.250000,624.750000
3502,1622.250000,624.750000
3504,1622.250000,624.750000
3506,1622.250000,624.750000
3508,1622.250000,624.750000
3510,1622.166667,624.666667
3512,1622.166667,624.666667
3514,1622.166667,624.666667
3516,1622.166667,624.666667
3518,1622.166667,624.666667
3520,1622.166667,624.666667
3522,1622.166667,624.666667
3524,1622.166667,624.666667
3526,1622.166667,624.666667
3528,1622.166667,624.666667
3530,1622.166667,624.666667
3532,1622.166667,624.666667
3534,1622.166667,624.666667
3536,1622.166667,624.666667
3538,1622.166667,624.666667
3540,1622.166667,624.666667
3542,1622.166667,624.666667
3544,1622.166667,624.666667
3546,1622.166667,624.666667
3548,1622.166667,624.666667
3550,1622.166667,624.666667
3552,1622.166667,624.666667
3554,1622.166667,624.666667
3556,1622.166667,624.666667
3558,1622.166667,624.666667
3560,1622.166667,624.666667
3562,1622.166667,624.666667
3564,1622.166667,624.666667
3566,1622.166667,624.666667
3568,1622.166667,624.666667
3570,1622.166667,624.666667
3572,1622.250000,624.666667
3574,1622.250000,624.666667
3576,1622.250000,624.666667
3578,1622.250000,624.666667
3580,1622.250000,624.666667
3582,1622.250000,624.666667
3584,1622.250000,624.666667
3586,1622.250000,624.666667
3588,1622.250000,624.666667
3590,1622.250000,624.666667
3592,1622.250000,624.666667
3594,1622.250000,624.666667
3596,1622.250000,624.666667
3598,1622.250000,624.666667
3600,1622.416667,624.666667
3602,1622.416667,624.666667
3604,1622.500000,624.666667
3606,1623.000000,625.272727
3608,1623.000000,625.272727
3610,1623.000000,625.272727
3612,1623.000000,625.272727
3614,1623.000000,625.272727
3616,1623.000000,625.272727
3618,1623.000000,625.272727
3620,1623.000000,625.272727
3622,1623.000000,625.272727
3624,1623.000000,625.272727
3626,1623.000000,625.272727
3628,1623.000000,625.272727
3630,1623.000000,625.272727
3632,1623.000000,625.272727
3634,1623.000000,625.272727
3636,1623.000000,625.272727
3638,1623.000000,625.272727
3640,1623.000000,625.272727
3642,1623.000000,625.272727
3644,1623.000000,625.272727
3646,1623.000000,625.272727
3648,1623.000000,625.272727
3650,1623.000000,625.272727
3652,1623.000000,625.272727
3654,1623.000000,625.272727
3656,1623.000000,625.272727
3658,1623.000000,625.272727
3660,1623.000000,625.272727
3662,1623.000000,625.272727
3664,1623.090909,625.272727
3666,1624.700000,627.000000
3668,1624.700000,627.000000
3670,1624.700000,627.000000
3672,1624.700000,627.000000
3674,1624.700000,627.000000
3676,1624.800000,627.000000
3678,1622.777778,625.111111
3680,1622.777778,625.111111
3682,1622.777778,625.111111
3684,1622.777778,625.111111
3686,1622.777778,625.111111
3688,1622.777778,625.111111
3690,1622.777778,625.111111
3692,1622.777778,625.111111
3694,1622.777778,625.111111
3696,1622.777778,625.111111
3698,1622.777778,625.111111
3700,1622.777778,625.111111
3702,1622.666667,625.000000
3704,1622.666667,625.000000
3706,1622.666667,625.000000
3708,1622.666667,625.000000
3710,1622.666667,625.000000
3712,1622.666667,625.000000
3714,1622.666667,625.000000
3716,1622.666667,625.000000
3718,1622.666667,625.000000
3720,1622.666667,625.000000
3722,1622.666667,625.000000
3724,1622.666667,625.000000
3726,1622.666667,625.000000
3728,1622.666667,625.000000
3730,1622.666667,625.000000
3732,1622.666667,625.000000
3734,1622.666667,625.000000
3736,1622.666667,625.000000
3738,1622.666667,625.000000
3740,1622.666667,625.000000
3742,1622.666667,625.000000
3744,1622.666667,625.000000
3746,1622.666667,625.000000
3748,1622.666667,625.000000
3750,1622.666667,625.000000
3752,1622.666667,625.000000
3754,1622.666667,625.000000
3756,1622.666667,625.000000
3758,1622.666667,625.000000
3760,1622.666667,625.000000
3762,1622.666667,625.000000
3764,1622.666667,625.000000
3766,1622.777778,625.000000
3768,1622.777778,625.000000
3770,1622.777778,625.000000
3772,1622.777778,625.000000
3774,1622.777778,625.000000
3776,1622.777778,625.000000
3778,1622.777778,625.000000
3780,1622.777778,625.000000
3782,1622.777778,625.000000
3784,1622.777778,625.000000
3786,1622.777778,625.000000
3788,1622.777778,625.000000
3790,1622.777778,625.000000
3792,1622.777778,625.000000
3794,1623.000000,625.111111
3796,1623.000000,625.111111
3798,1623.000000,625.111111
3800,1623.000000,625.111111
3802,1623.000000,625.111111
3804,1623.000000,625.111111
3806,1623.000000,625.111111
3808,1623.000000,625.111111
3810,1623.000000,625.111111
3812,1623.000000,625.111111
3814,1623.000000,625.111111
3816,1623.000000,625.111111
3818,1623.000000,625.111111
3820,1623.000000,625.111111
3822,1623.000000,625.111111
3824,1623.000000,625.111111
3826,1623.111111,625.111111
3828,1621.250000,623.375000
3830,1621.250000,623.375000
3832,1621.250000,623.375000
3834,1621.250000,623.375000
3836,1621.250000,623.375000
3838,1621.250000,623.375000
3840,1621.250000,623.375000
3842,1621.250000,623.375000
3844,1621.250000,623.375000
3846,1621.250000,623.375000
3848,1621.250000,623.375000
3850,1621.250000,623.375000
3852,1621.250000,623.375000
3854,1621.250000,623.375000
3856,1621.375000,623.375000
3858,1621.375000,623.375000
3860,1621.375000,623.375000
3862,1621.375000,623.375000
3864,1621.375000,623.375000
3866,1621.375000,623.375000
3868,1621.375000,623.375000
3870,1621.375000,623.375000
3872,1621.375000,623.375000
3874,1621.375000,623.375000
3876,1621.375000,623.375000
3878,1621.375000,623.375000
3880,1621.375000,623.375000
3882,1621.375000,623.375000
3884,1621.375000,623.375000
3886,1621.375000,623.375000
3888,1621.375000,623.375000
3890,1621.375000,623.375000
3892,1621.375000,623.375000
3894,1621.375000,623.375000
3896,1621.375000,623.375000
3898,1621.375000,623.375000
3900,1621.375000,623.375000
3902,1621.375000,623.375000
3904,1621.375000,623.375000
3906,1621.375000,623.375000
3908,1621.375000,623.375000
3910,1621.375000,623.375000
3912,1621.375000,623.375000
3914,1621.375000,623.375000
3916,1621.375000,623.375000
3918,1621.375000,623.375000
3920,1621.375000,623.375000
3922,1621.375000,623.375000
3924,1621.500000,623.375000
3926,1627.333333,629.333333
3928,1627.333333,629.333333
3930,1627.333333,629.333333
3932,1627.333333,629.333333
3934,1627.333333,629.333333
3936,1627.333333,629.333333
3938,1627.333333,629.333333
3940,1627.333333,629.333333
3942,1627.333333,629.333333
3944,1627.333333,629.333333
3946,1627.333333,629.333333
3948,1627.333333,629.333333
3950,1627.333333,629.333333
3952,1627.333333,629.333333
3954,1627.333333,629.333333
3956,1627.333333,629.333333
3958,1627.333333,629.333333
3960,1627.333333,629.333333
3962,1627.333333,629.333333
3964,1627.333333,629.333333
3966,1627.166667,629.166667
3968,1627.166667,629.166667
3970,1627.166667,629.166667
3972,1627.166667,629.166667
3974,1627.166667,629.166667
3976,1627.166667,629.166667
3978,1627.166667,629.166667
3980,1627.166667,629.166667
3982,1627.166667,629.166667
3984,1627.166667,629.166667
3986,1627.166667,629.166667
3988,1627.166667,629.166667
3990,1627.166667,629.166667
3992,1627.200000,629.200000
3994,1627.200000,629.200000
3996,1627.200000,629.200000
3998,1627.200000,629.200000
4000,1627.200000,629.200000
4002,1627.200000,629.200000
4004,1627.200000,629.200000
4006,1627.200000,629.200000
4008,1627.200000,629.200000
4010,1627.200000,629.200000
4012,1627.200000,629.200000
4014,1627.200000,629.200000
4016,1627.200000,629.200000
4018,1627.200000,629.200000
4020,1627.200000,629.200000
4022,1627.200000,629.200000
4024,1627.200000,629.200000
4026,1627.200000,629.200000
4028,1627.200000,629.200000
4030,1627.200000,629.200000
4032,1627.200000,629.200000
4034,1627.200000,629.200000
4036,1627.200000,629.200000
4038,1627.200000,629.200000
4040,1627.200000,629.200000
4042,1627.200000,629.200000
4044,1627.200000,629.200000
4046,1627.200000,629.200000
4048,1627.200000,629.200000
4050,1627.200000,629.200000
4052,1627.200000,629.200000
4054,1627.200000,629.200000
4056,1627.200000,629.200000
4058,1627.200000,629.200000
4060,1627.200000,629.200000
4062,1627.200000,629.200000
4064,1627.200000,629.200000
4066,1627.200000,629.200000
4068,1627.200000,629.200000
4070,1627.200000,629.200000
4072,1627.200000,629.200000
4074,1627.200000,629.200000
4076,1627.200000,629.200000
4078,1627.200000,629.200000
4080,1627.200000,629.200000
4082,1627.200000,629.200000
4084,1627.200000,629.200000
4086,1627.200000,629.200000
4088,1627.200000,629.200000
4090,1627.200000,629.200000
4092,1627.200000,629.200000
4094,1627.200000,629.200000
4096,1627.200000,629.200000
4098,1627.200000,629.200000
4100,1627.200000,629.200000
4102,1627.200000,629.200000
4104,1627.200000,629.200000
4106,1627.200000,629.200000
4108,1627.200000,629.200000
4110,1627.200000,629.200000
4112,1627.200000,629.200000
4114,1627.200000,629.200000
4116,1627.200000,629.200000
4118,1627.200000,629.200000
4120,1627.200000,629.200000
4122,1627.200000,629.200000
4124,1627.200000,629.200000
4126,1627.200000,629.200000
4128,1627.200000,629.200000
4130,1627.200000,629.200000
4132,1627.200000,629.200000
4134,1627.200000,629.200000
4136,1627.200000,629.200000
4138,1627.200000,629.200000
4140,1627.200000,629.200000
4142,1627.200000,629.200000
4144,1627.200000,629.200000
4146,1627.200000,629.200000
4148,1627.200000,629.200000
4150,1627.200000,629.200000
4152,1627.200000,629.200000
4154,1627.200000,629.200000
4156,1627.200000,629.200000
4158,1627.200000,629.200000
4160,1627.200000,629.200000
4162,1627.200000,629.200000
4164,1627.200000,629.200000
4166,1627.200000,629.200000
4168,1627.200000,629.200000
4170,1627.200000,629.200000
4172,1627.200000,629.200000
4174,1627.200000,629.200000
4176,1627.200000,629.200000
4178,1627.000000,629.000000
4180,1627.000000,629.000000
4182,1627.000000,629.000000
4184,1627.000000,629.000000
4186,1627.000000,629.000000
4188,1627.000000,629.000000
4190,1627.000000,629.000000
4192,1627.000000,629.000000
4194,1627.000000,629.000000
4196,1627.000000,629.000000
4198,1627.200000,629.000000
